"pm1_0","pm2_5","pm10","temp","humid","ps","createdAt","localtime"
33,47,65,23.65,71.16,986.52,1638705436801,"2021-12-05T17:27:16+05:30"
42,55,72,23.5,70.08,986.53,1638705457315,"2021-12-05T17:27:37+05:30"
41,50,60,23.33,70.24,986.56,1638705484993,"2021-12-05T17:28:04+05:30"
40,49,60,23.17,70.91,986.58,1638705535739,"2021-12-05T17:28:55+05:30"
38,48,58,23.04,71.7,986.59,1638705556297,"2021-12-05T17:29:16+05:30"
39,48,59,22.92,72.28,986.6,1638705577742,"2021-12-05T17:29:37+05:30"
41,50,61,22.81,72.81,986.6,1638705606967,"2021-12-05T17:30:06+05:30"
41,50,60,22.71,73.45,986.61,1638705657827,"2021-12-05T17:30:57+05:30"
41,50,60,22.63,73.98,986.61,1638705678567,"2021-12-05T17:31:18+05:30"
40,50,61,22.57,74.4,986.62,1638705699234,"2021-12-05T17:31:39+05:30"
40,49,61,22.75,76.12,986.62,1638705729414,"2021-12-05T17:32:09+05:30"
41,51,64,22.9,76.02,986.62,1638705759632,"2021-12-05T17:32:39+05:30"
43,57,76,23.01,75.1,986.61,1638705789677,"2021-12-05T17:33:09+05:30"
42,51,62,23.1,75.01,986.61,1638705820119,"2021-12-05T17:33:40+05:30"
41,52,65,23.15,74.53,986.61,1638705870960,"2021-12-05T17:34:30+05:30"
43,52,64,23.19,74.19,986.61,1638705891475,"2021-12-05T17:34:51+05:30"
42,52,64,23.21,73.54,986.61,1638705912133,"2021-12-05T17:35:12+05:30"
41,55,70,23.22,73.48,986.62,1638705942629,"2021-12-05T17:35:42+05:30"
40,50,61,23.16,73.22,986.61,1638705993378,"2021-12-05T17:36:33+05:30"
41,50,60,23.13,73.29,986.61,1638706015688,"2021-12-05T17:36:55+05:30"
41,50,62,23.23,73.68,986.63,1638706034808,"2021-12-05T17:37:14+05:30"
43,51,63,23.19,72.53,986.62,1638706065315,"2021-12-05T17:37:45+05:30"
46,56,67,23.04,69.74,986.63,1638706095436,"2021-12-05T17:38:15+05:30"
47,57,68,22.92,67.79,986.6,1638706126287,"2021-12-05T17:38:46+05:30"
47,56,68,22.85,67.44,986.61,1638706156499,"2021-12-05T17:39:16+05:30"
42,51,63,22.88,69.7,986.62,1638706187087,"2021-12-05T17:39:47+05:30"
43,52,65,22.87,70.74,986.63,1638706217258,"2021-12-05T17:40:17+05:30"
46,55,67,22.76,69.09,986.63,1638706248534,"2021-12-05T17:40:48+05:30"
46,56,67,22.7,68.77,986.62,1638706278146,"2021-12-05T17:41:18+05:30"
46,54,67,22.65,69.92,986.62,1638706308520,"2021-12-05T17:41:48+05:30"
45,54,66,22.59,70.87,986.62,1638706338991,"2021-12-05T17:42:18+05:30"
46,54,66,22.52,71.07,986.61,1638706369163,"2021-12-05T17:42:49+05:30"
46,56,67,22.49,70.69,986.62,1638706399593,"2021-12-05T17:43:19+05:30"
45,56,67,22.45,70.64,986.63,1638706450225,"2021-12-05T17:44:10+05:30"
46,54,66,22.42,70.56,986.64,1638706470974,"2021-12-05T17:44:30+05:30"
46,52,65,22.41,70.77,986.65,1638706491653,"2021-12-05T17:44:51+05:30"
44,51,63,22.39,70.84,986.65,1638706542454,"2021-12-05T17:45:42+05:30"
44,51,64,22.38,70.69,986.64,1638706563002,"2021-12-05T17:46:03+05:30"
44,53,65,22.37,70.56,986.64,1638706583544,"2021-12-05T17:46:23+05:30"
45,53,66,22.36,70.64,986.65,1638706613765,"2021-12-05T17:46:53+05:30"
45,54,67,22.35,70.8,986.66,1638706664609,"2021-12-05T17:47:44+05:30"
46,54,66,22.33,70.15,986.68,1638706685137,"2021-12-05T17:48:05+05:30"
45,54,66,22.34,70.47,986.67,1638706705671,"2021-12-05T17:48:25+05:30"
43,53,66,22.36,71.38,986.68,1638706735543,"2021-12-05T17:48:55+05:30"
41,50,61,22.49,73.81,986.69,1638706786383,"2021-12-05T17:49:46+05:30"
40,50,61,22.53,74.67,986.7,1638706806898,"2021-12-05T17:50:06+05:30"
40,49,61,22.54,74.94,986.72,1638706827717,"2021-12-05T17:50:27+05:30"
41,50,62,22.57,75.15,986.73,1638706858500,"2021-12-05T17:50:58+05:30"
39,49,60,22.72,75.66,986.72,1638706888862,"2021-12-05T17:51:28+05:30"
39,48,59,22.85,75.33,986.72,1638706939675,"2021-12-05T17:52:19+05:30"
38,48,59,22.93,74.92,986.74,1638706960213,"2021-12-05T17:52:40+05:30"
41,51,62,22.88,74.39,986.75,1638706981420,"2021-12-05T17:53:01+05:30"
41,51,62,22.83,74.45,986.75,1638707032222,"2021-12-05T17:53:52+05:30"
42,52,63,22.8,74.59,986.75,1638707052736,"2021-12-05T17:54:12+05:30"
42,52,63,22.77,74.77,986.76,1638707073744,"2021-12-05T17:54:33+05:30"
42,52,64,22.75,74.93,986.76,1638707124678,"2021-12-05T17:55:24+05:30"
43,52,65,22.75,75.13,986.79,1638707145165,"2021-12-05T17:55:45+05:30"
43,51,63,22.72,75.21,986.8,1638707165805,"2021-12-05T17:56:05+05:30"
42,51,62,22.7,75.32,986.8,1638707196309,"2021-12-05T17:56:36+05:30"
41,51,62,22.69,75.36,986.81,1638707226477,"2021-12-05T17:57:06+05:30"
42,51,63,22.68,75.41,986.82,1638707277269,"2021-12-05T17:57:57+05:30"
42,50,61,22.68,75.51,986.83,1638707297828,"2021-12-05T17:58:17+05:30"
42,50,61,22.68,75.51,986.83,1638707299919,"2021-12-05T17:58:19+05:30"
42,50,61,22.68,75.51,986.83,1638707300915,"2021-12-05T17:58:20+05:30"
41,50,61,22.68,75.57,986.84,1638707318377,"2021-12-05T17:58:38+05:30"
40,51,62,22.69,75.66,986.84,1638707349258,"2021-12-05T17:59:09+05:30"
41,50,61,22.7,75.75,986.84,1638707379497,"2021-12-05T17:59:39+05:30"
41,51,62,22.69,75.69,986.84,1638707410997,"2021-12-05T18:00:10+05:30"
41,51,63,22.69,75.78,986.86,1638707440983,"2021-12-05T18:00:40+05:30"
41,51,62,22.7,75.84,986.87,1638707471133,"2021-12-05T18:01:11+05:30"
40,49,60,22.69,75.77,986.89,1638707501517,"2021-12-05T18:01:41+05:30"
40,50,61,22.7,75.84,986.9,1638707532574,"2021-12-05T18:02:12+05:30"
41,50,61,22.7,75.92,986.91,1638707562455,"2021-12-05T18:02:42+05:30"
41,50,61,22.69,75.91,986.92,1638707613223,"2021-12-05T18:03:33+05:30"
41,50,62,22.68,75.97,986.93,1638707633751,"2021-12-05T18:03:53+05:30"
40,49,61,22.67,75.97,986.95,1638707654434,"2021-12-05T18:04:14+05:30"
38,49,60,22.68,76.11,986.95,1638707705316,"2021-12-05T18:05:05+05:30"
40,50,61,22.68,76.06,986.96,1638707725829,"2021-12-05T18:05:25+05:30"
41,50,62,22.67,76.13,986.96,1638707747112,"2021-12-05T18:05:47+05:30"
42,50,61,22.68,76.21,986.97,1638707777855,"2021-12-05T18:06:17+05:30"
40,49,60,22.68,76.21,986.96,1638707827797,"2021-12-05T18:07:07+05:30"
40,49,60,22.68,76.23,986.97,1638707848327,"2021-12-05T18:07:28+05:30"
39,50,62,22.68,76.22,986.98,1638707868873,"2021-12-05T18:07:48+05:30"
41,51,62,22.68,76.19,986.97,1638707899319,"2021-12-05T18:08:19+05:30"
40,50,61,22.69,76.21,986.97,1638707929406,"2021-12-05T18:08:49+05:30"
42,51,63,22.7,76.19,986.97,1638707959508,"2021-12-05T18:09:19+05:30"
42,51,63,22.7,76.19,986.97,1638707961155,"2021-12-05T18:09:21+05:30"
42,51,63,22.7,76.19,986.97,1638707962164,"2021-12-05T18:09:22+05:30"
41,50,62,22.69,76.19,986.97,1638708010345,"2021-12-05T18:10:10+05:30"
41,50,61,22.68,76.17,986.97,1638708030870,"2021-12-05T18:10:30+05:30"
39,50,61,22.66,76.18,986.97,1638708052355,"2021-12-05T18:10:52+05:30"
42,51,63,22.67,76.37,986.96,1638708081902,"2021-12-05T18:11:21+05:30"
40,50,61,22.67,76.3,986.96,1638708111982,"2021-12-05T18:11:51+05:30"
40,50,61,22.68,76.31,986.96,1638708142183,"2021-12-05T18:12:22+05:30"
39,50,61,22.69,76.4,986.97,1638708172726,"2021-12-05T18:12:52+05:30"
39,49,60,22.68,76.4,986.96,1638708223633,"2021-12-05T18:13:43+05:30"
39,49,59,22.69,76.46,986.97,1638708244137,"2021-12-05T18:14:04+05:30"
40,50,61,22.71,76.54,986.98,1638708264694,"2021-12-05T18:14:24+05:30"
41,51,63,22.7,76.48,986.96,1638708294406,"2021-12-05T18:14:54+05:30"
39,49,60,22.68,76.42,986.97,1638708324738,"2021-12-05T18:15:24+05:30"
41,51,62,22.68,76.57,986.98,1638708355346,"2021-12-05T18:15:55+05:30"
40,50,61,22.68,76.71,986.97,1638708385683,"2021-12-05T18:16:25+05:30"
41,50,61,22.69,76.72,986.97,1638708416049,"2021-12-05T18:16:56+05:30"
39,50,61,22.69,76.63,986.97,1638708466866,"2021-12-05T18:17:46+05:30"
42,51,62,22.67,76.54,986.95,1638708487404,"2021-12-05T18:18:07+05:30"
39,49,61,22.68,76.58,986.95,1638708510169,"2021-12-05T18:18:30+05:30"
40,49,61,22.67,76.6,986.94,1638708538917,"2021-12-05T18:18:58+05:30"
40,49,61,22.67,76.6,986.94,1638708541014,"2021-12-05T18:19:01+05:30"
39,49,61,22.66,76.6,986.94,1638708569588,"2021-12-05T18:19:29+05:30"
39,50,62,22.66,76.63,986.93,1638708600306,"2021-12-05T18:20:00+05:30"
40,50,61,22.66,76.8,986.91,1638708630709,"2021-12-05T18:20:30+05:30"
41,51,62,22.64,76.54,986.9,1638708663664,"2021-12-05T18:21:03+05:30"
41,51,62,22.64,76.54,986.9,1638708664740,"2021-12-05T18:21:04+05:30"
39,49,61,22.64,76.68,986.91,1638708691596,"2021-12-05T18:21:31+05:30"
41,50,61,22.64,76.59,986.89,1638708722174,"2021-12-05T18:22:02+05:30"
39,50,62,22.64,76.74,986.88,1638708752450,"2021-12-05T18:22:32+05:30"
39,49,59,22.64,76.85,986.86,1638708782799,"2021-12-05T18:23:02+05:30"
38,49,59,22.64,76.89,986.84,1638708813395,"2021-12-05T18:23:33+05:30"
39,49,60,22.64,76.87,986.82,1638708843822,"2021-12-05T18:24:03+05:30"
40,50,61,22.64,76.92,986.8,1638708873846,"2021-12-05T18:24:33+05:30"
39,50,61,22.65,76.92,986.8,1638708904522,"2021-12-05T18:25:04+05:30"
40,51,63,22.68,76.55,986.79,1638708935214,"2021-12-05T18:25:35+05:30"
38,48,59,22.71,76.72,986.77,1638708965478,"2021-12-05T18:26:05+05:30"
39,48,59,22.72,76.7,986.77,1638708995650,"2021-12-05T18:26:35+05:30"
39,49,62,22.72,76.71,986.76,1638709026268,"2021-12-05T18:27:06+05:30"
40,50,60,22.72,76.61,986.76,1638709056704,"2021-12-05T18:27:36+05:30"
39,50,61,22.7,76.73,986.76,1638709096378,"2021-12-05T18:28:16+05:30"
37,49,60,22.69,76.85,986.78,1638709117432,"2021-12-05T18:28:37+05:30"
38,48,58,22.68,76.9,986.8,1638709148062,"2021-12-05T18:29:08+05:30"
39,49,60,22.67,76.89,986.81,1638709178233,"2021-12-05T18:29:38+05:30"
39,50,61,22.67,76.96,986.82,1638709229077,"2021-12-05T18:30:29+05:30"
39,49,60,22.67,76.95,986.85,1638709250023,"2021-12-05T18:30:50+05:30"
42,50,61,22.68,76.81,986.85,1638709270409,"2021-12-05T18:31:10+05:30"
39,49,60,22.69,77.02,986.87,1638709300735,"2021-12-05T18:31:40+05:30"
39,50,61,22.69,77.04,986.88,1638709331391,"2021-12-05T18:32:11+05:30"
42,51,63,22.68,76.91,986.9,1638709363147,"2021-12-05T18:32:43+05:30"
41,50,61,22.67,77.01,986.92,1638709392563,"2021-12-05T18:33:12+05:30"
38,49,59,22.67,77.19,986.92,1638709423327,"2021-12-05T18:33:43+05:30"
40,50,61,22.67,77.14,986.94,1638709453910,"2021-12-05T18:34:13+05:30"
40,50,61,22.67,77.05,986.95,1638709484214,"2021-12-05T18:34:44+05:30"
40,49,61,22.67,77.16,986.97,1638709514813,"2021-12-05T18:35:14+05:30"
39,50,60,22.66,77.17,986.96,1638709545145,"2021-12-05T18:35:45+05:30"
39,50,60,22.66,77.17,986.96,1638709546980,"2021-12-05T18:35:46+05:30"
39,49,60,22.66,77.13,986.97,1638709575629,"2021-12-05T18:36:15+05:30"
39,50,61,22.67,77.16,986.97,1638709606288,"2021-12-05T18:36:46+05:30"
39,49,61,22.66,77.16,986.97,1638709636779,"2021-12-05T18:37:16+05:30"
41,51,61,22.65,77.23,986.98,1638709667459,"2021-12-05T18:37:47+05:30"
40,50,60,22.65,77.3,986.98,1638709698006,"2021-12-05T18:38:18+05:30"
38,49,60,22.64,77.22,986.99,1638709728382,"2021-12-05T18:38:48+05:30"
40,49,60,22.66,77.33,987.01,1638709758648,"2021-12-05T18:39:18+05:30"
38,49,60,22.66,77.24,987.01,1638709789052,"2021-12-05T18:39:49+05:30"
39,49,59,22.67,77.28,987.01,1638709819251,"2021-12-05T18:40:19+05:30"
39,50,61,22.67,77.26,987.02,1638709870070,"2021-12-05T18:41:10+05:30"
39,50,61,22.67,77.29,987.02,1638709890656,"2021-12-05T18:41:30+05:30"
39,50,61,22.66,77.26,987.02,1638709911227,"2021-12-05T18:41:51+05:30"
40,50,61,22.66,77.01,987.04,1638709941120,"2021-12-05T18:42:21+05:30"
39,50,60,22.67,77.12,987.01,1638709971340,"2021-12-05T18:42:51+05:30"
41,51,63,22.67,77.02,987.02,1638710001874,"2021-12-05T18:43:21+05:30"
42,51,64,22.67,76.68,987.01,1638710052816,"2021-12-05T18:44:12+05:30"
42,51,64,22.67,76.68,987.01,1638710054132,"2021-12-05T18:44:14+05:30"
40,50,61,22.7,76.98,987.01,1638710101309,"2021-12-05T18:45:01+05:30"
40,50,61,22.75,77.15,987.01,1638710121888,"2021-12-05T18:45:21+05:30"
40,50,61,22.79,77.03,987.03,1638710150727,"2021-12-05T18:45:50+05:30"
39,49,60,22.77,76.96,987.02,1638710181126,"2021-12-05T18:46:21+05:30"
39,49,60,22.77,76.96,987.02,1638710182794,"2021-12-05T18:46:22+05:30"
40,49,61,22.75,76.68,987.02,1638710211523,"2021-12-05T18:46:51+05:30"
40,51,63,22.74,76.63,987.02,1638710262363,"2021-12-05T18:47:42+05:30"
41,50,62,22.71,76.78,987.01,1638710282893,"2021-12-05T18:48:02+05:30"
39,48,59,22.72,76.96,987.01,1638710307821,"2021-12-05T18:48:27+05:30"
38,49,59,22.71,77.15,987.02,1638710334116,"2021-12-05T18:48:54+05:30"
40,50,62,22.69,76.98,987.03,1638710364711,"2021-12-05T18:49:24+05:30"
39,49,60,22.7,77.02,987.04,1638710394907,"2021-12-05T18:49:54+05:30"
38,49,61,22.69,77.14,987.03,1638710425353,"2021-12-05T18:50:25+05:30"
38,48,59,22.67,77.11,987.05,1638710476167,"2021-12-05T18:51:16+05:30"
38,48,59,22.68,77.3,987.05,1638710496688,"2021-12-05T18:51:36+05:30"
40,50,61,22.69,77.39,987.06,1638710517218,"2021-12-05T18:51:57+05:30"
39,50,61,22.69,77.52,987.07,1638710547837,"2021-12-05T18:52:27+05:30"
40,49,60,22.69,77.48,987.08,1638710578545,"2021-12-05T18:52:58+05:30"
41,51,64,22.68,77.54,987.07,1638710609124,"2021-12-05T18:53:29+05:30"
41,51,64,22.68,77.54,987.07,1638710610327,"2021-12-05T18:53:30+05:30"
39,49,60,22.69,77.53,987.09,1638710639544,"2021-12-05T18:53:59+05:30"
41,51,62,22.68,77.23,987.09,1638710669975,"2021-12-05T18:54:29+05:30"
41,50,61,22.69,77.35,987.07,1638710700441,"2021-12-05T18:55:00+05:30"
41,50,61,22.69,77.35,987.07,1638710704837,"2021-12-05T18:55:04+05:30"
40,50,62,22.68,77.35,987.08,1638710751265,"2021-12-05T18:55:51+05:30"
40,50,61,22.66,77.42,987.08,1638710771795,"2021-12-05T18:56:11+05:30"
43,52,63,22.66,77.26,987.07,1638710792708,"2021-12-05T18:56:32+05:30"
40,50,61,22.66,77.36,987.07,1638710823128,"2021-12-05T18:57:03+05:30"
47,57,68,22.64,76.51,987.09,1638710881478,"2021-12-05T18:58:01+05:30"
47,57,68,22.64,76.51,987.09,1638710884826,"2021-12-05T18:58:04+05:30"
47,57,68,22.64,76.51,987.09,1638710885369,"2021-12-05T18:58:05+05:30"
58,75,79,22.55,73.03,987.1,1638710894495,"2021-12-05T18:58:14+05:30"
59,74,78,22.5,71.87,987.1,1638710915385,"2021-12-05T18:58:35+05:30"
59,74,78,22.5,71.87,987.1,1638710916374,"2021-12-05T18:58:36+05:30"
59,74,78,22.5,71.87,987.1,1638710917857,"2021-12-05T18:58:37+05:30"
63,80,86,22.45,71.69,987.11,1638710945997,"2021-12-05T18:59:05+05:30"
64,80,83,22.42,71.79,987.12,1638710976431,"2021-12-05T18:59:36+05:30"
65,80,85,22.4,71.87,987.1,1638711007086,"2021-12-05T19:00:07+05:30"
66,82,86,22.39,71.65,987.11,1638711037841,"2021-12-05T19:00:37+05:30"
65,80,84,22.38,71.53,987.11,1638711068321,"2021-12-05T19:01:08+05:30"
61,74,78,22.4,71.37,987.11,1638711098766,"2021-12-05T19:01:38+05:30"
62,76,82,22.43,72.31,987.1,1638711128841,"2021-12-05T19:02:08+05:30"
62,79,83,22.42,72.49,987.11,1638711159555,"2021-12-05T19:02:39+05:30"
64,78,83,22.39,71.59,987.13,1638711189651,"2021-12-05T19:03:09+05:30"
63,74,77,22.38,71.25,987.12,1638711240502,"2021-12-05T19:04:00+05:30"
61,71,77,22.37,71.14,987.12,1638711261172,"2021-12-05T19:04:21+05:30"
60,75,81,22.37,70.93,987.13,1638711282298,"2021-12-05T19:04:42+05:30"
62,75,80,22.37,70.69,987.13,1638711312859,"2021-12-05T19:05:12+05:30"
61,76,79,22.38,70.8,987.14,1638711364629,"2021-12-05T19:06:04+05:30"
63,77,80,22.37,70.8,987.13,1638711385410,"2021-12-05T19:06:25+05:30"
62,76,81,22.37,70.68,987.13,1638711404845,"2021-12-05T19:06:44+05:30"
61,75,80,22.37,70.57,987.12,1638711434980,"2021-12-05T19:07:14+05:30"
61,76,80,22.36,70.49,987.11,1638711465510,"2021-12-05T19:07:45+05:30"
61,74,79,22.36,70.6,987.11,1638711495866,"2021-12-05T19:08:15+05:30"
63,79,85,22.35,70.77,987.11,1638711546658,"2021-12-05T19:09:06+05:30"
63,79,83,22.35,70.85,987.11,1638711567199,"2021-12-05T19:09:27+05:30"
63,80,83,22.35,70.8,987.11,1638711587979,"2021-12-05T19:09:47+05:30"
62,79,85,22.34,70.86,987.11,1638711618108,"2021-12-05T19:10:18+05:30"
59,75,80,22.34,71.02,987.1,1638711648456,"2021-12-05T19:10:48+05:30"
61,79,83,22.34,70.92,987.11,1638711678286,"2021-12-05T19:11:18+05:30"
61,79,82,22.33,70.87,987.11,1638711708709,"2021-12-05T19:11:48+05:30"
59,73,79,22.34,70.91,987.12,1638711739239,"2021-12-05T19:12:19+05:30"
59,74,79,22.34,70.77,987.12,1638711789930,"2021-12-05T19:13:09+05:30"
58,72,79,22.35,70.74,987.12,1638711810448,"2021-12-05T19:13:30+05:30"
57,72,77,22.36,70.61,987.11,1638711830967,"2021-12-05T19:13:50+05:30"
57,72,77,22.36,70.61,987.11,1638711832241,"2021-12-05T19:13:52+05:30"
60,74,80,22.36,70.6,987.12,1638711861374,"2021-12-05T19:14:21+05:30"
59,73,78,22.36,70.25,987.14,1638711891791,"2021-12-05T19:14:51+05:30"
60,73,79,22.37,70.22,987.16,1638711942669,"2021-12-05T19:15:42+05:30"
68,82,85,22.37,70.49,987.15,1638711963237,"2021-12-05T19:16:03+05:30"
69,83,87,22.35,70.2,987.18,1638711983843,"2021-12-05T19:16:23+05:30"
64,78,81,22.36,70.1,987.19,1638712014509,"2021-12-05T19:16:54+05:30"
62,77,79,22.35,70.18,987.2,1638712044843,"2021-12-05T19:17:24+05:30"
62,76,82,22.34,70.2,987.21,1638712074884,"2021-12-05T19:17:54+05:30"
61,77,81,22.34,70.68,987.22,1638712105351,"2021-12-05T19:18:25+05:30"
60,73,78,22.34,70.76,987.22,1638712135801,"2021-12-05T19:18:55+05:30"
62,79,84,22.33,70.74,987.25,1638712166569,"2021-12-05T19:19:26+05:30"
62,77,83,22.31,70.77,987.25,1638712197125,"2021-12-05T19:19:57+05:30"
62,77,81,22.3,70.63,987.28,1638712227168,"2021-12-05T19:20:27+05:30"
60,73,78,22.29,70.64,987.28,1638712257422,"2021-12-05T19:20:57+05:30"
60,73,77,22.29,70.67,987.3,1638712291740,"2021-12-05T19:21:31+05:30"
60,73,77,22.29,70.67,987.3,1638712293797,"2021-12-05T19:21:33+05:30"
58,72,77,22.29,70.59,987.31,1638712317971,"2021-12-05T19:21:57+05:30"
58,71,77,22.29,70.64,987.32,1638712348412,"2021-12-05T19:22:28+05:30"
59,71,77,22.29,70.51,987.34,1638712378852,"2021-12-05T19:22:58+05:30"
59,72,77,22.29,70.58,987.33,1638712409621,"2021-12-05T19:23:29+05:30"
58,70,76,22.3,70.8,987.34,1638712439687,"2021-12-05T19:23:59+05:30"
60,72,77,22.3,70.9,987.33,1638712470141,"2021-12-05T19:24:30+05:30"
52,63,73,22.64,73.22,987.33,1638712688600,"2021-12-05T19:28:08+05:30"
57,69,75,22.62,72.57,987.34,1638712709116,"2021-12-05T19:28:29+05:30"
57,67,75,22.54,71.16,987.35,1638712738224,"2021-12-05T19:28:58+05:30"
57,69,76,22.5,71.03,987.35,1638712770741,"2021-12-05T19:29:30+05:30"
57,69,76,22.5,71.03,987.35,1638712771036,"2021-12-05T19:29:31+05:30"
56,66,74,22.49,71.04,987.36,1638712819807,"2021-12-05T19:30:19+05:30"
57,66,73,22.47,70.37,987.38,1638712840244,"2021-12-05T19:30:40+05:30"
57,68,75,22.48,69.74,987.37,1638712861181,"2021-12-05T19:31:01+05:30"
60,72,77,22.51,70.47,987.37,1638712912045,"2021-12-05T19:31:52+05:30"
59,72,76,22.52,70.65,987.38,1638712932556,"2021-12-05T19:32:12+05:30"
59,72,77,22.53,71.1,987.37,1638712958794,"2021-12-05T19:32:38+05:30"
59,72,76,22.55,70.7,987.37,1638712983653,"2021-12-05T19:33:03+05:30"
58,71,76,22.58,71.52,987.38,1638713014372,"2021-12-05T19:33:34+05:30"
59,71,77,22.57,71.49,987.37,1638713044651,"2021-12-05T19:34:04+05:30"
60,72,77,22.56,71.57,987.37,1638713075694,"2021-12-05T19:34:35+05:30"
59,71,76,22.55,71.3,987.38,1638713105262,"2021-12-05T19:35:05+05:30"
58,70,76,22.62,72.04,987.37,1638713135617,"2021-12-05T19:35:35+05:30"
59,72,77,22.59,71.44,987.37,1638713166093,"2021-12-05T19:36:06+05:30"
59,73,77,22.58,69.9,987.36,1638713196507,"2021-12-05T19:36:36+05:30"
60,73,78,22.6,69.94,987.37,1638713226983,"2021-12-05T19:37:06+05:30"
56,70,76,22.7,72.15,987.37,1638713256965,"2021-12-05T19:37:36+05:30"
58,71,77,22.68,71.28,987.37,1638713307845,"2021-12-05T19:38:27+05:30"
58,72,77,22.7,71.19,987.37,1638713328389,"2021-12-05T19:38:48+05:30"
58,70,76,22.7,70.9,987.38,1638713348784,"2021-12-05T19:39:08+05:30"
59,71,76,22.79,71.55,987.36,1638713379036,"2021-12-05T19:39:39+05:30"
58,69,75,22.99,74.63,987.33,1638713409431,"2021-12-05T19:40:09+05:30"
55,65,74,23.06,74.92,987.35,1638713439785,"2021-12-05T19:40:39+05:30"
57,71,77,23.13,75.14,987.37,1638713469989,"2021-12-05T19:41:09+05:30"
60,72,77,23.18,75.22,987.38,1638713500689,"2021-12-05T19:41:40+05:30"
59,71,77,23.23,75.13,987.38,1638713530815,"2021-12-05T19:42:10+05:30"
59,71,76,23.27,74.88,987.4,1638713561529,"2021-12-05T19:42:41+05:30"
61,72,78,23.33,75.07,987.41,1638713591644,"2021-12-05T19:43:11+05:30"
59,71,77,23.38,75.02,987.41,1638713642501,"2021-12-05T19:44:02+05:30"
59,71,77,23.38,75.02,987.41,1638713645148,"2021-12-05T19:44:05+05:30"
59,71,77,23.38,75.02,987.41,1638713646178,"2021-12-05T19:44:06+05:30"
60,75,79,23.39,74.82,987.43,1638713663059,"2021-12-05T19:44:23+05:30"
60,75,79,23.39,74.82,987.43,1638713664770,"2021-12-05T19:44:24+05:30"
61,76,80,23.4,74.47,987.42,1638713683595,"2021-12-05T19:44:43+05:30"
60,74,78,23.4,74.2,987.42,1638713714127,"2021-12-05T19:45:14+05:30"
62,74,78,23.37,73.49,987.43,1638713745201,"2021-12-05T19:45:45+05:30"
61,76,79,23.38,73.72,987.46,1638713795253,"2021-12-05T19:46:35+05:30"
60,74,78,23.36,73.76,987.47,1638713815809,"2021-12-05T19:46:55+05:30"
62,78,80,23.37,73.87,987.47,1638713836454,"2021-12-05T19:47:16+05:30"
63,78,81,23.37,73.87,987.48,1638713887317,"2021-12-05T19:48:07+05:30"
61,74,78,23.38,73.79,987.49,1638713907871,"2021-12-05T19:48:27+05:30"
62,77,82,23.38,73.69,987.5,1638713929316,"2021-12-05T19:48:49+05:30"
63,77,80,23.38,73.51,987.5,1638713979256,"2021-12-05T19:49:39+05:30"
63,79,82,23.39,73.45,987.52,1638714000744,"2021-12-05T19:50:00+05:30"
63,77,80,23.4,73.44,987.53,1638714020607,"2021-12-05T19:50:20+05:30"
62,75,81,23.4,73.39,987.52,1638714071370,"2021-12-05T19:51:11+05:30"
62,77,80,23.4,73.28,987.53,1638714091921,"2021-12-05T19:51:31+05:30"
64,78,82,23.39,73.24,987.53,1638714118940,"2021-12-05T19:51:58+05:30"
66,79,80,23.38,73.23,987.53,1638714142847,"2021-12-05T19:52:22+05:30"
63,78,80,23.38,73.29,987.53,1638714173215,"2021-12-05T19:52:53+05:30"
63,79,82,23.37,73.24,987.53,1638714203334,"2021-12-05T19:53:23+05:30"
66,81,83,23.35,73.15,987.54,1638714254160,"2021-12-05T19:54:14+05:30"
66,81,84,23.35,73.23,987.54,1638714274785,"2021-12-05T19:54:34+05:30"
65,82,86,23.34,73.17,987.54,1638714295650,"2021-12-05T19:54:55+05:30"
66,82,86,23.34,73.07,987.53,1638714325504,"2021-12-05T19:55:25+05:30"
67,82,86,23.34,73.07,987.53,1638714355524,"2021-12-05T19:55:55+05:30"
69,84,86,23.35,72.99,987.55,1638714386845,"2021-12-05T19:56:26+05:30"
67,83,86,23.35,72.87,987.54,1638714420981,"2021-12-05T19:57:00+05:30"
67,83,86,23.35,72.87,987.54,1638714422833,"2021-12-05T19:57:02+05:30"
68,82,84,23.35,72.74,987.56,1638714447250,"2021-12-05T19:57:27+05:30"
68,82,84,23.35,72.74,987.56,1638714450084,"2021-12-05T19:57:30+05:30"
67,84,86,23.36,72.77,987.56,1638714478311,"2021-12-05T19:57:58+05:30"
67,84,86,23.36,72.77,987.56,1638714479972,"2021-12-05T19:57:59+05:30"
68,82,83,23.37,72.56,987.56,1638714516878,"2021-12-05T19:58:36+05:30"
68,82,83,23.37,72.56,987.56,1638714517076,"2021-12-05T19:58:37+05:30"
68,82,83,23.37,72.56,987.56,1638714518739,"2021-12-05T19:58:38+05:30"
69,86,89,23.39,72.46,987.56,1638714537857,"2021-12-05T19:58:57+05:30"
69,85,88,23.39,72.39,987.56,1638714588731,"2021-12-05T19:59:48+05:30"
69,84,87,23.39,72.34,987.56,1638714609402,"2021-12-05T20:00:09+05:30"
70,85,89,23.4,72.44,987.56,1638714630286,"2021-12-05T20:00:30+05:30"
69,86,88,23.4,72.5,987.56,1638714660748,"2021-12-05T20:01:00+05:30"
70,86,89,23.4,72.48,987.58,1638714711860,"2021-12-05T20:01:51+05:30"
72,88,89,23.39,72.54,987.57,1638714732193,"2021-12-05T20:02:12+05:30"
69,83,85,23.39,72.54,987.58,1638714752661,"2021-12-05T20:02:32+05:30"
71,87,91,23.39,72.47,987.57,1638714782545,"2021-12-05T20:03:02+05:30"
69,86,88,23.38,72.42,987.57,1638714813311,"2021-12-05T20:03:33+05:30"
69,86,89,23.39,72.51,987.57,1638714865509,"2021-12-05T20:04:25+05:30"
70,87,90,23.39,72.61,987.58,1638714884732,"2021-12-05T20:04:44+05:30"
69,83,85,23.39,72.65,987.58,1638714908849,"2021-12-05T20:05:08+05:30"
67,81,83,23.38,72.69,987.57,1638714936483,"2021-12-05T20:05:36+05:30"
70,84,88,23.38,72.75,987.56,1638714966027,"2021-12-05T20:06:06+05:30"
68,83,86,23.37,72.76,987.56,1638714996455,"2021-12-05T20:06:36+05:30"
68,80,81,23.37,72.81,987.55,1638715026696,"2021-12-05T20:07:06+05:30"
69,82,84,23.37,72.88,987.56,1638715056764,"2021-12-05T20:07:36+05:30"
69,84,85,23.37,72.92,987.55,1638715087376,"2021-12-05T20:08:07+05:30"
69,84,85,23.36,72.94,987.54,1638715118734,"2021-12-05T20:08:38+05:30"
68,81,84,23.36,73.02,987.54,1638715155701,"2021-12-05T20:09:15+05:30"
68,81,84,23.36,73.02,987.54,1638715156255,"2021-12-05T20:09:16+05:30"
68,81,84,23.36,73.02,987.54,1638715157911,"2021-12-05T20:09:17+05:30"
68,81,84,23.36,73.02,987.54,1638715158612,"2021-12-05T20:09:18+05:30"
68,84,86,23.36,73.03,987.54,1638715199357,"2021-12-05T20:09:59+05:30"
68,84,86,23.36,73.03,987.54,1638715204014,"2021-12-05T20:10:04+05:30"
68,83,85,23.36,73.14,987.54,1638715220754,"2021-12-05T20:10:20+05:30"
67,82,85,23.36,73.26,987.55,1638715240604,"2021-12-05T20:10:40+05:30"
68,84,87,23.36,73.24,987.55,1638715270113,"2021-12-05T20:11:10+05:30"
69,83,87,23.37,73.28,987.54,1638715300543,"2021-12-05T20:11:40+05:30"
69,84,87,23.37,73.26,987.55,1638715351368,"2021-12-05T20:12:31+05:30"
70,83,87,23.36,73.31,987.56,1638715371868,"2021-12-05T20:12:51+05:30"
70,84,86,23.37,73.37,987.57,1638715393301,"2021-12-05T20:13:13+05:30"
70,84,88,23.38,73.37,987.58,1638715423493,"2021-12-05T20:13:43+05:30"
70,81,83,23.38,73.38,987.6,1638715456676,"2021-12-05T20:14:16+05:30"
70,83,88,23.38,73.35,987.59,1638715484129,"2021-12-05T20:14:44+05:30"
68,80,85,23.39,73.41,987.6,1638715514257,"2021-12-05T20:15:14+05:30"
69,86,89,23.39,73.45,987.61,1638715565067,"2021-12-05T20:16:05+05:30"
69,84,87,23.38,73.49,987.62,1638715585591,"2021-12-05T20:16:25+05:30"
71,87,90,23.38,73.53,987.64,1638715606643,"2021-12-05T20:16:46+05:30"
70,82,84,23.38,73.5,987.64,1638715636739,"2021-12-05T20:17:16+05:30"
70,86,87,23.38,73.52,987.65,1638715687517,"2021-12-05T20:18:07+05:30"
71,86,88,23.38,73.53,987.65,1638715709313,"2021-12-05T20:18:29+05:30"
70,84,87,23.37,73.57,987.66,1638715728575,"2021-12-05T20:18:48+05:30"
69,84,87,23.36,73.59,987.65,1638715758794,"2021-12-05T20:19:18+05:30"
69,83,86,23.37,73.62,987.67,1638715789549,"2021-12-05T20:19:49+05:30"
70,84,86,23.37,73.65,987.65,1638715819918,"2021-12-05T20:20:19+05:30"
70,82,85,23.36,73.68,987.66,1638715870774,"2021-12-05T20:21:10+05:30"
70,83,85,23.38,73.68,987.67,1638715891320,"2021-12-05T20:21:31+05:30"
70,86,86,23.38,73.71,987.68,1638715911833,"2021-12-05T20:21:51+05:30"
69,83,85,23.37,73.71,987.67,1638715942029,"2021-12-05T20:22:22+05:30"
69,85,85,23.38,73.71,987.67,1638715972583,"2021-12-05T20:22:52+05:30"
68,83,85,23.38,73.7,987.68,1638716003191,"2021-12-05T20:23:23+05:30"
68,84,88,23.37,73.68,987.68,1638716033941,"2021-12-05T20:23:53+05:30"
71,86,90,23.37,73.74,987.69,1638716067400,"2021-12-05T20:24:27+05:30"
69,83,86,23.38,73.76,987.7,1638716094803,"2021-12-05T20:24:54+05:30"
66,80,82,23.37,73.74,987.7,1638716124945,"2021-12-05T20:25:24+05:30"
68,83,85,23.35,73.9,987.7,1638716217240,"2021-12-05T20:26:57+05:30"
68,82,84,23.36,73.9,987.69,1638716247746,"2021-12-05T20:27:27+05:30"
69,83,85,23.37,73.87,987.69,1638716278432,"2021-12-05T20:27:58+05:30"
66,79,82,23.37,73.9,987.71,1638716329164,"2021-12-05T20:28:49+05:30"
65,79,81,23.37,73.91,987.71,1638716349714,"2021-12-05T20:29:09+05:30"
67,79,82,23.37,73.93,987.73,1638716370610,"2021-12-05T20:29:30+05:30"
66,79,81,23.37,73.92,987.72,1638716400998,"2021-12-05T20:30:00+05:30"
67,82,84,23.37,73.97,987.72,1638716432506,"2021-12-05T20:30:32+05:30"
67,80,82,23.38,73.98,987.74,1638716463706,"2021-12-05T20:31:03+05:30"
69,84,87,23.37,73.97,987.75,1638716493026,"2021-12-05T20:31:33+05:30"
66,80,82,23.37,74.02,987.75,1638716523741,"2021-12-05T20:32:03+05:30"
69,82,84,23.38,74.03,987.77,1638716554609,"2021-12-05T20:32:34+05:30"
69,83,85,23.38,74,987.76,1638716584608,"2021-12-05T20:33:04+05:30"
67,81,83,23.38,74.05,987.77,1638716615145,"2021-12-05T20:33:35+05:30"
68,82,84,23.37,74.06,987.77,1638716646504,"2021-12-05T20:34:06+05:30"
67,80,82,23.37,74.04,987.76,1638716676043,"2021-12-05T20:34:36+05:30"
65,77,80,23.37,74.09,987.76,1638716706445,"2021-12-05T20:35:06+05:30"
67,81,83,23.36,74.14,987.78,1638716737188,"2021-12-05T20:35:37+05:30"
69,84,88,23.36,74.14,987.78,1638716787830,"2021-12-05T20:36:27+05:30"
67,81,84,23.37,74.14,987.78,1638716808598,"2021-12-05T20:36:48+05:30"
65,78,80,23.37,74.16,987.78,1638716829879,"2021-12-05T20:37:09+05:30"
67,80,82,23.36,74.18,987.77,1638716862844,"2021-12-05T20:37:42+05:30"
68,84,85,23.37,74.19,987.77,1638716889990,"2021-12-05T20:38:09+05:30"
67,81,84,23.37,74.17,987.77,1638716919996,"2021-12-05T20:38:39+05:30"
65,78,81,23.37,74.15,987.77,1638716950572,"2021-12-05T20:39:10+05:30"
67,81,82,23.37,74.18,987.77,1638716982419,"2021-12-05T20:39:42+05:30"
67,83,85,23.37,74.15,987.76,1638717032308,"2021-12-05T20:40:32+05:30"
67,83,85,23.37,74.15,987.76,1638717033712,"2021-12-05T20:40:33+05:30"
66,80,83,23.37,74.19,987.75,1638717053914,"2021-12-05T20:40:53+05:30"
67,81,84,23.37,74.23,987.74,1638717073671,"2021-12-05T20:41:13+05:30"
67,80,80,23.38,74.22,987.76,1638717104470,"2021-12-05T20:41:44+05:30"
67,80,83,23.39,74.22,987.77,1638717154680,"2021-12-05T20:42:34+05:30"
66,79,81,23.39,74.17,987.77,1638717177696,"2021-12-05T20:42:57+05:30"
67,81,82,23.4,74.2,987.77,1638717196730,"2021-12-05T20:43:16+05:30"
66,80,83,23.41,74.22,987.78,1638717226497,"2021-12-05T20:43:46+05:30"
66,78,80,23.41,74.21,987.78,1638717257210,"2021-12-05T20:44:17+05:30"
66,80,83,23.42,74.19,987.79,1638717287780,"2021-12-05T20:44:47+05:30"
65,77,80,23.42,74.18,987.8,1638717318060,"2021-12-05T20:45:18+05:30"
64,75,77,23.42,74.17,987.79,1638717348828,"2021-12-05T20:45:48+05:30"
65,78,80,23.42,74.19,987.79,1638717378971,"2021-12-05T20:46:18+05:30"
65,79,81,23.4,74.15,987.8,1638717429749,"2021-12-05T20:47:09+05:30"
65,80,83,23.39,74.18,987.81,1638717451457,"2021-12-05T20:47:31+05:30"
64,79,80,23.38,74.27,987.8,1638717470854,"2021-12-05T20:47:50+05:30"
64,79,80,23.38,74.27,987.8,1638717472087,"2021-12-05T20:47:52+05:30"
66,79,81,23.39,74.32,987.81,1638717500775,"2021-12-05T20:48:20+05:30"
65,77,79,23.4,74.27,987.81,1638717531360,"2021-12-05T20:48:51+05:30"
66,78,80,23.41,74.23,987.82,1638717561893,"2021-12-05T20:49:21+05:30"
67,80,81,23.41,74.21,987.84,1638717592637,"2021-12-05T20:49:52+05:30"
65,78,81,23.4,74.18,987.85,1638717622626,"2021-12-05T20:50:22+05:30"
65,80,82,23.39,74.19,987.85,1638717653372,"2021-12-05T20:50:53+05:30"
64,75,78,23.38,74.23,987.86,1638717704160,"2021-12-05T20:51:44+05:30"
63,76,79,23.37,74.26,987.87,1638717724743,"2021-12-05T20:52:04+05:30"
63,78,80,23.37,74.36,987.86,1638717745234,"2021-12-05T20:52:25+05:30"
66,79,81,23.38,74.37,987.87,1638717775598,"2021-12-05T20:52:55+05:30"
63,72,77,23.38,74.33,987.87,1638717827941,"2021-12-05T20:53:47+05:30"
65,78,80,23.37,74.34,987.88,1638717848264,"2021-12-05T20:54:08+05:30"
64,77,79,23.37,74.35,987.86,1638717867486,"2021-12-05T20:54:27+05:30"
64,76,79,23.37,74.39,987.87,1638717897377,"2021-12-05T20:54:57+05:30"
65,79,81,23.38,74.37,987.88,1638717927209,"2021-12-05T20:55:27+05:30"
66,80,81,23.39,74.33,987.89,1638717978563,"2021-12-05T20:56:18+05:30"
66,80,81,23.39,74.33,987.89,1638717980402,"2021-12-05T20:56:20+05:30"
64,79,81,23.41,74.3,987.9,1638717998914,"2021-12-05T20:56:38+05:30"
64,77,78,23.45,74.26,987.9,1638718019725,"2021-12-05T20:56:59+05:30"
65,77,79,23.44,73.86,987.89,1638718049806,"2021-12-05T20:57:29+05:30"
63,74,77,23.44,73.83,987.91,1638718080478,"2021-12-05T20:58:00+05:30"
61,76,79,23.43,73.87,987.91,1638718110746,"2021-12-05T20:58:30+05:30"
63,76,79,23.44,73.97,987.9,1638718141634,"2021-12-05T20:59:01+05:30"
64,79,81,23.43,73.9,987.91,1638718171759,"2021-12-05T20:59:31+05:30"
63,76,79,23.42,73.87,987.9,1638718202355,"2021-12-05T21:00:02+05:30"
63,75,78,23.43,73.92,987.9,1638718253098,"2021-12-05T21:00:53+05:30"
64,77,79,23.43,73.92,987.9,1638718273570,"2021-12-05T21:01:13+05:30"
64,75,78,23.44,73.86,987.91,1638718294341,"2021-12-05T21:01:34+05:30"
62,75,78,23.41,73.79,987.91,1638718327751,"2021-12-05T21:02:07+05:30"
63,74,78,23.41,73.82,987.91,1638718354832,"2021-12-05T21:02:34+05:30"
64,77,80,23.4,73.87,987.92,1638718387114,"2021-12-05T21:03:07+05:30"
63,77,79,23.39,73.88,987.91,1638718415729,"2021-12-05T21:03:35+05:30"
63,75,78,23.38,73.89,987.9,1638718446560,"2021-12-05T21:04:06+05:30"
62,74,77,23.37,73.89,987.89,1638718476752,"2021-12-05T21:04:36+05:30"
63,75,78,23.37,73.91,987.9,1638718528564,"2021-12-05T21:05:28+05:30"
63,76,78,23.35,73.87,987.91,1638718548117,"2021-12-05T21:05:48+05:30"
63,74,78,23.33,73.9,987.91,1638718570381,"2021-12-05T21:06:10+05:30"
63,74,78,23.33,73.9,987.91,1638718571915,"2021-12-05T21:06:11+05:30"
63,74,78,23.33,73.9,987.91,1638718573163,"2021-12-05T21:06:13+05:30"
60,71,76,23.32,73.95,987.9,1638718599823,"2021-12-05T21:06:39+05:30"
62,74,78,23.31,74.03,987.92,1638718630502,"2021-12-05T21:07:10+05:30"
63,75,79,23.29,74.05,987.9,1638718660534,"2021-12-05T21:07:40+05:30"
61,73,77,23.27,74.07,987.89,1638718691927,"2021-12-05T21:08:11+05:30"
61,73,77,23.27,74.07,987.89,1638718692414,"2021-12-05T21:08:12+05:30"
61,74,78,23.27,74.1,987.89,1638718721772,"2021-12-05T21:08:41+05:30"
61,73,77,23.27,74.14,987.88,1638718751847,"2021-12-05T21:09:11+05:30"
61,72,77,23.26,74.19,987.89,1638718782355,"2021-12-05T21:09:42+05:30"
63,74,78,23.2,74.14,988.35,1638722647778,"2021-12-05T22:14:07+05:30"
64,74,77,23.2,74.18,988.37,1638722673216,"2021-12-05T22:14:33+05:30"
64,76,78,23.19,74.2,988.38,1638722703767,"2021-12-05T22:15:03+05:30"
65,77,79,23.19,74.13,988.37,1638722734450,"2021-12-05T22:15:34+05:30"
65,77,79,23.2,74.13,988.36,1638722764959,"2021-12-05T22:16:04+05:30"
64,75,78,23.19,74.12,988.36,1638722795716,"2021-12-05T22:16:35+05:30"
63,74,77,23.19,74.14,988.36,1638722826141,"2021-12-05T22:17:06+05:30"
63,75,78,23.18,74.12,988.37,1638722856715,"2021-12-05T22:17:36+05:30"
63,75,77,23.18,74.09,988.37,1638722887052,"2021-12-05T22:18:07+05:30"
62,73,76,23.18,74.1,988.38,1638722917510,"2021-12-05T22:18:37+05:30"
64,75,78,23.18,74.13,988.38,1638722948637,"2021-12-05T22:19:08+05:30"
63,73,77,23.17,74.1,988.37,1638722998844,"2021-12-05T22:19:58+05:30"
63,75,78,23.17,74.06,988.36,1638723019448,"2021-12-05T22:20:19+05:30"
65,75,77,23.17,74.02,988.36,1638723039985,"2021-12-05T22:20:39+05:30"
65,75,77,23.17,74.02,988.36,1638723041256,"2021-12-05T22:20:41+05:30"
63,74,77,23.16,74.03,988.35,1638723070627,"2021-12-05T22:21:10+05:30"
65,76,78,23.16,74.06,988.34,1638723100589,"2021-12-05T22:21:40+05:30"
64,74,77,23.16,74.1,988.35,1638723131048,"2021-12-05T22:22:11+05:30"
63,74,77,23.15,74.07,988.34,1638723161771,"2021-12-05T22:22:41+05:30"
63,76,78,23.15,74.05,988.33,1638723192356,"2021-12-05T22:23:12+05:30"
64,76,78,23.15,74.04,988.33,1638723243245,"2021-12-05T22:24:03+05:30"
65,77,79,23.14,74.04,988.32,1638723263839,"2021-12-05T22:24:23+05:30"
64,75,79,23.14,74.04,988.32,1638723284609,"2021-12-05T22:24:44+05:30"
64,76,78,23.14,74.05,988.32,1638723315139,"2021-12-05T22:25:15+05:30"
62,73,77,23.13,74.05,988.34,1638723345642,"2021-12-05T22:25:45+05:30"
63,77,79,23.14,74.08,988.34,1638723376444,"2021-12-05T22:26:16+05:30"
64,77,79,23.15,74.03,988.35,1638723407178,"2021-12-05T22:26:47+05:30"
66,78,79,23.15,73.99,988.37,1638723437840,"2021-12-05T22:27:17+05:30"
65,77,79,23.15,73.99,988.38,1638723468176,"2021-12-05T22:27:48+05:30"
63,72,76,23.15,73.97,988.38,1638723498980,"2021-12-05T22:28:18+05:30"
63,73,77,23.14,73.92,988.38,1638723529720,"2021-12-05T22:28:49+05:30"
65,76,79,23.14,73.99,988.39,1638723560163,"2021-12-05T22:29:20+05:30"
64,74,78,23.14,73.96,988.4,1638723590314,"2021-12-05T22:29:50+05:30"
64,75,78,23.14,73.94,988.4,1638723620887,"2021-12-05T22:30:20+05:30"
65,76,78,23.14,73.95,988.39,1638723651605,"2021-12-05T22:30:51+05:30"
63,76,78,23.13,73.93,988.37,1638723682194,"2021-12-05T22:31:22+05:30"
63,74,77,23.13,73.97,988.36,1638723712668,"2021-12-05T22:31:52+05:30"
64,75,78,23.14,73.94,988.35,1638723742651,"2021-12-05T22:32:22+05:30"
64,74,77,23.14,73.91,988.35,1638723773163,"2021-12-05T22:32:53+05:30"
62,74,78,23.14,73.87,988.34,1638723803724,"2021-12-05T22:33:23+05:30"
64,76,78,23.14,73.83,988.33,1638723834152,"2021-12-05T22:33:54+05:30"
63,74,77,23.15,73.78,988.32,1638723864598,"2021-12-05T22:34:24+05:30"
63,75,78,23.15,73.8,988.33,1638723895035,"2021-12-05T22:34:55+05:30"
64,75,78,23.14,73.82,988.32,1638723925397,"2021-12-05T22:35:25+05:30"
64,76,79,23.14,73.83,988.31,1638723956200,"2021-12-05T22:35:56+05:30"
66,79,81,23.13,73.86,988.32,1638723986720,"2021-12-05T22:36:26+05:30"
65,77,79,23.12,73.85,988.3,1638724016981,"2021-12-05T22:36:56+05:30"
65,76,78,23.12,73.87,988.31,1638724047686,"2021-12-05T22:37:27+05:30"
64,76,79,23.11,73.92,988.3,1638724077680,"2021-12-05T22:37:57+05:30"
65,78,80,23.11,73.93,988.3,1638724108265,"2021-12-05T22:38:28+05:30"
65,76,78,23.11,73.89,988.31,1638724138708,"2021-12-05T22:38:58+05:30"
65,76,78,23.1,73.9,988.3,1638724169219,"2021-12-05T22:39:29+05:30"
64,75,77,23.09,73.88,988.33,1638724200037,"2021-12-05T22:40:00+05:30"
64,75,78,23.09,73.9,988.34,1638724231305,"2021-12-05T22:40:31+05:30"
63,75,78,23.1,73.87,988.36,1638724260899,"2021-12-05T22:41:00+05:30"
63,72,77,23.1,73.85,988.39,1638724311768,"2021-12-05T22:41:51+05:30"
63,72,76,23.09,73.86,988.39,1638724332311,"2021-12-05T22:42:12+05:30"
64,76,78,23.09,73.9,988.41,1638724352824,"2021-12-05T22:42:32+05:30"
63,72,76,23.08,73.92,988.42,1638724383500,"2021-12-05T22:43:03+05:30"
64,74,77,23.08,73.93,988.43,1638724413939,"2021-12-05T22:43:33+05:30"
66,78,80,23.08,73.99,988.43,1638724444003,"2021-12-05T22:44:04+05:30"
64,75,78,23.09,73.96,988.46,1638724474415,"2021-12-05T22:44:34+05:30"
65,76,78,23.09,73.91,988.47,1638724504891,"2021-12-05T22:45:04+05:30"
63,74,77,23.08,73.85,988.48,1638724535235,"2021-12-05T22:45:35+05:30"
67,76,78,23.08,73.87,988.48,1638724565302,"2021-12-05T22:46:05+05:30"
64,73,76,23.07,73.89,988.46,1638724595345,"2021-12-05T22:46:35+05:30"
65,77,78,23.06,73.87,988.46,1638724646274,"2021-12-05T22:47:26+05:30"
63,74,77,23.06,73.82,988.44,1638724666804,"2021-12-05T22:47:46+05:30"
64,75,78,23.06,73.93,988.44,1638724687514,"2021-12-05T22:48:07+05:30"
65,75,78,23.06,73.94,988.43,1638724718162,"2021-12-05T22:48:38+05:30"
66,78,80,23.05,73.9,988.42,1638724748354,"2021-12-05T22:49:08+05:30"
64,74,77,23.04,73.91,988.41,1638724778798,"2021-12-05T22:49:38+05:30"
64,75,77,23.04,73.96,988.39,1638724829639,"2021-12-05T22:50:29+05:30"
65,77,79,23.04,73.95,988.39,1638724850145,"2021-12-05T22:50:50+05:30"
66,79,81,23.05,73.88,988.38,1638724870704,"2021-12-05T22:51:10+05:30"
65,77,79,23.05,73.9,988.37,1638724900745,"2021-12-05T22:51:40+05:30"
65,76,79,23.04,73.88,988.36,1638724931257,"2021-12-05T22:52:11+05:30"
66,79,80,23.03,73.95,988.35,1638724982075,"2021-12-05T22:53:02+05:30"
65,77,79,23.03,73.99,988.33,1638725002665,"2021-12-05T22:53:22+05:30"
66,79,81,23.02,73.96,988.31,1638725023831,"2021-12-05T22:53:43+05:30"
65,76,78,23.02,73.97,988.29,1638725074702,"2021-12-05T22:54:34+05:30"
66,77,79,23.02,73.94,988.27,1638725095211,"2021-12-05T22:54:55+05:30"
68,79,81,23.02,73.96,988.24,1638725116086,"2021-12-05T22:55:16+05:30"
65,75,78,23.02,73.96,988.21,1638725146390,"2021-12-05T22:55:46+05:30"
64,74,78,23.03,73.98,988.2,1638725176680,"2021-12-05T22:56:16+05:30"
66,78,81,23.03,73.95,988.17,1638725227595,"2021-12-05T22:57:07+05:30"
66,78,81,23.03,73.92,988.16,1638725248118,"2021-12-05T22:57:28+05:30"
66,77,79,23.03,73.91,988.16,1638725268665,"2021-12-05T22:57:48+05:30"
66,79,80,23.03,73.91,988.16,1638725298807,"2021-12-05T22:58:18+05:30"
66,78,80,23.03,73.9,988.14,1638725329538,"2021-12-05T22:58:49+05:30"
68,79,80,23.03,73.87,988.14,1638725360138,"2021-12-05T22:59:20+05:30"
69,81,83,23.03,73.86,988.13,1638725390829,"2021-12-05T22:59:50+05:30"
67,80,81,23.03,73.85,988.11,1638725421210,"2021-12-05T23:00:21+05:30"
66,75,77,23.02,73.83,988.13,1638725451428,"2021-12-05T23:00:51+05:30"
64,75,77,23.01,73.81,988.12,1638725481870,"2021-12-05T23:01:21+05:30"
64,77,78,23.01,73.85,988.13,1638725532720,"2021-12-05T23:02:12+05:30"
65,76,79,23.02,73.86,988.13,1638725553256,"2021-12-05T23:02:33+05:30"
65,77,78,23.01,73.85,988.12,1638725574440,"2021-12-05T23:02:54+05:30"
68,80,80,23.01,73.9,988.11,1638725605004,"2021-12-05T23:03:25+05:30"
69,82,82,23.04,74.05,988.13,1638725655932,"2021-12-05T23:04:15+05:30"
67,79,80,23.04,73.88,988.14,1638725676466,"2021-12-05T23:04:36+05:30"
66,77,80,23.04,73.81,988.12,1638725697366,"2021-12-05T23:04:57+05:30"
67,78,79,23.06,74.06,988.12,1638725727675,"2021-12-05T23:05:27+05:30"
69,79,80,23.08,74.31,988.13,1638725758052,"2021-12-05T23:05:58+05:30"
67,78,79,23.1,74.43,988.13,1638725808950,"2021-12-05T23:06:48+05:30"
66,76,79,23.12,74.54,988.11,1638725829480,"2021-12-05T23:07:09+05:30"
67,79,81,23.14,74.71,988.1,1638725850034,"2021-12-05T23:07:30+05:30"
67,77,81,23.17,74.91,988.11,1638725880374,"2021-12-05T23:08:00+05:30"
67,79,81,23.2,75,988.1,1638725910692,"2021-12-05T23:08:30+05:30"
67,79,82,23.21,75.03,988.12,1638725941222,"2021-12-05T23:09:01+05:30"
66,76,79,23.24,75.01,988.12,1638725971761,"2021-12-05T23:09:31+05:30"
66,81,82,23.26,75.12,988.13,1638726002303,"2021-12-05T23:10:02+05:30"
68,79,81,23.3,75.32,988.14,1638726053227,"2021-12-05T23:10:53+05:30"
67,79,81,23.34,75.39,988.13,1638726073940,"2021-12-05T23:11:13+05:30"
67,78,81,23.38,75.42,988.14,1638726094372,"2021-12-05T23:11:34+05:30"
67,77,79,23.42,75.36,988.15,1638726124442,"2021-12-05T23:12:04+05:30"
69,81,82,23.45,75.36,988.16,1638726154886,"2021-12-05T23:12:34+05:30"
68,80,81,23.48,75.24,988.17,1638726185704,"2021-12-05T23:13:05+05:30"
68,81,82,23.49,75.13,988.17,1638726216440,"2021-12-05T23:13:36+05:30"
70,82,85,23.25,75.12,988.02,1638726939411,"2021-12-05T23:25:39+05:30"
73,88,89,23.08,75.98,988.07,1638726959899,"2021-12-05T23:25:59+05:30"
71,85,86,22.99,76.36,988.07,1638726989202,"2021-12-05T23:26:29+05:30"
73,86,88,23.22,78.81,988.03,1638727021293,"2021-12-05T23:27:01+05:30"
69,81,82,23.29,78.82,987.98,1638727050236,"2021-12-05T23:27:30+05:30"
66,75,78,23.32,77.92,987.97,1638727080533,"2021-12-05T23:28:00+05:30"
67,78,79,23.36,77.63,987.95,1638727111026,"2021-12-05T23:28:31+05:30"
67,78,79,23.38,77.5,987.95,1638727141769,"2021-12-05T23:29:01+05:30"
67,78,79,23.38,77.5,987.95,1638727142973,"2021-12-05T23:29:02+05:30"
67,79,80,23.39,77.4,987.95,1638727171933,"2021-12-05T23:29:31+05:30"
66,79,80,23.4,77.4,987.95,1638727202558,"2021-12-05T23:30:02+05:30"
68,81,84,23.41,77.43,987.96,1638727232900,"2021-12-05T23:30:32+05:30"
68,78,80,23.41,77.36,987.97,1638727283728,"2021-12-05T23:31:23+05:30"
67,78,80,23.42,77.39,987.98,1638727304633,"2021-12-05T23:31:44+05:30"
67,80,82,23.43,77.36,987.99,1638727325225,"2021-12-05T23:32:05+05:30"
66,80,82,23.44,77.34,988,1638727355594,"2021-12-05T23:32:35+05:30"
67,77,80,23.43,77.28,988.03,1638727385973,"2021-12-05T23:33:05+05:30"
60,75,82,21.17,87.37,989.49,1638768181049,"2021-12-06T10:53:01+05:30"
64,76,80,21.34,88.59,989.51,1638768201577,"2021-12-06T10:53:21+05:30"
56,65,72,21.47,86.8,989.51,1638768229483,"2021-12-06T10:53:49+05:30"
56,65,72,21.68,85.16,989.52,1638768260004,"2021-12-06T10:54:20+05:30"
54,62,70,21.89,83.85,989.51,1638768290111,"2021-12-06T10:54:50+05:30"
55,62,72,22.07,82.95,989.51,1638768340978,"2021-12-06T10:55:40+05:30"
53,62,70,22.24,82.4,989.49,1638768361537,"2021-12-06T10:56:01+05:30"
54,62,70,22.36,81.54,989.48,1638768382267,"2021-12-06T10:56:22+05:30"
53,61,70,22.48,81.08,989.47,1638768411771,"2021-12-06T10:56:51+05:30"
55,62,71,22.63,80.98,989.46,1638768441925,"2021-12-06T10:57:21+05:30"
56,65,73,22.68,80.06,989.46,1638768472775,"2021-12-06T10:57:52+05:30"
55,65,73,22.73,79.42,989.45,1638768503418,"2021-12-06T10:58:23+05:30"
57,66,73,22.75,78.73,989.44,1638768554504,"2021-12-06T10:59:14+05:30"
56,67,73,22.81,78.91,989.45,1638768574745,"2021-12-06T10:59:34+05:30"
56,65,73,22.87,79.03,989.44,1638768595662,"2021-12-06T10:59:55+05:30"
56,66,73,22.91,79.06,989.43,1638768626257,"2021-12-06T11:00:26+05:30"
57,67,74,22.95,78.97,989.41,1638768656850,"2021-12-06T11:00:56+05:30"
57,66,73,22.98,78.9,989.41,1638768707676,"2021-12-06T11:01:47+05:30"
57,69,74,23.03,78.93,989.39,1638768728182,"2021-12-06T11:02:08+05:30"
57,69,75,23.03,78.29,989.41,1638768749031,"2021-12-06T11:02:29+05:30"
56,66,73,23.06,78.26,989.39,1638768799809,"2021-12-06T11:03:19+05:30"
57,65,73,23.09,78.36,989.36,1638768820313,"2021-12-06T11:03:40+05:30"
57,66,74,23.09,78.14,989.37,1638768841079,"2021-12-06T11:04:01+05:30"
55,64,72,23.1,78.06,989.39,1638768871376,"2021-12-06T11:04:31+05:30"
58,67,74,23.12,78.11,989.37,1638768922178,"2021-12-06T11:05:22+05:30"
57,67,74,23.14,78.33,989.35,1638768942905,"2021-12-06T11:05:42+05:30"
57,67,74,23.17,78.12,989.36,1638768963258,"2021-12-06T11:06:03+05:30"
56,66,73,23.16,77.72,989.36,1638768993865,"2021-12-06T11:06:33+05:30"
58,68,74,23.18,77.74,989.35,1638769024376,"2021-12-06T11:07:04+05:30"
57,66,73,23.19,77.7,989.36,1638769054778,"2021-12-06T11:07:34+05:30"
56,63,72,23.18,77.53,989.35,1638769085281,"2021-12-06T11:08:05+05:30"
56,65,74,23.21,77.68,989.36,1638769135989,"2021-12-06T11:08:55+05:30"
58,68,74,23.2,77.39,989.35,1638769156510,"2021-12-06T11:09:16+05:30"
57,68,74,23.24,77.69,989.35,1638769177860,"2021-12-06T11:09:37+05:30"
57,68,75,23.26,77.67,989.35,1638769228709,"2021-12-06T11:10:28+05:30"
57,67,73,23.31,77.97,989.36,1638769249282,"2021-12-06T11:10:49+05:30"
59,68,74,23.32,77.88,989.38,1638769269779,"2021-12-06T11:11:09+05:30"
58,67,74,23.34,77.66,989.38,1638769300497,"2021-12-06T11:11:40+05:30"
58,70,75,23.35,77.62,989.38,1638769330552,"2021-12-06T11:12:10+05:30"
59,70,75,23.38,77.42,989.39,1638769360875,"2021-12-06T11:12:40+05:30"
59,68,74,23.38,77.12,989.36,1638769391004,"2021-12-06T11:13:11+05:30"
57,67,73,23.38,76.59,989.37,1638769421582,"2021-12-06T11:13:41+05:30"
61,70,75,23.39,76.6,989.4,1638769452235,"2021-12-06T11:14:12+05:30"
58,67,74,23.43,76.9,989.38,1638769502735,"2021-12-06T11:15:02+05:30"
57,65,73,23.44,77.2,989.38,1638769523517,"2021-12-06T11:15:23+05:30"
57,65,73,23.44,77.2,989.38,1638769524519,"2021-12-06T11:15:24+05:30"
58,68,74,23.44,77.34,989.38,1638769543803,"2021-12-06T11:15:43+05:30"
58,67,74,23.47,77.52,989.36,1638769574080,"2021-12-06T11:16:14+05:30"
60,71,76,23.53,78.02,989.37,1638769604169,"2021-12-06T11:16:44+05:30"
57,66,72,23.54,78.17,989.35,1638769634441,"2021-12-06T11:17:14+05:30"
59,69,75,23.54,78.07,989.36,1638769685332,"2021-12-06T11:18:05+05:30"
57,68,74,23.55,78.09,989.36,1638769705752,"2021-12-06T11:18:25+05:30"
57,66,74,23.58,78.25,989.37,1638769726346,"2021-12-06T11:18:46+05:30"
56,66,74,23.61,78.61,989.37,1638769756107,"2021-12-06T11:19:16+05:30"
57,66,73,23.64,78.83,989.38,1638769786609,"2021-12-06T11:19:46+05:30"
57,67,74,23.66,78.88,989.37,1638769837385,"2021-12-06T11:20:37+05:30"
56,67,74,23.69,79.28,989.36,1638769857898,"2021-12-06T11:20:57+05:30"
57,68,74,23.7,79.43,989.35,1638769878715,"2021-12-06T11:21:18+05:30"
58,69,75,23.71,79.25,989.37,1638769929595,"2021-12-06T11:22:09+05:30"
58,68,74,23.72,79.35,989.36,1638769950375,"2021-12-06T11:22:30+05:30"
60,71,77,23.76,79.8,989.36,1638769971215,"2021-12-06T11:22:51+05:30"
59,69,75,23.76,80.21,989.38,1638770001374,"2021-12-06T11:23:21+05:30"
58,68,73,23.75,80.28,989.36,1638770031822,"2021-12-06T11:23:51+05:30"
58,69,75,23.75,80.11,989.37,1638770062519,"2021-12-06T11:24:22+05:30"
57,67,74,23.75,79.76,989.36,1638770092895,"2021-12-06T11:24:52+05:30"
56,65,74,23.78,79.73,989.36,1638770147614,"2021-12-06T11:25:47+05:30"
56,64,72,23.79,79.91,989.34,1638770168648,"2021-12-06T11:26:08+05:30"
57,68,74,23.82,79.91,989.33,1638770198624,"2021-12-06T11:26:38+05:30"
57,66,73,23.87,79.72,989.32,1638770249538,"2021-12-06T11:27:29+05:30"
62,72,77,23.94,79.94,989.33,1638770270057,"2021-12-06T11:27:50+05:30"
62,72,76,24.01,79.98,989.33,1638770290646,"2021-12-06T11:28:10+05:30"
73,86,88,24.07,80.39,989.33,1638770320862,"2021-12-06T11:28:40+05:30"
72,83,85,24.14,80.72,989.33,1638770351384,"2021-12-06T11:29:11+05:30"
78,92,93,24.2,80.99,989.33,1638770382095,"2021-12-06T11:29:42+05:30"
76,88,90,24.26,81.3,989.33,1638770412489,"2021-12-06T11:30:12+05:30"
86,103,105,24.34,81.82,989.33,1638770442997,"2021-12-06T11:30:42+05:30"
90,106,110,24.4,82.63,989.33,1638770473256,"2021-12-06T11:31:13+05:30"
105,121,123,24.41,82.37,989.32,1638770503902,"2021-12-06T11:31:43+05:30"
104,123,125,24.45,82.87,989.32,1638770534149,"2021-12-06T11:32:14+05:30"
102,121,123,24.44,82.7,989.33,1638770564786,"2021-12-06T11:32:44+05:30"
102,120,122,24.45,82.2,989.31,1638770595098,"2021-12-06T11:33:15+05:30"
115,134,137,24.47,81.95,989.29,1638770625215,"2021-12-06T11:33:45+05:30"
143,169,172,24.51,81.78,989.31,1638770655665,"2021-12-06T11:34:15+05:30"
132,155,159,24.58,82.21,989.31,1638770685847,"2021-12-06T11:34:45+05:30"
137,165,168,24.62,82.46,989.3,1638770716235,"2021-12-06T11:35:16+05:30"
131,158,165,24.64,82.62,989.3,1638770746734,"2021-12-06T11:35:46+05:30"
127,150,155,24.62,81.94,989.3,1638770777253,"2021-12-06T11:36:17+05:30"
131,155,158,24.63,81.81,989.33,1638770807861,"2021-12-06T11:36:47+05:30"
134,159,165,24.64,81.66,989.35,1638770837849,"2021-12-06T11:37:17+05:30"
137,163,168,24.66,81.51,989.38,1638770867921,"2021-12-06T11:37:47+05:30"
144,173,179,24.67,81.33,989.39,1638770898428,"2021-12-06T11:38:18+05:30"
152,184,190,24.77,81.68,989.4,1638770949195,"2021-12-06T11:39:09+05:30"
173,218,227,24.91,83.67,989.41,1638770969762,"2021-12-06T11:39:29+05:30"
172,215,224,24.87,83.44,989.41,1638770990663,"2021-12-06T11:39:50+05:30"
163,205,215,24.82,83.13,989.42,1638771020768,"2021-12-06T11:40:20+05:30"
160,195,203,24.77,82.93,989.41,1638771050806,"2021-12-06T11:40:50+05:30"
158,194,201,24.74,82.96,989.37,1638771080920,"2021-12-06T11:41:20+05:30"
155,189,197,24.69,82.83,989.36,1638771111068,"2021-12-06T11:41:51+05:30"
154,191,198,24.65,82.94,989.35,1638771141072,"2021-12-06T11:42:21+05:30"
153,190,199,24.6,82.71,989.34,1638771171167,"2021-12-06T11:42:51+05:30"
153,190,198,24.58,82.88,989.33,1638771201789,"2021-12-06T11:43:21+05:30"
154,190,196,24.58,82.91,989.33,1638771232282,"2021-12-06T11:43:52+05:30"
154,190,196,24.59,82.67,989.31,1638771262817,"2021-12-06T11:44:22+05:30"
155,193,199,24.61,82.42,989.32,1638771293384,"2021-12-06T11:44:53+05:30"
154,188,196,24.62,82.11,989.31,1638771323507,"2021-12-06T11:45:23+05:30"
149,181,187,24.63,81.97,989.32,1638771353567,"2021-12-06T11:45:53+05:30"
147,178,184,24.64,81.8,989.32,1638771383633,"2021-12-06T11:46:23+05:30"
148,179,187,24.63,81.58,989.32,1638771413868,"2021-12-06T11:46:53+05:30"
147,182,186,24.62,81.43,989.33,1638771444253,"2021-12-06T11:47:24+05:30"
148,179,184,24.62,81.35,989.33,1638771474354,"2021-12-06T11:47:54+05:30"
146,173,178,24.61,81.16,989.34,1638771504421,"2021-12-06T11:48:24+05:30"
146,177,183,24.62,81.04,989.34,1638771534846,"2021-12-06T11:48:54+05:30"
149,183,190,24.63,80.88,989.34,1638771565010,"2021-12-06T11:49:25+05:30"
147,182,190,24.62,80.66,989.33,1638771595090,"2021-12-06T11:49:55+05:30"
143,172,178,24.62,80.54,989.31,1638771625156,"2021-12-06T11:50:25+05:30"
144,173,180,24.62,80.48,989.3,1638771655224,"2021-12-06T11:50:55+05:30"
142,171,180,24.62,80.41,989.29,1638771685305,"2021-12-06T11:51:25+05:30"
140,168,174,24.6,80.33,989.29,1638771715812,"2021-12-06T11:51:55+05:30"
138,168,172,24.61,80.31,989.29,1638771745883,"2021-12-06T11:52:25+05:30"
136,165,169,24.54,79.49,989.28,1638771776011,"2021-12-06T11:52:56+05:30"
136,164,171,24.51,79,989.27,1638771806257,"2021-12-06T11:53:26+05:30"
137,167,174,24.46,79.67,989.26,1638771836561,"2021-12-06T11:53:56+05:30"
114,136,142,24.32,77.95,989.27,1638771866848,"2021-12-06T11:54:26+05:30"
104,126,131,24.24,76.66,989.25,1638771897094,"2021-12-06T11:54:57+05:30"
94,114,116,24.13,74.93,989.25,1638771948024,"2021-12-06T11:55:48+05:30"
93,111,113,24.11,74.42,989.23,1638771968615,"2021-12-06T11:56:08+05:30"
88,104,107,24.06,74.31,989.21,1638771989093,"2021-12-06T11:56:29+05:30"
90,105,107,24.02,74.07,989.19,1638772019001,"2021-12-06T11:56:59+05:30"
57,67,71,18.73,78.32,993.1,1639114311788,"2021-12-10T11:01:51+05:30"
57,64,70,18.91,76.95,993.13,1639114332291,"2021-12-10T11:02:12+05:30"
58,65,71,19.2,75.69,993.14,1639114358744,"2021-12-10T11:02:38+05:30"
56,62,71,19.48,74.42,993.14,1639114390304,"2021-12-10T11:03:10+05:30"
58,66,74,19.74,73.38,993.14,1639114419169,"2021-12-10T11:03:39+05:30"
57,67,73,19.96,72.45,993.12,1639114470058,"2021-12-10T11:04:30+05:30"
58,68,74,20.14,71.82,993.12,1639114490599,"2021-12-10T11:04:50+05:30"
57,66,73,20.29,71.4,993.12,1639114511467,"2021-12-10T11:05:11+05:30"
56,66,73,20.4,70.97,993.13,1639114541451,"2021-12-10T11:05:41+05:30"
57,66,74,20.5,70.62,993.12,1639114571634,"2021-12-10T11:06:11+05:30"
57,66,74,20.57,70.3,993.09,1639114603222,"2021-12-10T11:06:43+05:30"
57,65,72,20.64,70,993.07,1639114632825,"2021-12-10T11:07:12+05:30"
56,65,73,20.66,70.09,993.05,1639114663370,"2021-12-10T11:07:43+05:30"
58,68,75,20.65,69.71,993.06,1639114714248,"2021-12-10T11:08:34+05:30"
58,67,74,20.64,69.11,993.05,1639114735000,"2021-12-10T11:08:55+05:30"
56,65,72,20.67,69.18,993.05,1639114755418,"2021-12-10T11:09:15+05:30"
57,66,74,20.7,70.07,993.05,1639114785550,"2021-12-10T11:09:45+05:30"
57,66,74,20.7,70.07,993.05,1639114787276,"2021-12-10T11:09:47+05:30"
56,65,73,20.68,70.3,993.07,1639114816257,"2021-12-10T11:10:16+05:30"
56,66,73,20.68,70.38,993.05,1639114846931,"2021-12-10T11:10:46+05:30"
36,46,54,24.1,57.96,994.35,1639120834126,"2021-12-10T12:50:34+05:30"