From Date,To Date,PM2.5,PM10,NO,NO2,NOx
01-11-2021 00:00,01-11-2021 00:15,91,180,29.3,25.3,54.6
01-11-2021 00:15,01-11-2021 00:30,91,180,30.5,26.1,56.6
01-11-2021 00:30,01-11-2021 00:45,91,180,31.1,26.4,57.4
01-11-2021 00:45,01-11-2021 01:00,91,180,30.7,21.7,52.4
01-11-2021 01:00,01-11-2021 01:15,111,194,32.3,22.1,54.3
01-11-2021 01:15,01-11-2021 01:30,111,194,35.4,19,54.3
01-11-2021 01:30,01-11-2021 01:45,111,194,40,21.2,61.2
01-11-2021 01:45,01-11-2021 02:00,111,194,46.8,23.4,70.3
01-11-2021 02:00,01-11-2021 02:15,102,206,None,None,None
01-11-2021 02:15,01-11-2021 02:30,102,206,None,None,None
01-11-2021 02:30,01-11-2021 02:45,102,206,None,None,None
01-11-2021 02:45,01-11-2021 03:00,102,206,54.7,28.8,83.5
01-11-2021 03:00,01-11-2021 03:15,112,183,58.1,27,85.1
01-11-2021 03:15,01-11-2021 03:30,112,183,60.5,27.4,87.8
01-11-2021 03:30,01-11-2021 03:45,112,183,60.8,25.7,86.5
01-11-2021 03:45,01-11-2021 04:00,112,183,58.1,24.5,82.6
01-11-2021 04:00,01-11-2021 04:15,110,180,54.3,24,78.3
01-11-2021 04:15,01-11-2021 04:30,110,180,51.9,26,78
01-11-2021 04:30,01-11-2021 04:45,110,180,53.9,24.4,78.3
01-11-2021 04:45,01-11-2021 05:00,110,180,49.7,28.3,78
01-11-2021 05:00,01-11-2021 05:15,117,200,48.2,29.7,77.9
01-11-2021 05:15,01-11-2021 05:30,117,200,50,30,79.9
01-11-2021 05:30,01-11-2021 05:45,117,200,53.5,27.3,80.8
01-11-2021 05:45,01-11-2021 06:00,117,200,56.7,24.9,81.6
01-11-2021 06:00,01-11-2021 06:15,113,212,60.4,22.8,83.2
01-11-2021 06:15,01-11-2021 06:30,113,212,66.4,18.3,84.7
01-11-2021 06:30,01-11-2021 06:45,113,212,70,18.9,88.9
01-11-2021 06:45,01-11-2021 07:00,113,212,73.2,23.3,96.5
01-11-2021 07:00,01-11-2021 07:15,133,232,74.2,26,100.3
01-11-2021 07:15,01-11-2021 07:30,133,232,78.7,26.1,104.8
01-11-2021 07:30,01-11-2021 07:45,133,232,81.5,26.8,108.3
01-11-2021 07:45,01-11-2021 08:00,133,232,79.9,28.8,108.7
01-11-2021 08:00,01-11-2021 08:15,141,241,69.7,31.7,101.4
01-11-2021 08:15,01-11-2021 08:30,141,241,57.3,36.2,93.5
01-11-2021 08:30,01-11-2021 08:45,141,241,45.9,36.6,82.5
01-11-2021 08:45,01-11-2021 09:00,141,241,29.7,38.1,67.8
01-11-2021 09:00,01-11-2021 09:15,143,269,16.7,39.8,56.5
01-11-2021 09:15,01-11-2021 09:30,143,269,11,37.3,48.2
01-11-2021 09:30,01-11-2021 09:45,143,269,3.7,30.2,33.9
01-11-2021 09:45,01-11-2021 10:00,143,269,6.1,24.4,30.5
01-11-2021 10:00,01-11-2021 10:15,105,267,5.2,20.8,26
01-11-2021 10:15,01-11-2021 10:30,105,267,4.6,19.6,24.3
01-11-2021 10:30,01-11-2021 10:45,105,267,2.8,19.8,22.7
01-11-2021 10:45,01-11-2021 11:00,105,267,3.1,17.2,20.3
01-11-2021 11:00,01-11-2021 11:15,90,237,3.4,15.6,19
01-11-2021 11:15,01-11-2021 11:30,90,237,5.1,14.1,19.2
01-11-2021 11:30,01-11-2021 11:45,90,237,5.4,13.2,18.6
01-11-2021 11:45,01-11-2021 12:00,90,237,6.8,12.1,18.9
01-11-2021 12:00,01-11-2021 12:15,96,210,4,12,16
01-11-2021 12:15,01-11-2021 12:30,96,210,3,12.8,15.9
01-11-2021 12:30,01-11-2021 12:45,96,210,3.5,12.4,15.9
01-11-2021 12:45,01-11-2021 13:00,96,210,4,10.5,14.6
01-11-2021 13:00,01-11-2021 13:15,88,199,6,9.6,15.6
01-11-2021 13:15,01-11-2021 13:30,88,199,4.2,10.1,14.3
01-11-2021 13:30,01-11-2021 13:45,88,199,4.5,9.5,14
01-11-2021 13:45,01-11-2021 14:00,88,199,0.3,9.2,9.5
01-11-2021 14:00,01-11-2021 14:15,69,163,6,8.6,14.6
01-11-2021 14:15,01-11-2021 14:30,69,163,5.1,7.4,12.4
01-11-2021 14:30,01-11-2021 14:45,69,163,4,7.3,11.3
01-11-2021 14:45,01-11-2021 15:00,69,163,5.6,7.3,12.9
01-11-2021 15:00,01-11-2021 15:15,46,114,2.4,10.5,12.9
01-11-2021 15:15,01-11-2021 15:30,46,114,3.4,11.4,14.8
01-11-2021 15:30,01-11-2021 15:45,46,114,3.4,10,13.3
01-11-2021 15:45,01-11-2021 16:00,46,114,4.5,10.1,14.6
01-11-2021 16:00,01-11-2021 16:15,57,141,4,9.1,13.1
01-11-2021 16:15,01-11-2021 16:30,57,141,5.1,12.1,17.2
01-11-2021 16:30,01-11-2021 16:45,57,141,3.6,13.4,17.1
01-11-2021 16:45,01-11-2021 17:00,57,141,5.2,14.5,19.6
01-11-2021 17:00,01-11-2021 17:15,73,174,3.8,16.1,19.9
01-11-2021 17:15,01-11-2021 17:30,73,174,4,16.5,20.5
01-11-2021 17:30,01-11-2021 17:45,73,174,4.4,18.1,22.5
01-11-2021 17:45,01-11-2021 18:00,73,174,4.7,21.3,26
01-11-2021 18:00,01-11-2021 18:15,101,237,4.4,23.1,27.5
01-11-2021 18:15,01-11-2021 18:30,101,237,4.9,25.2,30
01-11-2021 18:30,01-11-2021 18:45,101,237,3.9,30.1,34
01-11-2021 18:45,01-11-2021 19:00,101,237,5.6,32.4,38
01-11-2021 19:00,01-11-2021 19:15,116,263,3.2,32.2,35.3
01-11-2021 19:15,01-11-2021 19:30,116,263,5.3,31.2,36.5
01-11-2021 19:30,01-11-2021 19:45,116,263,6.6,32.3,38.9
01-11-2021 19:45,01-11-2021 20:00,116,263,4.3,31,35.3
01-11-2021 20:00,01-11-2021 20:15,138,274,4.1,29.5,33.6
01-11-2021 20:15,01-11-2021 20:30,138,274,4.7,28.8,33.5
01-11-2021 20:30,01-11-2021 20:45,138,274,4.9,29.2,34.1
01-11-2021 20:45,01-11-2021 21:00,138,274,5.6,28.3,33.9
01-11-2021 21:00,01-11-2021 21:15,140,254,3.3,29,32.2
01-11-2021 21:15,01-11-2021 21:30,140,254,3.6,31.1,34.7
01-11-2021 21:30,01-11-2021 21:45,140,254,4.5,30.6,35.1
01-11-2021 21:45,01-11-2021 22:00,140,254,5.2,28.7,33.9
01-11-2021 22:00,01-11-2021 22:15,132,254,4.3,31.6,35.9
01-11-2021 22:15,01-11-2021 22:30,132,254,3.1,34.2,37.4
01-11-2021 22:30,01-11-2021 22:45,132,254,4.8,35.6,40.4
01-11-2021 22:45,01-11-2021 23:00,132,254,6.6,34.1,40.7
01-11-2021 23:00,01-11-2021 23:15,140,256,4.8,33.5,38.3
01-11-2021 23:15,01-11-2021 23:30,140,256,4.4,33.7,38.1
01-11-2021 23:30,01-11-2021 23:45,140,256,5.8,32,37.8
01-11-2021 23:45,02-11-2021 00:00,140,256,3.9,32.7,36.6
02-11-2021 00:00,02-11-2021 00:15,133,246,6.5,30.7,37.2
02-11-2021 00:15,02-11-2021 00:30,133,246,5.4,31.9,37.3
02-11-2021 00:30,02-11-2021 00:45,133,246,5.8,30.6,36.5
02-11-2021 00:45,02-11-2021 01:00,133,246,4.7,31.4,36.1
02-11-2021 01:00,02-11-2021 01:15,169,273,4.5,32.3,36.8
02-11-2021 01:15,02-11-2021 01:30,169,273,3.3,32.8,36.1
02-11-2021 01:30,02-11-2021 01:45,169,273,5.2,29.9,35
02-11-2021 01:45,02-11-2021 02:00,169,273,5.5,29.1,34.6
02-11-2021 02:00,02-11-2021 02:15,163,280,None,None,None
02-11-2021 02:15,02-11-2021 02:30,163,280,None,None,None
02-11-2021 02:30,02-11-2021 02:45,163,280,None,None,None
02-11-2021 02:45,02-11-2021 03:00,163,280,4.4,21.4,25.9
02-11-2021 03:00,02-11-2021 03:15,175,274,3.6,21.4,25
02-11-2021 03:15,02-11-2021 03:30,175,274,2.7,18.7,21.4
02-11-2021 03:30,02-11-2021 03:45,175,274,4.2,17.6,21.8
02-11-2021 03:45,02-11-2021 04:00,175,274,2.8,16.7,19.5
02-11-2021 04:00,02-11-2021 04:15,174,262,3.3,15.8,19.2
02-11-2021 04:15,02-11-2021 04:30,174,262,1.4,15.6,17
02-11-2021 04:30,02-11-2021 04:45,174,262,3.1,15.2,18.4
02-11-2021 04:45,02-11-2021 05:00,174,262,3.3,17.1,20.4
02-11-2021 05:00,02-11-2021 05:15,155,212,3.5,18.2,21.7
02-11-2021 05:15,02-11-2021 05:30,155,212,4.2,20.2,24.4
02-11-2021 05:30,02-11-2021 05:45,155,212,2.8,17.1,19.9
02-11-2021 05:45,02-11-2021 06:00,155,212,2.9,18.6,21.5
02-11-2021 06:00,02-11-2021 06:15,152,221,4.8,15.9,20.7
02-11-2021 06:15,02-11-2021 06:30,152,221,5.2,16.7,21.9
02-11-2021 06:30,02-11-2021 06:45,152,221,3.9,22.9,26.8
02-11-2021 06:45,02-11-2021 07:00,152,221,6,24.1,30.1
02-11-2021 07:00,02-11-2021 07:15,156,222,3.5,25.2,28.7
02-11-2021 07:15,02-11-2021 07:30,156,222,4,28.3,32.4
02-11-2021 07:30,02-11-2021 07:45,156,222,7.7,29.2,36.9
02-11-2021 07:45,02-11-2021 08:00,156,222,8.2,31.2,39.4
02-11-2021 08:00,02-11-2021 08:15,171,248,10,29.4,39.5
02-11-2021 08:15,02-11-2021 08:30,171,248,9,30.8,39.7
02-11-2021 08:30,02-11-2021 08:45,171,248,7.7,31.3,39
02-11-2021 08:45,02-11-2021 09:00,171,248,6.6,28.9,35.5
02-11-2021 09:00,02-11-2021 09:15,169,289,4,21.6,25.6
02-11-2021 09:15,02-11-2021 09:30,169,289,4.4,16.5,20.8
02-11-2021 09:30,02-11-2021 09:45,169,289,4,13.7,17.7
02-11-2021 09:45,02-11-2021 10:00,169,289,5.1,12,17.1
02-11-2021 10:00,02-11-2021 10:15,106,226,2.8,13.7,16.5
02-11-2021 10:15,02-11-2021 10:30,106,226,3.5,13.9,17.5
02-11-2021 10:30,02-11-2021 10:45,106,226,3.3,13.9,17.2
02-11-2021 10:45,02-11-2021 11:00,106,226,4.5,12.4,16.9
02-11-2021 11:00,02-11-2021 11:15,101,219,4.2,12.6,16.8
02-11-2021 11:15,02-11-2021 11:30,101,219,4.1,13.4,17.5
02-11-2021 11:30,02-11-2021 11:45,101,219,3.8,10.7,14.5
02-11-2021 11:45,02-11-2021 12:00,101,219,5.5,11.2,16.7
02-11-2021 12:00,02-11-2021 12:15,101,223,5.7,12.4,18.1
02-11-2021 12:15,02-11-2021 12:30,101,223,4,12.1,16.1
02-11-2021 12:30,02-11-2021 12:45,101,223,2.4,11,13.3
02-11-2021 12:45,02-11-2021 13:00,101,223,1.3,11,12.3
02-11-2021 13:00,02-11-2021 13:15,101,208,3.6,12.6,16.2
02-11-2021 13:15,02-11-2021 13:30,101,208,3.7,12.4,16.1
02-11-2021 13:30,02-11-2021 13:45,101,208,4.2,12,16.2
02-11-2021 13:45,02-11-2021 14:00,101,208,4.2,11.6,15.8
02-11-2021 14:00,02-11-2021 14:15,100,205,4.4,10.6,15
02-11-2021 14:15,02-11-2021 14:30,100,205,3.3,11.5,14.8
02-11-2021 14:30,02-11-2021 14:45,100,205,3.4,11,14.4
02-11-2021 14:45,02-11-2021 15:00,100,205,4.2,11.3,15.5
02-11-2021 15:00,02-11-2021 15:15,97,182,4.2,10.3,14.5
02-11-2021 15:15,02-11-2021 15:30,97,182,1.2,12.8,14
02-11-2021 15:30,02-11-2021 15:45,97,182,3.3,13.2,16.4
02-11-2021 15:45,02-11-2021 16:00,97,182,4,12,16
02-11-2021 16:00,02-11-2021 16:15,85,171,3.4,12.8,16.2
02-11-2021 16:15,02-11-2021 16:30,85,171,3.7,11.9,15.6
02-11-2021 16:30,02-11-2021 16:45,85,171,6.3,8.5,14.7
02-11-2021 16:45,02-11-2021 17:00,85,171,2.8,13,15.8
02-11-2021 17:00,02-11-2021 17:15,83,178,2.7,16.3,19
02-11-2021 17:15,02-11-2021 17:30,83,178,4.3,19.3,23.6
02-11-2021 17:30,02-11-2021 17:45,83,178,3.4,21.3,24.7
02-11-2021 17:45,02-11-2021 18:00,83,178,2.8,25.1,28
02-11-2021 18:00,02-11-2021 18:15,90,213,6,22.2,28.3
02-11-2021 18:15,02-11-2021 18:30,90,213,4.5,26,30.5
02-11-2021 18:30,02-11-2021 18:45,90,213,5.9,28.9,34.8
02-11-2021 18:45,02-11-2021 19:00,90,213,6.4,30.5,36.9
02-11-2021 19:00,02-11-2021 19:15,132,280,6.1,32.5,38.6
02-11-2021 19:15,02-11-2021 19:30,132,280,7.7,33.9,41.7
02-11-2021 19:30,02-11-2021 19:45,132,280,6.4,34.6,41
02-11-2021 19:45,02-11-2021 20:00,132,280,6.1,35.4,41.5
02-11-2021 20:00,02-11-2021 20:15,132,274,7.9,34.3,42.2
02-11-2021 20:15,02-11-2021 20:30,132,274,9,35.4,44.4
02-11-2021 20:30,02-11-2021 20:45,132,274,10.4,37.3,47.8
02-11-2021 20:45,02-11-2021 21:00,132,274,10.1,35.5,45.6
02-11-2021 21:00,02-11-2021 21:15,121,243,9.2,37.9,47.1
02-11-2021 21:15,02-11-2021 21:30,121,243,9.6,36.1,45.7
02-11-2021 21:30,02-11-2021 21:45,121,243,7.5,36.7,44.1
02-11-2021 21:45,02-11-2021 22:00,121,243,11,36.7,47.6
02-11-2021 22:00,02-11-2021 22:15,133,260,9.7,38.9,48.6
02-11-2021 22:15,02-11-2021 22:30,133,260,10.6,37,47.6
02-11-2021 22:30,02-11-2021 22:45,133,260,10.6,37,47.6
02-11-2021 22:45,02-11-2021 23:00,133,260,11.3,36.1,47.4
02-11-2021 23:00,02-11-2021 23:15,132,255,11.2,35.5,46.6
02-11-2021 23:15,02-11-2021 23:30,132,255,10.7,34.6,45.4
02-11-2021 23:30,02-11-2021 23:45,132,255,11,35.4,46.3
02-11-2021 23:45,03-11-2021 00:00,132,255,11.8,34.8,46.6
03-11-2021 00:00,03-11-2021 00:15,132,240,10.9,33.8,44.7
03-11-2021 00:15,03-11-2021 00:30,132,240,11.8,35.4,47.2
03-11-2021 00:30,03-11-2021 00:45,132,240,11.8,36.4,48.2
03-11-2021 00:45,03-11-2021 01:00,132,240,11.7,37.8,49.5
03-11-2021 01:00,03-11-2021 01:15,141,257,14.8,37.5,52.3
03-11-2021 01:15,03-11-2021 01:30,141,257,16.6,38.2,54.8
03-11-2021 01:30,03-11-2021 01:45,141,257,16.5,37.6,54.1
03-11-2021 01:45,03-11-2021 02:00,141,257,17.2,36.8,54
03-11-2021 02:00,03-11-2021 02:15,136,250,None,None,None
03-11-2021 02:15,03-11-2021 02:30,136,250,None,None,None
03-11-2021 02:30,03-11-2021 02:45,136,250,None,None,None
03-11-2021 02:45,03-11-2021 03:00,136,250,18.4,32.1,50.5
03-11-2021 03:00,03-11-2021 03:15,138,229,17.2,31.8,49
03-11-2021 03:15,03-11-2021 03:30,138,229,15.2,33.7,48.9
03-11-2021 03:30,03-11-2021 03:45,138,229,17,31.6,48.6
03-11-2021 03:45,03-11-2021 04:00,138,229,17.5,32.1,49.6
03-11-2021 04:00,03-11-2021 04:15,160,255,17.6,32.8,50.4
03-11-2021 04:15,03-11-2021 04:30,160,255,20.5,31.8,52.2
03-11-2021 04:30,03-11-2021 04:45,160,255,20.2,30.3,50.5
03-11-2021 04:45,03-11-2021 05:00,160,255,20.5,29.1,49.5
03-11-2021 05:00,03-11-2021 05:15,179,265,18.3,28.6,47
03-11-2021 05:15,03-11-2021 05:30,179,265,17.2,29.6,46.8
03-11-2021 05:30,03-11-2021 05:45,179,265,17.6,28.8,46.4
03-11-2021 05:45,03-11-2021 06:00,179,265,17.1,27.9,45
03-11-2021 06:00,03-11-2021 06:15,161,248,15.8,28.2,44
03-11-2021 06:15,03-11-2021 06:30,161,248,19,25.5,44.5
03-11-2021 06:30,03-11-2021 06:45,161,248,15.2,27.2,42.4
03-11-2021 06:45,03-11-2021 07:00,161,248,14.1,27.3,41.4
03-11-2021 07:00,03-11-2021 07:15,155,233,14.2,26.7,40.8
03-11-2021 07:15,03-11-2021 07:30,155,233,14.1,25.3,39.4
03-11-2021 07:30,03-11-2021 07:45,155,233,14.6,26.7,41.3
03-11-2021 07:45,03-11-2021 08:00,155,233,14.4,26.1,40.5
03-11-2021 08:00,03-11-2021 08:15,152,224,14,26.7,40.7
03-11-2021 08:15,03-11-2021 08:30,152,224,16.2,28.2,44.3
03-11-2021 08:30,03-11-2021 08:45,152,224,15.1,29.4,44.4
03-11-2021 08:45,03-11-2021 09:00,152,224,14.6,28.7,43.4
03-11-2021 09:00,03-11-2021 09:15,163,260,14.2,28.4,42.5
03-11-2021 09:15,03-11-2021 09:30,163,260,12.9,30.1,42.9
03-11-2021 09:30,03-11-2021 09:45,163,260,11.2,29.6,40.8
03-11-2021 09:45,03-11-2021 10:00,163,260,8.4,30.1,38.4
03-11-2021 10:00,03-11-2021 10:15,145,260,7.6,32.3,40
03-11-2021 10:15,03-11-2021 10:30,145,260,8.3,31.6,39.9
03-11-2021 10:30,03-11-2021 10:45,145,260,6.9,31.4,38.4
03-11-2021 10:45,03-11-2021 11:00,145,260,7.7,29.7,37.4
03-11-2021 11:00,03-11-2021 11:15,122,223,4.5,29.3,33.9
03-11-2021 11:15,03-11-2021 11:30,122,223,4.7,26.3,31
03-11-2021 11:30,03-11-2021 11:45,122,223,5.7,25.3,31
03-11-2021 11:45,03-11-2021 12:00,122,223,4.5,23.5,28
03-11-2021 12:00,03-11-2021 12:15,108,205,4.1,22.3,26.3
03-11-2021 12:15,03-11-2021 12:30,108,205,3.7,11.1,14.8
03-11-2021 12:30,03-11-2021 12:45,108,205,4.3,10.6,14.9
03-11-2021 12:45,03-11-2021 13:00,108,205,5,12.4,17.4
03-11-2021 13:00,03-11-2021 13:15,103,207,4.2,17.4,21.6
03-11-2021 13:15,03-11-2021 13:30,103,207,5.4,18.5,23.9
03-11-2021 13:30,03-11-2021 13:45,103,207,4.6,21.7,26.3
03-11-2021 13:45,03-11-2021 14:00,103,207,3.8,23.8,27.5
03-11-2021 14:00,03-11-2021 14:15,102,202,4.5,22.8,27.3
03-11-2021 14:15,03-11-2021 14:30,102,202,5.3,25.1,30.4
03-11-2021 14:30,03-11-2021 14:45,102,202,3.2,26.4,29.6
03-11-2021 14:45,03-11-2021 15:00,102,202,3.3,27.2,30.5
03-11-2021 15:00,03-11-2021 15:15,89,184,5,27.3,32.3
03-11-2021 15:15,03-11-2021 15:30,89,184,5.5,26.7,32.2
03-11-2021 15:30,03-11-2021 15:45,89,184,3.9,29,32.8
03-11-2021 15:45,03-11-2021 16:00,89,184,4.9,28.5,33.4
03-11-2021 16:00,03-11-2021 16:15,89,175,4,30.7,34.8
03-11-2021 16:15,03-11-2021 16:30,89,175,3.7,30.7,34.4
03-11-2021 16:30,03-11-2021 16:45,89,175,5.4,28.2,33.6
03-11-2021 16:45,03-11-2021 17:00,89,175,4.7,32.4,37.1
03-11-2021 17:00,03-11-2021 17:15,83,157,6.2,32.1,38.4
03-11-2021 17:15,03-11-2021 17:30,83,157,6.6,33.3,40
03-11-2021 17:30,03-11-2021 17:45,83,157,7.2,35.2,42.4
03-11-2021 17:45,03-11-2021 18:00,83,157,6.1,36.3,42.5
03-11-2021 18:00,03-11-2021 18:15,107,213,5.2,36.7,41.9
03-11-2021 18:15,03-11-2021 18:30,107,213,5.2,38.7,43.9
03-11-2021 18:30,03-11-2021 18:45,107,213,5.8,39.7,45.5
03-11-2021 18:45,03-11-2021 19:00,107,213,4.7,41.2,45.9
03-11-2021 19:00,03-11-2021 19:15,158,298,5.5,39.8,45.3
03-11-2021 19:15,03-11-2021 19:30,158,298,5.9,40.6,46.5
03-11-2021 19:30,03-11-2021 19:45,158,298,6.2,39,45.1
03-11-2021 19:45,03-11-2021 20:00,158,298,8.6,38.7,47.3
03-11-2021 20:00,03-11-2021 20:15,166,278,7.8,39.3,47.1
03-11-2021 20:15,03-11-2021 20:30,166,278,8.9,38.3,47.2
03-11-2021 20:30,03-11-2021 20:45,166,278,9.9,41.3,51.1
03-11-2021 20:45,03-11-2021 21:00,166,278,9.9,38.9,48.7
03-11-2021 21:00,03-11-2021 21:15,185,289,9.4,40.7,50.1
03-11-2021 21:15,03-11-2021 21:30,185,289,12,41.8,53.9
03-11-2021 21:30,03-11-2021 21:45,185,289,11.5,39.2,50.7
03-11-2021 21:45,03-11-2021 22:00,185,289,12.5,39.3,51.8
03-11-2021 22:00,03-11-2021 22:15,178,285,11.2,39,50.2
03-11-2021 22:15,03-11-2021 22:30,178,285,11.6,36.1,47.7
03-11-2021 22:30,03-11-2021 22:45,178,285,13.1,35.8,48.9
03-11-2021 22:45,03-11-2021 23:00,178,285,13.4,36.5,49.9
03-11-2021 23:00,03-11-2021 23:15,175,269,12.4,36.4,48.8
03-11-2021 23:15,03-11-2021 23:30,175,269,13.6,35.6,49.2
03-11-2021 23:30,03-11-2021 23:45,175,269,13.9,35.4,49.3
03-11-2021 23:45,04-11-2021 00:00,175,269,13.2,34.8,48
04-11-2021 00:00,04-11-2021 00:15,171,254,13.8,34.3,48.2
04-11-2021 00:15,04-11-2021 00:30,171,254,12.5,33.3,45.8
04-11-2021 00:30,04-11-2021 00:45,171,254,14.1,30.3,44.4
04-11-2021 00:45,04-11-2021 01:00,171,254,13.3,30.5,43.8
04-11-2021 01:00,04-11-2021 01:15,186,233,11.5,32,43.5
04-11-2021 01:15,04-11-2021 01:30,186,233,12.6,29.8,42.4
04-11-2021 01:30,04-11-2021 01:45,186,233,14.5,28.1,42.5
04-11-2021 01:45,04-11-2021 02:00,186,233,14,28.3,42.3
04-11-2021 02:00,04-11-2021 02:15,182,237,None,None,None
04-11-2021 02:15,04-11-2021 02:30,182,237,None,None,None
04-11-2021 02:30,04-11-2021 02:45,182,237,None,None,None
04-11-2021 02:45,04-11-2021 03:00,182,237,12.8,24.9,37.6
04-11-2021 03:00,04-11-2021 03:15,185,254,13.1,25.2,38.3
04-11-2021 03:15,04-11-2021 03:30,185,254,11.2,26,37.3
04-11-2021 03:30,04-11-2021 03:45,185,254,14.6,25.8,40.4
04-11-2021 03:45,04-11-2021 04:00,185,254,13.1,25.7,38.8
04-11-2021 04:00,04-11-2021 04:15,206,268,12.4,24.9,37.2
04-11-2021 04:15,04-11-2021 04:30,206,268,13.4,24.6,37.9
04-11-2021 04:30,04-11-2021 04:45,206,268,11.2,26.8,37.9
04-11-2021 04:45,04-11-2021 05:00,206,268,12.5,25.8,38.4
04-11-2021 05:00,04-11-2021 05:15,255,320,10.6,26,36.6
04-11-2021 05:15,04-11-2021 05:30,255,320,13.1,23.8,36.9
04-11-2021 05:30,04-11-2021 05:45,255,320,12.9,23.4,36.3
04-11-2021 05:45,04-11-2021 06:00,255,320,13.8,25,38.8
04-11-2021 06:00,04-11-2021 06:15,261,309,13,24.8,37.8
04-11-2021 06:15,04-11-2021 06:30,261,309,10.4,24.2,34.7
04-11-2021 06:30,04-11-2021 06:45,261,309,12.1,24.6,36.7
04-11-2021 06:45,04-11-2021 07:00,261,309,10.7,23.5,34.2
04-11-2021 07:00,04-11-2021 07:15,279,342,12.6,23.5,36.1
04-11-2021 07:15,04-11-2021 07:30,279,342,13.3,22.8,36.1
04-11-2021 07:30,04-11-2021 07:45,279,342,12.6,23.8,36.4
04-11-2021 07:45,04-11-2021 08:00,279,342,13.5,23.8,37.3
04-11-2021 08:00,04-11-2021 08:15,283,340,11.9,24.2,36.1
04-11-2021 08:15,04-11-2021 08:30,283,340,12.6,24.1,36.6
04-11-2021 08:30,04-11-2021 08:45,283,340,12.6,25.6,38.2
04-11-2021 08:45,04-11-2021 09:00,283,340,13.3,25.9,39.2
04-11-2021 09:00,04-11-2021 09:15,339,422,11.5,27.3,38.8
04-11-2021 09:15,04-11-2021 09:30,339,422,10.6,28.2,38.8
04-11-2021 09:30,04-11-2021 09:45,339,422,11,29.9,40.9
04-11-2021 09:45,04-11-2021 10:00,339,422,10.8,30,40.8
04-11-2021 10:00,04-11-2021 10:15,423,526,8.7,29.6,38.3
04-11-2021 10:15,04-11-2021 10:30,423,526,8.8,30.5,39.3
04-11-2021 10:30,04-11-2021 10:45,423,526,9,30.6,39.5
04-11-2021 10:45,04-11-2021 11:00,423,526,6,29.9,36
04-11-2021 11:00,04-11-2021 11:15,427,530,7.4,30.5,37.8
04-11-2021 11:15,04-11-2021 11:30,427,530,7.1,31,38.1
04-11-2021 11:30,04-11-2021 11:45,427,530,4.5,33.5,38
04-11-2021 11:45,04-11-2021 12:00,427,530,5.1,32.9,38
04-11-2021 12:00,04-11-2021 12:15,401,493,5.2,24,29.2
04-11-2021 12:15,04-11-2021 12:30,401,493,10.6,38.7,49.3
04-11-2021 12:30,04-11-2021 12:45,401,493,14.4,52.7,67.2
04-11-2021 12:45,04-11-2021 13:00,401,493,23.2,70.4,93.6
04-11-2021 13:00,04-11-2021 13:15,356,451,21.2,68.7,90
04-11-2021 13:15,04-11-2021 13:30,356,451,13.4,60.1,73.5
04-11-2021 13:30,04-11-2021 13:45,356,451,8.8,51.8,60.6
04-11-2021 13:45,04-11-2021 14:00,356,451,5.4,44.9,50.3
04-11-2021 14:00,04-11-2021 14:15,282,376,4.2,40.4,44.6
04-11-2021 14:15,04-11-2021 14:30,282,376,2.4,36.5,38.8
04-11-2021 14:30,04-11-2021 14:45,282,376,4.7,33.7,38.3
04-11-2021 14:45,04-11-2021 15:00,282,376,5.2,31.4,36.6
04-11-2021 15:00,04-11-2021 15:15,273,361,4.7,27.1,31.8
04-11-2021 15:15,04-11-2021 15:30,273,361,8,24,32
04-11-2021 15:30,04-11-2021 15:45,273,361,6.9,34.7,41.6
04-11-2021 15:45,04-11-2021 16:00,273,361,15.6,56.2,71.8
04-11-2021 16:00,04-11-2021 16:15,271,362,25.1,63.4,88.5
04-11-2021 16:15,04-11-2021 16:30,271,362,22.9,61,83.8
04-11-2021 16:30,04-11-2021 16:45,271,362,22.2,55.8,78
04-11-2021 16:45,04-11-2021 17:00,271,362,19.6,50.3,69.9
04-11-2021 17:00,04-11-2021 17:15,310,384,15.2,47.9,63.1
04-11-2021 17:15,04-11-2021 17:30,310,384,15.1,43.9,58.9
04-11-2021 17:30,04-11-2021 17:45,310,384,13.7,41.9,55.6
04-11-2021 17:45,04-11-2021 18:00,310,384,12.8,39.7,52.4
04-11-2021 18:00,04-11-2021 18:15,355,442,13.2,38.2,51.4
04-11-2021 18:15,04-11-2021 18:30,355,442,13.7,35.5,49.1
04-11-2021 18:30,04-11-2021 18:45,355,442,11.5,34.1,45.6
04-11-2021 18:45,04-11-2021 19:00,355,442,12.3,32.9,45.2
04-11-2021 19:00,04-11-2021 19:15,385,459,11.4,34.9,46.3
04-11-2021 19:15,04-11-2021 19:30,385,459,11,33.9,44.9
04-11-2021 19:30,04-11-2021 19:45,385,459,10.7,32.9,43.5
04-11-2021 19:45,04-11-2021 20:00,385,459,11.3,30.7,42
04-11-2021 20:00,04-11-2021 20:15,455,543,11.3,31.2,42.4
04-11-2021 20:15,04-11-2021 20:30,455,543,10.3,30.5,40.8
04-11-2021 20:30,04-11-2021 20:45,455,543,9.3,30.4,39.7
04-11-2021 20:45,04-11-2021 21:00,455,543,11.4,29.9,41.3
04-11-2021 21:00,04-11-2021 21:15,459,533,10.3,28.9,39.2
04-11-2021 21:15,04-11-2021 21:30,459,533,10.4,28.9,39.3
04-11-2021 21:30,04-11-2021 21:45,459,533,10.8,26.8,37.6
04-11-2021 21:45,04-11-2021 22:00,459,533,11.5,27.4,38.9
04-11-2021 22:00,04-11-2021 22:15,453,531,11.7,25.7,37.5
04-11-2021 22:15,04-11-2021 22:30,453,531,10.8,27,37.8
04-11-2021 22:30,04-11-2021 22:45,453,531,10.9,25.3,36.2
04-11-2021 22:45,04-11-2021 23:00,453,531,10.4,24.6,35
04-11-2021 23:00,04-11-2021 23:15,492,558,10.1,24.3,34.4
04-11-2021 23:15,04-11-2021 23:30,492,558,9.6,23.8,33.4
04-11-2021 23:30,04-11-2021 23:45,492,558,11.3,23.1,34.5
04-11-2021 23:45,05-11-2021 00:00,492,558,10.7,23.9,34.6
05-11-2021 00:00,05-11-2021 00:15,504,569,11.3,23.4,34.7
05-11-2021 00:15,05-11-2021 00:30,504,569,11.5,21,32.4
05-11-2021 00:30,05-11-2021 00:45,504,569,10.1,22.4,32.5
05-11-2021 00:45,05-11-2021 01:00,504,569,10.6,23.7,34.3
05-11-2021 01:00,05-11-2021 01:15,512,570,10.9,22.8,33.8
05-11-2021 01:15,05-11-2021 01:30,512,570,12.6,22.2,34.8
05-11-2021 01:30,05-11-2021 01:45,512,570,12.6,20.8,33.3
05-11-2021 01:45,05-11-2021 02:00,512,570,11.1,23.3,34.4
05-11-2021 02:00,05-11-2021 02:15,528,587,9.1,25.3,34.3
05-11-2021 02:15,05-11-2021 02:30,528,587,10.1,25.5,35.6
05-11-2021 02:30,05-11-2021 02:45,528,587,9.8,24.5,34.3
05-11-2021 02:45,05-11-2021 03:00,528,587,10.9,24.5,35.3
05-11-2021 03:00,05-11-2021 03:15,516,578,11.8,20.8,32.6
05-11-2021 03:15,05-11-2021 03:30,516,578,10.5,23.5,34
05-11-2021 03:30,05-11-2021 03:45,516,578,11.8,21.5,33.2
05-11-2021 03:45,05-11-2021 04:00,516,578,10.6,21.2,31.8
05-11-2021 04:00,05-11-2021 04:15,510,553,11.1,21.5,32.6
05-11-2021 04:15,05-11-2021 04:30,510,553,12,20,31.9
05-11-2021 04:30,05-11-2021 04:45,510,553,10.3,19.9,30.2
05-11-2021 04:45,05-11-2021 05:00,510,553,11.1,18.9,30
05-11-2021 05:00,05-11-2021 05:15,458,488,11.4,18.2,29.6
05-11-2021 05:15,05-11-2021 05:30,458,488,11.4,16.9,28.3
05-11-2021 05:30,05-11-2021 05:45,458,488,12,17.7,29.8
05-11-2021 05:45,05-11-2021 06:00,458,488,11.5,16.8,28.3
05-11-2021 06:00,05-11-2021 06:15,351,367,10.5,17.5,28
05-11-2021 06:15,05-11-2021 06:30,351,367,9.4,17.6,27
05-11-2021 06:30,05-11-2021 06:45,351,367,11.1,15.8,26.9
05-11-2021 06:45,05-11-2021 07:00,351,367,13,16.7,29.7
05-11-2021 07:00,05-11-2021 07:15,254,268,13.3,14.7,28
05-11-2021 07:15,05-11-2021 07:30,254,268,14.8,15.4,30.2
05-11-2021 07:30,05-11-2021 07:45,254,268,14.2,18.3,32.5
05-11-2021 07:45,05-11-2021 08:00,254,268,13.6,18.6,32.2
05-11-2021 08:00,05-11-2021 08:15,316,331,13.7,18,31.8
05-11-2021 08:15,05-11-2021 08:30,316,331,13.1,19.1,32.1
05-11-2021 08:30,05-11-2021 08:45,316,331,13.2,19.1,32.3
05-11-2021 08:45,05-11-2021 09:00,316,331,12.1,20.1,32.2
05-11-2021 09:00,05-11-2021 09:15,392,459,12.5,19.8,32.2
05-11-2021 09:15,05-11-2021 09:30,392,459,12.1,20.6,32.7
05-11-2021 09:30,05-11-2021 09:45,392,459,11.5,23.4,34.9
05-11-2021 09:45,05-11-2021 10:00,392,459,12.3,20.6,32.9
05-11-2021 10:00,05-11-2021 10:15,350,416,11.5,20.6,32.1
05-11-2021 10:15,05-11-2021 10:30,350,416,11.1,24.6,35.7
05-11-2021 10:30,05-11-2021 10:45,350,416,10,22.2,32.2
05-11-2021 10:45,05-11-2021 11:00,350,416,10,23.5,33.6
05-11-2021 11:00,05-11-2021 11:15,326,396,10.5,22.2,32.7
05-11-2021 11:15,05-11-2021 11:30,326,396,8.5,22.8,31.3
05-11-2021 11:30,05-11-2021 11:45,326,396,8.3,24.1,32.4
05-11-2021 11:45,05-11-2021 12:00,326,396,8.3,24.3,32.6
05-11-2021 12:00,05-11-2021 12:15,271,339,8.3,24.7,33
05-11-2021 12:15,05-11-2021 12:30,271,339,7.5,25.5,33
05-11-2021 12:30,05-11-2021 12:45,271,339,5.8,25.7,31.5
05-11-2021 12:45,05-11-2021 13:00,271,339,7.4,24.2,31.6
05-11-2021 13:00,05-11-2021 13:15,257,318,7.7,24.8,32.4
05-11-2021 13:15,05-11-2021 13:30,257,318,5.9,25.9,31.8
05-11-2021 13:30,05-11-2021 13:45,257,318,6.8,26,32.9
05-11-2021 13:45,05-11-2021 14:00,257,318,6,25.7,31.7
05-11-2021 14:00,05-11-2021 14:15,229,294,5.4,26.6,32
05-11-2021 14:15,05-11-2021 14:30,229,294,5.3,26.5,31.8
05-11-2021 14:30,05-11-2021 14:45,229,294,5,27.1,32.1
05-11-2021 14:45,05-11-2021 15:00,229,294,7.9,27.9,35.8
05-11-2021 15:00,05-11-2021 15:15,229,291,6.7,27.2,33.9
05-11-2021 15:15,05-11-2021 15:30,229,291,5.9,28.8,34.7
05-11-2021 15:30,05-11-2021 15:45,229,291,4.8,28.6,33.4
05-11-2021 15:45,05-11-2021 16:00,229,291,5.8,27.4,33.1
05-11-2021 16:00,05-11-2021 16:15,222,307,6,27.2,33.2
05-11-2021 16:15,05-11-2021 16:30,222,307,6,27.8,33.8
05-11-2021 16:30,05-11-2021 16:45,222,307,8.2,27,35.1
05-11-2021 16:45,05-11-2021 17:00,222,307,6.8,28.1,34.8
05-11-2021 17:00,05-11-2021 17:15,238,293,7,28.3,35.2
05-11-2021 17:15,05-11-2021 17:30,238,293,6.5,28,34.5
05-11-2021 17:30,05-11-2021 17:45,238,293,6.7,26.9,33.6
05-11-2021 17:45,05-11-2021 18:00,238,293,6.2,27.8,34
05-11-2021 18:00,05-11-2021 18:15,277,329,7.6,28.7,36.3
05-11-2021 18:15,05-11-2021 18:30,277,329,8.8,27.2,36.1
05-11-2021 18:30,05-11-2021 18:45,277,329,7.5,28.7,36.2
05-11-2021 18:45,05-11-2021 19:00,277,329,7,28.1,35.1
05-11-2021 19:00,05-11-2021 19:15,331,425,8.5,27.9,36.4
05-11-2021 19:15,05-11-2021 19:30,331,425,8.3,26,34.3
05-11-2021 19:30,05-11-2021 19:45,331,425,10.5,23.6,34.1
05-11-2021 19:45,05-11-2021 20:00,331,425,9.7,25,34.7
05-11-2021 20:00,05-11-2021 20:15,315,374,7.6,27.4,35
05-11-2021 20:15,05-11-2021 20:30,315,374,10.3,28,38.3
05-11-2021 20:30,05-11-2021 20:45,315,374,11.9,26.1,38
05-11-2021 20:45,05-11-2021 21:00,315,374,12.4,28.7,41.1
05-11-2021 21:00,05-11-2021 21:15,296,359,12,27.6,39.5
05-11-2021 21:15,05-11-2021 21:30,296,359,14.1,25.6,39.7
05-11-2021 21:30,05-11-2021 21:45,296,359,15.3,24.7,40
05-11-2021 21:45,05-11-2021 22:00,296,359,13.5,24.4,37.9
05-11-2021 22:00,05-11-2021 22:15,332,379,12.5,25.8,38.3
05-11-2021 22:15,05-11-2021 22:30,332,379,13.4,24.9,38.3
05-11-2021 22:30,05-11-2021 22:45,332,379,13,21.4,34.4
05-11-2021 22:45,05-11-2021 23:00,332,379,12.5,23.3,35.8
05-11-2021 23:00,05-11-2021 23:15,398,454,13.5,23.8,37.3
05-11-2021 23:15,05-11-2021 23:30,398,454,14.2,23.9,38.1
05-11-2021 23:30,05-11-2021 23:45,398,454,13.3,26.3,39.5
05-11-2021 23:45,06-11-2021 00:00,398,454,12.6,27.3,39.9
06-11-2021 00:00,06-11-2021 00:15,384,427,12.6,26.6,39.1
06-11-2021 00:15,06-11-2021 00:30,384,427,11.7,24.9,36.6
06-11-2021 00:30,06-11-2021 00:45,384,427,13.4,23.6,37
06-11-2021 00:45,06-11-2021 01:00,384,427,13,23.8,36.9
06-11-2021 01:00,06-11-2021 01:15,371,422,12.8,22.2,34.9
06-11-2021 01:15,06-11-2021 01:30,371,422,13.2,23.1,36.4
06-11-2021 01:30,06-11-2021 01:45,371,422,12,21.9,33.8
06-11-2021 01:45,06-11-2021 02:00,371,422,12.2,21.7,33.9
06-11-2021 02:00,06-11-2021 02:15,360,411,11.4,21.7,33.2
06-11-2021 02:15,06-11-2021 02:30,360,411,11.1,20.8,32
06-11-2021 02:30,06-11-2021 02:45,360,411,9.7,20,29.7
06-11-2021 02:45,06-11-2021 03:00,360,411,9.8,20.8,30.6
06-11-2021 03:00,06-11-2021 03:15,322,362,11.1,19.6,30.7
06-11-2021 03:15,06-11-2021 03:30,322,362,11.3,18.1,29.4
06-11-2021 03:30,06-11-2021 03:45,322,362,10.1,20.2,30.3
06-11-2021 03:45,06-11-2021 04:00,322,362,7.7,22,29.7
06-11-2021 04:00,06-11-2021 04:15,309,345,7.6,19.5,27.1
06-11-2021 04:15,06-11-2021 04:30,309,345,9.3,20.5,29.8
06-11-2021 04:30,06-11-2021 04:45,309,345,10.5,20.1,30.6
06-11-2021 04:45,06-11-2021 05:00,309,345,10.9,20,30.9
06-11-2021 05:00,06-11-2021 05:15,287,331,9.6,19.4,29
06-11-2021 05:15,06-11-2021 05:30,287,331,8.1,19.1,27.2
06-11-2021 05:30,06-11-2021 05:45,287,331,10.2,19.7,29.9
06-11-2021 05:45,06-11-2021 06:00,287,331,9.7,20.1,29.8
06-11-2021 06:00,06-11-2021 06:15,267,315,9.2,19.4,28.6
06-11-2021 06:15,06-11-2021 06:30,267,315,11.5,19.7,31.2
06-11-2021 06:30,06-11-2021 06:45,267,315,9.5,19.5,29
06-11-2021 06:45,06-11-2021 07:00,267,315,10.7,19.2,29.9
06-11-2021 07:00,06-11-2021 07:15,252,291,10.1,19.6,29.7
06-11-2021 07:15,06-11-2021 07:30,252,291,8.9,18.8,27.7
06-11-2021 07:30,06-11-2021 07:45,252,291,8.7,19,27.6
06-11-2021 07:45,06-11-2021 08:00,252,291,10.2,18.1,28.3
06-11-2021 08:00,06-11-2021 08:15,249,294,10.5,18.7,29.3
06-11-2021 08:15,06-11-2021 08:30,249,294,10.4,18.7,29
06-11-2021 08:30,06-11-2021 08:45,249,294,9.9,17.6,27.5
06-11-2021 08:45,06-11-2021 09:00,249,294,11,17.1,28.1
06-11-2021 09:00,06-11-2021 09:15,237,291,10.1,19.4,29.5
06-11-2021 09:15,06-11-2021 09:30,237,291,10.3,20.1,30.4
06-11-2021 09:30,06-11-2021 09:45,237,291,9.8,20.4,30.2
06-11-2021 09:45,06-11-2021 10:00,237,291,8.8,22.4,31.1
06-11-2021 10:00,06-11-2021 10:15,272,348,10,21.2,31.2
06-11-2021 10:15,06-11-2021 10:30,272,348,9,23.4,32.4
06-11-2021 10:30,06-11-2021 10:45,272,348,7,23,29.9
06-11-2021 10:45,06-11-2021 11:00,272,348,7.4,23.9,31.3
06-11-2021 11:00,06-11-2021 11:15,266,332,7.4,24.1,31.5
06-11-2021 11:15,06-11-2021 11:30,266,332,10.1,24,34.1
06-11-2021 11:30,06-11-2021 11:45,266,332,7.2,25.7,32.9
06-11-2021 11:45,06-11-2021 12:00,266,332,7.8,25.3,33.1
06-11-2021 12:00,06-11-2021 12:15,248,320,5.9,25.1,31
06-11-2021 12:15,06-11-2021 12:30,248,320,5.7,26.3,32
06-11-2021 12:30,06-11-2021 12:45,248,320,6.3,26.6,32.8
06-11-2021 12:45,06-11-2021 13:00,248,320,5.8,25.8,31.6
06-11-2021 13:00,06-11-2021 13:15,273,353,5.6,27.3,32.9
06-11-2021 13:15,06-11-2021 13:30,273,353,6.1,25.9,32
06-11-2021 13:30,06-11-2021 13:45,273,353,5.3,27.5,32.8
06-11-2021 13:45,06-11-2021 14:00,273,353,6.5,27.1,33.7
06-11-2021 14:00,06-11-2021 14:15,323,403,2.8,28.8,31.6
06-11-2021 14:15,06-11-2021 14:30,323,403,4.5,28.3,32.8
06-11-2021 14:30,06-11-2021 14:45,323,403,4,27.1,31.1
06-11-2021 14:45,06-11-2021 15:00,323,403,5.8,25.7,31.5
06-11-2021 15:00,06-11-2021 15:15,346,427,7.7,25.7,33.3
06-11-2021 15:15,06-11-2021 15:30,346,427,4.8,28.3,33.1
06-11-2021 15:30,06-11-2021 15:45,346,427,4.7,28.3,33
06-11-2021 15:45,06-11-2021 16:00,346,427,4.6,28.9,33.6
06-11-2021 16:00,06-11-2021 16:15,392,480,5.3,29.5,34.8
06-11-2021 16:15,06-11-2021 16:30,392,480,6.3,29.7,35.9
06-11-2021 16:30,06-11-2021 16:45,392,480,5,30.3,35.3
06-11-2021 16:45,06-11-2021 17:00,392,480,6.2,29.7,35.9
06-11-2021 17:00,06-11-2021 17:15,357,443,5.5,29.8,35.3
06-11-2021 17:15,06-11-2021 17:30,357,443,5.4,29.9,35.3
06-11-2021 17:30,06-11-2021 17:45,357,443,7.7,29,36.7
06-11-2021 17:45,06-11-2021 18:00,357,443,7.6,29.4,37
06-11-2021 18:00,06-11-2021 18:15,348,432,6,27.7,33.7
06-11-2021 18:15,06-11-2021 18:30,348,432,3.9,29.7,33.5
06-11-2021 18:30,06-11-2021 18:45,348,432,7,29.7,36.7
06-11-2021 18:45,06-11-2021 19:00,348,432,6.5,29.5,35.9
06-11-2021 19:00,06-11-2021 19:15,361,425,6.9,28.1,35
06-11-2021 19:15,06-11-2021 19:30,361,425,6.9,30,36.9
06-11-2021 19:30,06-11-2021 19:45,361,425,7.2,30.1,37.3
06-11-2021 19:45,06-11-2021 20:00,361,425,6.7,29,35.7
06-11-2021 20:00,06-11-2021 20:15,378,458,6.6,30.2,36.8
06-11-2021 20:15,06-11-2021 20:30,378,458,7.8,31.4,39.1
06-11-2021 20:30,06-11-2021 20:45,378,458,8.8,30.9,39.7
06-11-2021 20:45,06-11-2021 21:00,378,458,10.5,31.1,41.5
06-11-2021 21:00,06-11-2021 21:15,389,482,8.8,33,41.7
06-11-2021 21:15,06-11-2021 21:30,389,482,8.3,33.9,42.2
06-11-2021 21:30,06-11-2021 21:45,389,482,9.3,32.6,41.9
06-11-2021 21:45,06-11-2021 22:00,389,482,10.1,31.9,41.9
06-11-2021 22:00,06-11-2021 22:15,428,503,9.8,32.8,42.6
06-11-2021 22:15,06-11-2021 22:30,428,503,10.6,33,43.6
06-11-2021 22:30,06-11-2021 22:45,428,503,11.3,32.7,44
06-11-2021 22:45,06-11-2021 23:00,428,503,10.5,33.1,43.6
06-11-2021 23:00,06-11-2021 23:15,390,478,9.9,30.3,40.2
06-11-2021 23:15,06-11-2021 23:30,390,478,11,29.5,40.5
06-11-2021 23:30,06-11-2021 23:45,390,478,10,28.1,38.1
06-11-2021 23:45,07-11-2021 00:00,390,478,9.9,27.9,37.8
07-11-2021 00:00,07-11-2021 00:15,351,423,11.1,26.5,37.5
07-11-2021 00:15,07-11-2021 00:30,351,423,7.6,27.6,35.2
07-11-2021 00:30,07-11-2021 00:45,351,423,10.3,29,39.3
07-11-2021 00:45,07-11-2021 01:00,351,423,8.7,27.8,36.5
07-11-2021 01:00,07-11-2021 01:15,316,389,10,24.8,34.8
07-11-2021 01:15,07-11-2021 01:30,316,389,9.2,26,35.2
07-11-2021 01:30,07-11-2021 01:45,316,389,4.4,26.4,30.8
07-11-2021 01:45,07-11-2021 02:00,316,389,8.7,25.3,34
07-11-2021 02:00,07-11-2021 02:15,284,348,9.4,23.8,33.2
07-11-2021 02:15,07-11-2021 02:30,284,348,9.5,23.2,32.6
07-11-2021 02:30,07-11-2021 02:45,284,348,10.4,22.2,32.6
07-11-2021 02:45,07-11-2021 03:00,284,348,9.5,21.8,31.3
07-11-2021 03:00,07-11-2021 03:15,248,309,9.1,21.6,30.8
07-11-2021 03:15,07-11-2021 03:30,248,309,10.8,21.9,32.7
07-11-2021 03:30,07-11-2021 03:45,248,309,8.9,23,31.8
07-11-2021 03:45,07-11-2021 04:00,248,309,9.2,21.4,30.6
07-11-2021 04:00,07-11-2021 04:15,204,268,9.6,20.9,30.5
07-11-2021 04:15,07-11-2021 04:30,204,268,8.5,23.8,32.2
07-11-2021 04:30,07-11-2021 04:45,204,268,8.6,22,30.6
07-11-2021 04:45,07-11-2021 05:00,204,268,9.4,22.1,31.5
07-11-2021 05:00,07-11-2021 05:15,186,254,10.9,21.6,32.5
07-11-2021 05:15,07-11-2021 05:30,186,254,10.3,21.8,32.1
07-11-2021 05:30,07-11-2021 05:45,186,254,10.1,22,32
07-11-2021 05:45,07-11-2021 06:00,186,254,10.7,21.7,32.4
07-11-2021 06:00,07-11-2021 06:15,180,246,9,21.8,30.8
07-11-2021 06:15,07-11-2021 06:30,180,246,11.5,19.3,30.8
07-11-2021 06:30,07-11-2021 06:45,180,246,10.3,21.5,31.7
07-11-2021 06:45,07-11-2021 07:00,None,None,10.8,20.5,31.3
07-11-2021 07:00,07-11-2021 07:15,158,218,10.9,19.6,30.5
07-11-2021 07:15,07-11-2021 07:30,158,218,14.3,21.5,35.8
07-11-2021 07:30,07-11-2021 07:45,158,218,15.8,21,36.8
07-11-2021 07:45,07-11-2021 08:00,130,218,12.8,19.3,32.1
07-11-2021 08:00,07-11-2021 08:15,130,218,12.2,17.7,29.9
07-11-2021 08:15,07-11-2021 08:30,130,218,11.3,20,31.3
07-11-2021 08:30,07-11-2021 08:45,130,218,12.2,19.1,31.4
07-11-2021 08:45,07-11-2021 09:00,135,217,11,19.8,30.8
07-11-2021 09:00,07-11-2021 09:15,135,217,12,19.9,31.9
07-11-2021 09:15,07-11-2021 09:30,135,217,11.9,20.6,32.5
07-11-2021 09:30,07-11-2021 09:45,135,217,11.5,22.3,33.8
07-11-2021 09:45,07-11-2021 10:00,221,323,10.7,23.2,33.9
07-11-2021 10:00,07-11-2021 10:15,221,323,11,24.1,35.1
07-11-2021 10:15,07-11-2021 10:30,221,323,10.4,25.1,35.4
07-11-2021 10:30,07-11-2021 10:45,221,323,9.8,26.3,36.2
07-11-2021 10:45,07-11-2021 11:00,305,425,9.2,27.1,36.3
07-11-2021 11:00,07-11-2021 11:15,305,425,9.2,27.8,36.9
07-11-2021 11:15,07-11-2021 11:30,305,425,6.6,29.1,35.8
07-11-2021 11:30,07-11-2021 11:45,305,425,7.6,29.4,37
07-11-2021 11:45,07-11-2021 12:00,298,437,7.3,28.4,35.7
07-11-2021 12:00,07-11-2021 12:15,298,437,5.7,28.2,33.9
07-11-2021 12:15,07-11-2021 12:30,298,437,3.4,27.4,30.8
07-11-2021 12:30,07-11-2021 12:45,298,437,3.7,28.3,32
07-11-2021 12:45,07-11-2021 13:00,207,309,4.8,27.5,32.2
07-11-2021 13:00,07-11-2021 13:15,207,309,4.5,25.2,29.7
07-11-2021 13:15,07-11-2021 13:30,207,309,4.6,24.7,29.3
07-11-2021 13:30,07-11-2021 13:45,207,309,4.9,24.2,29
07-11-2021 13:45,07-11-2021 14:00,138,213,5.9,23,28.9
07-11-2021 14:00,07-11-2021 14:15,138,213,5.4,22.3,27.7
07-11-2021 14:15,07-11-2021 14:30,138,213,3.7,24.3,28
07-11-2021 14:30,07-11-2021 14:45,138,213,3.3,23.7,27
07-11-2021 14:45,07-11-2021 15:00,122,190,4.6,24.2,28.8
07-11-2021 15:00,07-11-2021 15:15,122,190,3.4,24,27.3
07-11-2021 15:15,07-11-2021 15:30,122,190,5.2,22.6,27.8
07-11-2021 15:30,07-11-2021 15:45,122,190,4.7,23.7,28.4
07-11-2021 15:45,07-11-2021 16:00,118,183,3.1,24.4,27.5
07-11-2021 16:00,07-11-2021 16:15,118,183,5.9,22.8,28.7
07-11-2021 16:15,07-11-2021 16:30,118,183,3.1,25.2,28.2
07-11-2021 16:30,07-11-2021 16:45,118,183,6.3,27.1,33.3
07-11-2021 16:45,07-11-2021 17:00,123,182,5.6,25.8,31.4
07-11-2021 17:00,07-11-2021 17:15,123,182,6.7,26.5,33.2
07-11-2021 17:15,07-11-2021 17:30,123,182,6.7,26.7,33.4
07-11-2021 17:30,07-11-2021 17:45,123,182,6,27.6,33.5
07-11-2021 17:45,07-11-2021 18:00,134,205,5.2,24.5,29.7
07-11-2021 18:00,07-11-2021 18:15,134,205,4.5,13.9,18.4
07-11-2021 18:15,07-11-2021 18:30,None,None,5,12.4,17.3
07-11-2021 18:30,07-11-2021 18:45,134,205,4.7,15.6,20.3
07-11-2021 18:45,07-11-2021 19:00,134,205,5,15,20
07-11-2021 19:00,07-11-2021 19:15,194,272,7,13.7,20.7
07-11-2021 19:15,07-11-2021 19:30,194,272,3,17.2,20.2
07-11-2021 19:30,07-11-2021 19:45,194,272,5.1,17.5,22.6
07-11-2021 19:45,07-11-2021 20:00,194,272,4.1,19.2,23.4
07-11-2021 20:00,07-11-2021 20:15,193,280,5.9,20.2,26.1
07-11-2021 20:15,07-11-2021 20:30,193,280,6.1,21.2,27.3
07-11-2021 20:30,07-11-2021 20:45,193,280,5.8,20.6,26.3
07-11-2021 20:45,07-11-2021 21:00,193,280,5,25.1,30.1
07-11-2021 21:00,07-11-2021 21:15,205,289,5.7,25.1,30.8
07-11-2021 21:15,07-11-2021 21:30,205,289,6.9,25.9,32.8
07-11-2021 21:30,07-11-2021 21:45,205,289,6.5,26.4,32.9
07-11-2021 21:45,07-11-2021 22:00,205,289,7.7,26.8,34.5
07-11-2021 22:00,07-11-2021 22:15,226,462,8.6,27.2,35.8
07-11-2021 22:15,07-11-2021 22:30,226,462,11.4,31.8,43.2
07-11-2021 22:30,07-11-2021 22:45,226,462,11.1,33.6,44.7
07-11-2021 22:45,07-11-2021 23:00,226,462,13.3,30.9,44.2
07-11-2021 23:00,07-11-2021 23:15,215,316,11.8,27.6,39.4
07-11-2021 23:15,07-11-2021 23:30,215,316,13.4,27.4,40.8
07-11-2021 23:30,07-11-2021 23:45,215,316,15.8,26.6,42.3
07-11-2021 23:45,08-11-2021 00:00,215,316,14.2,28.3,42.6
08-11-2021 00:00,08-11-2021 00:15,211,291,15.3,31.2,46.5
08-11-2021 00:15,08-11-2021 00:30,211,291,17.2,30.1,47.3
08-11-2021 00:30,08-11-2021 00:45,211,291,18.6,29.5,48.1
08-11-2021 00:45,08-11-2021 01:00,211,291,18.2,31.3,49.5
08-11-2021 01:00,08-11-2021 01:15,221,283,16,30.3,46.3
08-11-2021 01:15,08-11-2021 01:30,221,283,15.4,29.8,45.2
08-11-2021 01:30,08-11-2021 01:45,221,283,15.4,27.3,42.7
08-11-2021 01:45,08-11-2021 02:00,221,283,15.9,26.5,42.4
08-11-2021 02:00,08-11-2021 02:15,221,299,None,None,None
08-11-2021 02:15,08-11-2021 02:30,221,299,None,None,None
08-11-2021 02:30,08-11-2021 02:45,221,299,None,None,None
08-11-2021 02:45,08-11-2021 03:00,221,299,18.4,25.3,43.7
08-11-2021 03:00,08-11-2021 03:15,205,269,19.4,27.2,46.7
08-11-2021 03:15,08-11-2021 03:30,205,269,19.3,27,46.2
08-11-2021 03:30,08-11-2021 03:45,205,269,21.7,26.8,48.6
08-11-2021 03:45,08-11-2021 04:00,205,269,20.9,26.8,47.8
08-11-2021 04:00,08-11-2021 04:15,200,266,19.2,27.3,46.5
08-11-2021 04:15,08-11-2021 04:30,200,266,17.4,27.8,45.2
08-11-2021 04:30,08-11-2021 04:45,200,266,18.6,25.3,43.9
08-11-2021 04:45,08-11-2021 05:00,200,266,16.3,26.2,42.4
08-11-2021 05:00,08-11-2021 05:15,210,278,15,26.1,41.1
08-11-2021 05:15,08-11-2021 05:30,210,278,16.8,24,40.8
08-11-2021 05:30,08-11-2021 05:45,210,278,14.1,22.9,37
08-11-2021 05:45,08-11-2021 06:00,210,278,13.5,23,36.5
08-11-2021 06:00,08-11-2021 06:15,207,274,14.1,23.2,37.4
08-11-2021 06:15,08-11-2021 06:30,207,274,13.8,22.3,36.1
08-11-2021 06:30,08-11-2021 06:45,207,274,14,24.5,38.5
08-11-2021 06:45,08-11-2021 07:00,207,274,12.7,22.9,35.6
08-11-2021 07:00,08-11-2021 07:15,201,268,11.9,21.1,33.1
08-11-2021 07:15,08-11-2021 07:30,201,268,11,22.7,33.7
08-11-2021 07:30,08-11-2021 07:45,201,268,12.2,22.3,34.4
08-11-2021 07:45,08-11-2021 08:00,201,268,13.1,22.5,35.5
08-11-2021 08:00,08-11-2021 08:15,215,274,13.1,22,35.1
08-11-2021 08:15,08-11-2021 08:30,215,274,13.7,23,36.7
08-11-2021 08:30,08-11-2021 08:45,215,274,11.2,23.8,35
08-11-2021 08:45,08-11-2021 09:00,215,274,13.7,22.7,36.4
08-11-2021 09:00,08-11-2021 09:15,234,317,11.8,23,34.9
08-11-2021 09:15,08-11-2021 09:30,234,317,12.6,25,37.6
08-11-2021 09:30,08-11-2021 09:45,234,317,11.1,26.3,37.3
08-11-2021 09:45,08-11-2021 10:00,234,317,11.2,25.7,36.9
08-11-2021 10:00,08-11-2021 10:15,344,442,11.9,26.6,38.5
08-11-2021 10:15,08-11-2021 10:30,344,442,9.4,28.7,38.1
08-11-2021 10:30,08-11-2021 10:45,344,442,10.5,27.4,37.9
08-11-2021 10:45,08-11-2021 11:00,344,442,7.8,29.8,37.6
08-11-2021 11:00,08-11-2021 11:15,349,461,6.3,30.3,36.6
08-11-2021 11:15,08-11-2021 11:30,349,461,6.7,29.7,36.4
08-11-2021 11:30,08-11-2021 11:45,349,461,5.4,29.9,35.4
08-11-2021 11:45,08-11-2021 12:00,349,461,4.1,30.2,34.3
08-11-2021 12:00,08-11-2021 12:15,265,378,4.4,29,33.4
08-11-2021 12:15,08-11-2021 12:30,265,378,5.5,26.9,32.4
08-11-2021 12:30,08-11-2021 12:45,265,378,5.4,26.8,32.2
08-11-2021 12:45,08-11-2021 13:00,265,378,3.6,26.7,30.3
08-11-2021 13:00,08-11-2021 13:15,218,299,4.2,25.2,29.4
08-11-2021 13:15,08-11-2021 13:30,218,299,6.2,23.8,30
08-11-2021 13:30,08-11-2021 13:45,218,299,4.6,25.1,29.7
08-11-2021 13:45,08-11-2021 14:00,218,299,5,23.8,28.8
08-11-2021 14:00,08-11-2021 14:15,178,250,4.9,23,27.9
08-11-2021 14:15,08-11-2021 14:30,178,250,4.8,22.6,27.3
08-11-2021 14:30,08-11-2021 14:45,178,250,4.7,22.5,27.3
08-11-2021 14:45,08-11-2021 15:00,178,250,4.7,22.2,26.9
08-11-2021 15:00,08-11-2021 15:15,140,200,4.3,22.2,26.6
08-11-2021 15:15,08-11-2021 15:30,140,200,4.1,22.5,26.7
08-11-2021 15:30,08-11-2021 15:45,140,200,4.5,22.7,27.2
08-11-2021 15:45,08-11-2021 16:00,140,200,4.4,23.9,28.3
08-11-2021 16:00,08-11-2021 16:15,134,196,5.4,22.9,28.3
08-11-2021 16:15,08-11-2021 16:30,134,196,5.2,24.7,29.9
08-11-2021 16:30,08-11-2021 16:45,134,196,4.7,26.7,31.3
08-11-2021 16:45,08-11-2021 17:00,134,196,5.5,26.4,31.9
08-11-2021 17:00,08-11-2021 17:15,128,199,5.7,24.6,30.2
08-11-2021 17:15,08-11-2021 17:30,128,199,5.6,25.3,30.9
08-11-2021 17:30,08-11-2021 17:45,128,199,5.7,27.8,33.5
08-11-2021 17:45,08-11-2021 18:00,128,199,5,27.2,32.2
08-11-2021 18:00,08-11-2021 18:15,146,201,4.3,28.9,33.2
08-11-2021 18:15,08-11-2021 18:30,146,201,7.5,30.2,37.7
08-11-2021 18:30,08-11-2021 18:45,146,201,8.5,29.3,37.8
08-11-2021 18:45,08-11-2021 19:00,146,201,6.6,29.9,36.5
08-11-2021 19:00,08-11-2021 19:15,240,323,6.5,30,36.5
08-11-2021 19:15,08-11-2021 19:30,240,323,7.7,31.7,39.3
08-11-2021 19:30,08-11-2021 19:45,240,323,7.6,31.6,39.2
08-11-2021 19:45,08-11-2021 20:00,240,323,9,31.5,40.4
08-11-2021 20:00,08-11-2021 20:15,223,320,9.3,31.9,41.2
08-11-2021 20:15,08-11-2021 20:30,223,320,9.1,31.2,40.2
08-11-2021 20:30,08-11-2021 20:45,223,320,10.6,30.3,40.9
08-11-2021 20:45,08-11-2021 21:00,223,320,9.3,31.7,41
08-11-2021 21:00,08-11-2021 21:15,239,328,8.9,30.5,39.4
08-11-2021 21:15,08-11-2021 21:30,239,328,9.7,28.9,38.6
08-11-2021 21:30,08-11-2021 21:45,239,328,7.1,28.9,36
08-11-2021 21:45,08-11-2021 22:00,239,328,10.9,28.9,39.7
08-11-2021 22:00,08-11-2021 22:15,197,267,9.5,29.4,38.9
08-11-2021 22:15,08-11-2021 22:30,197,267,10.7,29.5,40.2
08-11-2021 22:30,08-11-2021 22:45,197,267,8.1,28,36.1
08-11-2021 22:45,08-11-2021 23:00,197,267,7.7,28.7,36.4
08-11-2021 23:00,08-11-2021 23:15,207,265,9.1,27.8,36.9
08-11-2021 23:15,08-11-2021 23:30,207,265,9.2,26.9,36.1
08-11-2021 23:30,08-11-2021 23:45,207,265,10.2,27.1,37.3
08-11-2021 23:45,09-11-2021 00:00,207,265,9.4,27.4,36.8
09-11-2021 00:00,09-11-2021 00:15,200,260,9.7,28.9,38.5
09-11-2021 00:15,09-11-2021 00:30,200,260,9.2,28.3,37.5
09-11-2021 00:30,09-11-2021 00:45,200,260,8,28.9,36.8
09-11-2021 00:45,09-11-2021 01:00,200,260,9.9,24.6,34.5
09-11-2021 01:00,09-11-2021 01:15,205,267,11,27.4,38.4
09-11-2021 01:15,09-11-2021 01:30,205,267,9.7,27,36.7
09-11-2021 01:30,09-11-2021 01:45,205,267,9.3,27.7,36.9
09-11-2021 01:45,09-11-2021 02:00,205,267,11.1,27.7,38.9
09-11-2021 02:00,09-11-2021 02:15,201,260,None,None,None
09-11-2021 02:15,09-11-2021 02:30,201,260,None,None,None
09-11-2021 02:30,09-11-2021 02:45,201,260,None,None,None
09-11-2021 02:45,09-11-2021 03:00,201,260,9.8,24.7,34.5
09-11-2021 03:00,09-11-2021 03:15,189,248,10.4,24.7,35.1
09-11-2021 03:15,09-11-2021 03:30,189,248,10.1,25.5,35.7
09-11-2021 03:30,09-11-2021 03:45,189,248,10.5,24.5,35
09-11-2021 03:45,09-11-2021 04:00,189,248,10.1,24.7,34.7
09-11-2021 04:00,09-11-2021 04:15,205,252,11.7,24.4,36.1
09-11-2021 04:15,09-11-2021 04:30,205,252,11.7,25.6,37.2
09-11-2021 04:30,09-11-2021 04:45,205,252,12.4,24.9,37.3
09-11-2021 04:45,09-11-2021 05:00,205,252,14,24.5,38.5
09-11-2021 05:00,09-11-2021 05:15,195,252,12.8,21.3,34.1
09-11-2021 05:15,09-11-2021 05:30,195,252,9.6,22.3,31.8
09-11-2021 05:30,09-11-2021 05:45,195,252,9.9,22.6,32.5
09-11-2021 05:45,09-11-2021 06:00,195,252,9.2,22.2,31.4
09-11-2021 06:00,09-11-2021 06:15,180,250,9.6,24.7,34.3
09-11-2021 06:15,09-11-2021 06:30,180,250,9.5,23.5,33
09-11-2021 06:30,09-11-2021 06:45,180,250,10,23.2,33.1
09-11-2021 06:45,09-11-2021 07:00,180,250,9.6,22.2,31.8
09-11-2021 07:00,09-11-2021 07:15,197,273,9.9,22.6,32.5
09-11-2021 07:15,09-11-2021 07:30,197,273,10.3,23.8,34
09-11-2021 07:30,09-11-2021 07:45,197,273,8.8,25.1,34
09-11-2021 07:45,09-11-2021 08:00,197,273,11,22.7,33.7
09-11-2021 08:00,09-11-2021 08:15,223,304,12,23.4,35.4
09-11-2021 08:15,09-11-2021 08:30,223,304,12.6,24.6,37.2
09-11-2021 08:30,09-11-2021 08:45,223,304,11.3,25.1,36.4
09-11-2021 08:45,09-11-2021 09:00,223,304,12.8,23.9,36.7
09-11-2021 09:00,09-11-2021 09:15,243,326,10.7,25.8,36.5
09-11-2021 09:15,09-11-2021 09:30,243,326,9.1,26.3,35.5
09-11-2021 09:30,09-11-2021 09:45,243,326,10.1,25,35.2
09-11-2021 09:45,09-11-2021 10:00,243,326,8.8,27.7,36.5
09-11-2021 10:00,09-11-2021 10:15,316,500,7.9,28.4,36.2
09-11-2021 10:15,09-11-2021 10:30,316,500,5.3,28.4,33.7
09-11-2021 10:30,09-11-2021 10:45,316,500,6.6,29,35.6
09-11-2021 10:45,09-11-2021 11:00,316,500,5.9,29,34.9
09-11-2021 11:00,09-11-2021 11:15,296,415,5.2,28.4,33.6
09-11-2021 11:15,09-11-2021 11:30,296,415,5.5,28.2,33.7
09-11-2021 11:30,09-11-2021 11:45,296,415,4.8,27.2,32
09-11-2021 11:45,09-11-2021 12:00,296,415,5,28.1,33
09-11-2021 12:00,09-11-2021 12:15,254,362,4.9,27.2,32
09-11-2021 12:15,09-11-2021 12:30,254,362,4.9,25.6,30.5
09-11-2021 12:30,09-11-2021 12:45,254,362,4.5,24.5,29
09-11-2021 12:45,09-11-2021 13:00,254,362,5,25.5,30.5
09-11-2021 13:00,09-11-2021 13:15,208,311,4.5,23.8,28.3
09-11-2021 13:15,09-11-2021 13:30,208,311,4.4,24.1,28.6
09-11-2021 13:30,09-11-2021 13:45,208,311,3.7,23,26.7
09-11-2021 13:45,09-11-2021 14:00,208,311,2.9,22.6,25.5
09-11-2021 14:00,09-11-2021 14:15,182,276,4.3,22.8,27.1
09-11-2021 14:15,09-11-2021 14:30,182,276,3.2,23.3,26.5
09-11-2021 14:30,09-11-2021 14:45,182,276,4.8,22.7,27.5
09-11-2021 14:45,09-11-2021 15:00,182,276,5.6,22.7,28.3
09-11-2021 15:00,09-11-2021 15:15,162,249,4.9,22.4,27.3
09-11-2021 15:15,09-11-2021 15:30,162,249,5.2,23.1,28.2
09-11-2021 15:30,09-11-2021 15:45,162,249,6.6,23.1,29.7
09-11-2021 15:45,09-11-2021 16:00,162,249,5.5,25,30.4
09-11-2021 16:00,09-11-2021 16:15,125,206,4.6,25.9,30.5
09-11-2021 16:15,09-11-2021 16:30,125,206,4.8,25.4,30.2
09-11-2021 16:30,09-11-2021 16:45,125,206,6.4,25.8,32.2
09-11-2021 16:45,09-11-2021 17:00,125,206,6.2,25.7,31.9
09-11-2021 17:00,09-11-2021 17:15,108,172,6,26,32
09-11-2021 17:15,09-11-2021 17:30,108,172,6.3,25.8,32.1
09-11-2021 17:30,09-11-2021 17:45,108,172,3.7,29.5,33.1
09-11-2021 17:45,09-11-2021 18:00,108,172,7.2,28.3,35.5
09-11-2021 18:00,09-11-2021 18:15,107,184,8,27.6,35.6
09-11-2021 18:15,09-11-2021 18:30,107,184,4.6,28.5,33.1
09-11-2021 18:30,09-11-2021 18:45,107,184,6,29.2,35.3
09-11-2021 18:45,09-11-2021 19:00,107,184,6.9,27.3,34.2
09-11-2021 19:00,09-11-2021 19:15,133,215,6.6,27,33.5
09-11-2021 19:15,09-11-2021 19:30,133,215,8,27.2,35.2
09-11-2021 19:30,09-11-2021 19:45,133,215,4.9,30,34.9
09-11-2021 19:45,09-11-2021 20:00,133,215,7.4,30.6,38
09-11-2021 20:00,09-11-2021 20:15,136,219,5.6,31,36.7
09-11-2021 20:15,09-11-2021 20:30,136,219,6.4,30.3,36.7
09-11-2021 20:30,09-11-2021 20:45,136,219,7.3,32,39.2
09-11-2021 20:45,09-11-2021 21:00,136,219,8.3,33.9,42.2
09-11-2021 21:00,09-11-2021 21:15,153,307,9.1,33.6,42.7
09-11-2021 21:15,09-11-2021 21:30,153,307,10.2,35.1,45.4
09-11-2021 21:30,09-11-2021 21:45,153,307,8.4,33.4,41.8
09-11-2021 21:45,09-11-2021 22:00,153,307,10.8,31.4,42.1
09-11-2021 22:00,09-11-2021 22:15,211,602,10.7,36,46.7
09-11-2021 22:15,09-11-2021 22:30,211,602,11.3,34.6,45.9
09-11-2021 22:30,09-11-2021 22:45,211,602,11.7,34.2,45.9
09-11-2021 22:45,09-11-2021 23:00,211,602,11.8,34,45.8
09-11-2021 23:00,09-11-2021 23:15,206,294,13.6,34.8,48.4
09-11-2021 23:15,09-11-2021 23:30,206,294,14.7,32.7,47.4
09-11-2021 23:30,09-11-2021 23:45,206,294,13.6,32.4,45.9
09-11-2021 23:45,10-11-2021 00:00,206,294,13.5,31.4,44.9
10-11-2021 00:00,10-11-2021 00:15,186,265,12.1,31.6,43.7
10-11-2021 00:15,10-11-2021 00:30,186,265,13.4,31.1,44.5
10-11-2021 00:30,10-11-2021 00:45,186,265,12,32.6,44.7
10-11-2021 00:45,10-11-2021 01:00,186,265,13.2,31.2,44.3
10-11-2021 01:00,10-11-2021 01:15,201,252,11.2,31.1,42.3
10-11-2021 01:15,10-11-2021 01:30,201,252,13.8,31,44.9
10-11-2021 01:30,10-11-2021 01:45,201,252,13.5,31.8,45.2
10-11-2021 01:45,10-11-2021 02:00,201,252,12.1,30.1,42.2
10-11-2021 02:00,10-11-2021 02:15,183,250,None,None,None
10-11-2021 02:15,10-11-2021 02:30,183,250,None,None,None
10-11-2021 02:30,10-11-2021 02:45,183,250,None,None,None
10-11-2021 02:45,10-11-2021 03:00,183,250,11.6,28.5,40.1
10-11-2021 03:00,10-11-2021 03:15,183,251,11.4,28.1,39.5
10-11-2021 03:15,10-11-2021 03:30,183,251,13.3,26.6,39.9
10-11-2021 03:30,10-11-2021 03:45,183,251,13.7,27.8,41.5
10-11-2021 03:45,10-11-2021 04:00,183,251,11.2,26.6,37.7
10-11-2021 04:00,10-11-2021 04:15,171,235,15.5,25,40.5
10-11-2021 04:15,10-11-2021 04:30,171,235,14.1,25.2,39.3
10-11-2021 04:30,10-11-2021 04:45,171,235,12.9,27.6,40.5
10-11-2021 04:45,10-11-2021 05:00,171,235,13,25.1,38.1
10-11-2021 05:00,10-11-2021 05:15,171,238,12.9,24.5,37.4
10-11-2021 05:15,10-11-2021 05:30,171,238,10.8,25.3,36.1
10-11-2021 05:30,10-11-2021 05:45,171,238,12,25.5,37.5
10-11-2021 05:45,10-11-2021 06:00,171,238,13.8,25.3,39
10-11-2021 06:00,10-11-2021 06:15,161,221,15.2,22.6,37.8
10-11-2021 06:15,10-11-2021 06:30,161,221,19.8,22.1,41.9
10-11-2021 06:30,10-11-2021 06:45,161,221,19.9,21.4,41.3
10-11-2021 06:45,10-11-2021 07:00,161,221,20.3,21.5,41.8
10-11-2021 07:00,10-11-2021 07:15,161,223,19.7,22.5,42.1
10-11-2021 07:15,10-11-2021 07:30,161,223,20.1,22.8,42.9
10-11-2021 07:30,10-11-2021 07:45,161,223,21.3,21.6,42.9
10-11-2021 07:45,10-11-2021 08:00,161,223,23.2,22.6,45.8
10-11-2021 08:00,10-11-2021 08:15,183,239,25.6,22.9,48.5
10-11-2021 08:15,10-11-2021 08:30,183,239,25.4,23.5,48.9
10-11-2021 08:30,10-11-2021 08:45,183,239,25.4,26.9,52.3
10-11-2021 08:45,10-11-2021 09:00,183,239,24.2,26.6,50.8
10-11-2021 09:00,10-11-2021 09:15,171,255,22,26.4,48.5
10-11-2021 09:15,10-11-2021 09:30,171,255,21.1,27.1,48.2
10-11-2021 09:30,10-11-2021 09:45,171,255,18.8,27.9,46.8
10-11-2021 09:45,10-11-2021 10:00,171,255,20.6,27,47.6
10-11-2021 10:00,10-11-2021 10:15,178,263,19.1,27,46.1
10-11-2021 10:15,10-11-2021 10:30,178,263,17.6,28.1,45.7
10-11-2021 10:30,10-11-2021 10:45,178,263,16.9,27.7,44.6
10-11-2021 10:45,10-11-2021 11:00,178,263,15.6,27.9,43.5
10-11-2021 11:00,10-11-2021 11:15,208,368,14.6,28.3,42.9
10-11-2021 11:15,10-11-2021 11:30,208,368,13.7,29.6,43.3
10-11-2021 11:30,10-11-2021 11:45,208,368,13.6,32.4,46.1
10-11-2021 11:45,10-11-2021 12:00,208,368,11.2,31.2,42.4
10-11-2021 12:00,10-11-2021 12:15,241,345,13.6,34.2,47.8
10-11-2021 12:15,10-11-2021 12:30,241,345,10.6,32.8,43.4
10-11-2021 12:30,10-11-2021 12:45,241,345,9.4,32.4,41.8
10-11-2021 12:45,10-11-2021 13:00,241,345,7.3,34.4,41.7
10-11-2021 13:00,10-11-2021 13:15,206,335,6.8,33.9,40.7
10-11-2021 13:15,10-11-2021 13:30,206,335,4.5,33.4,37.9
10-11-2021 13:30,10-11-2021 13:45,206,335,5.2,34,39.2
10-11-2021 13:45,10-11-2021 14:00,206,335,4.7,32.6,37.3
10-11-2021 14:00,10-11-2021 14:15,185,268,4.7,32.1,36.8
10-11-2021 14:15,10-11-2021 14:30,185,268,4.8,31.7,36.5
10-11-2021 14:30,10-11-2021 14:45,185,268,4.4,32,36.4
10-11-2021 14:45,10-11-2021 15:00,185,268,4.2,32.5,36.7
10-11-2021 15:00,10-11-2021 15:15,186,263,4.8,31.1,35.9
10-11-2021 15:15,10-11-2021 15:30,186,263,3.9,32.3,36.1
10-11-2021 15:30,10-11-2021 15:45,186,263,5.3,29.5,34.8
10-11-2021 15:45,10-11-2021 16:00,186,263,4.1,30.8,34.9
10-11-2021 16:00,10-11-2021 16:15,195,260,6.8,30.5,37.3
10-11-2021 16:15,10-11-2021 16:30,195,260,5.4,28.7,34
10-11-2021 16:30,10-11-2021 16:45,195,260,3.7,30.5,34.2
10-11-2021 16:45,10-11-2021 17:00,195,260,5.1,30,35.1
10-11-2021 17:00,10-11-2021 17:15,206,277,3.7,30.1,33.7
10-11-2021 17:15,10-11-2021 17:30,206,277,7.1,31.7,38.8
10-11-2021 17:30,10-11-2021 17:45,206,277,6.8,31.2,38
10-11-2021 17:45,10-11-2021 18:00,206,277,6.2,30.9,37.1
10-11-2021 18:00,10-11-2021 18:15,227,291,5.9,31.1,37
10-11-2021 18:15,10-11-2021 18:30,227,291,5.2,32,37.2
10-11-2021 18:30,10-11-2021 18:45,227,291,6.2,32.2,38.4
10-11-2021 18:45,10-11-2021 19:00,227,291,7.2,33.3,40.6
10-11-2021 19:00,10-11-2021 19:15,250,320,8.8,32.6,41.3
10-11-2021 19:15,10-11-2021 19:30,250,320,7.1,33.2,40.3
10-11-2021 19:30,10-11-2021 19:45,250,320,8,31.4,39.4
10-11-2021 19:45,10-11-2021 20:00,250,320,9.1,31.1,40.2
10-11-2021 20:00,10-11-2021 20:15,248,392,8.6,30.7,39.3
10-11-2021 20:15,10-11-2021 20:30,248,392,9,30.7,39.7
10-11-2021 20:30,10-11-2021 20:45,248,392,11,31.5,42.5
10-11-2021 20:45,10-11-2021 21:00,248,392,13,31.4,44.4
10-11-2021 21:00,10-11-2021 21:15,240,312,14.8,35.6,50.4
10-11-2021 21:15,10-11-2021 21:30,240,312,13,37,50
10-11-2021 21:30,10-11-2021 21:45,240,312,13.4,35.7,49.1
10-11-2021 21:45,10-11-2021 22:00,240,312,16.1,32,48.1
10-11-2021 22:00,10-11-2021 22:15,287,362,16.4,31.9,48.3
10-11-2021 22:15,10-11-2021 22:30,287,362,16,33.6,49.6
10-11-2021 22:30,10-11-2021 22:45,287,362,15.9,33.5,49.4
10-11-2021 22:45,10-11-2021 23:00,287,362,18.1,32.9,50.9
10-11-2021 23:00,10-11-2021 23:15,299,392,21.3,31.5,52.8
10-11-2021 23:15,10-11-2021 23:30,299,392,19.7,33.1,52.7
10-11-2021 23:30,10-11-2021 23:45,299,392,20.6,33.7,54.3
10-11-2021 23:45,11-11-2021 00:00,299,392,22.7,32.7,55.3
11-11-2021 00:00,11-11-2021 00:15,334,406,24.2,33.4,57.6
11-11-2021 00:15,11-11-2021 00:30,334,406,25.1,34.7,59.8
11-11-2021 00:30,11-11-2021 00:45,334,406,26.3,34.4,60.7
11-11-2021 00:45,11-11-2021 01:00,334,406,24.5,33.1,57.6
11-11-2021 01:00,11-11-2021 01:15,332,381,25.9,33.6,59.5
11-11-2021 01:15,11-11-2021 01:30,332,381,25,34.4,59.4
11-11-2021 01:30,11-11-2021 01:45,332,381,24.5,32.4,56.9
11-11-2021 01:45,11-11-2021 02:00,332,381,25.7,29.9,55.6
11-11-2021 02:00,11-11-2021 02:15,291,355,None,None,None
11-11-2021 02:15,11-11-2021 02:30,291,355,None,None,None
11-11-2021 02:30,11-11-2021 02:45,291,355,None,None,None
11-11-2021 02:45,11-11-2021 03:00,291,355,26.3,26,52.3
11-11-2021 03:00,11-11-2021 03:15,282,353,24.1,24.8,48.9
11-11-2021 03:15,11-11-2021 03:30,282,353,22.8,27.2,50.1
11-11-2021 03:30,11-11-2021 03:45,282,353,23.2,29.3,52.5
11-11-2021 03:45,11-11-2021 04:00,282,353,22.6,28.8,51.4
11-11-2021 04:00,11-11-2021 04:15,277,327,23.3,27.7,51.1
11-11-2021 04:15,11-11-2021 04:30,277,327,23.4,27.8,51.3
11-11-2021 04:30,11-11-2021 04:45,277,327,26.4,26.8,53.2
11-11-2021 04:45,11-11-2021 05:00,277,327,24.8,24.6,49.4
11-11-2021 05:00,11-11-2021 05:15,277,345,31.4,25,56.3
11-11-2021 05:15,11-11-2021 05:30,277,345,34.2,24.5,58.7
11-11-2021 05:30,11-11-2021 05:45,277,345,41.7,25.5,67.2
11-11-2021 05:45,11-11-2021 06:00,277,345,44.4,24.9,69.3
11-11-2021 06:00,11-11-2021 06:15,271,344,41.1,25.4,66.5
11-11-2021 06:15,11-11-2021 06:30,271,344,41.8,25.7,67.4
11-11-2021 06:30,11-11-2021 06:45,271,344,44.7,24.4,69.1
11-11-2021 06:45,11-11-2021 07:00,271,344,43.7,24.9,68.6
11-11-2021 07:00,11-11-2021 07:15,280,362,44.6,22.2,66.8
11-11-2021 07:15,11-11-2021 07:30,280,362,45.1,22,67.1
11-11-2021 07:30,11-11-2021 07:45,280,362,45.7,22.1,67.8
11-11-2021 07:45,11-11-2021 08:00,280,362,40.3,25.6,65.9
11-11-2021 08:00,11-11-2021 08:15,263,346,42.8,25.3,68.1
11-11-2021 08:15,11-11-2021 08:30,263,346,43.8,26.3,70.1
11-11-2021 08:30,11-11-2021 08:45,263,346,43.7,27.8,71.5
11-11-2021 08:45,11-11-2021 09:00,263,346,42.2,28.6,70.8
11-11-2021 09:00,11-11-2021 09:15,302,418,40.4,27.1,67.5
11-11-2021 09:15,11-11-2021 09:30,302,418,36.8,27.3,64.1
11-11-2021 09:30,11-11-2021 09:45,302,418,34.2,29.6,63.8
11-11-2021 09:45,11-11-2021 10:00,302,418,34.7,30,64.7
11-11-2021 10:00,11-11-2021 10:15,259,353,29,29.6,58.5
11-11-2021 10:15,11-11-2021 10:30,259,353,27.3,27.7,55
11-11-2021 10:30,11-11-2021 10:45,259,353,26.6,26.2,52.8
11-11-2021 10:45,11-11-2021 11:00,259,353,24.5,27.3,51.8
11-11-2021 11:00,11-11-2021 11:15,208,301,22.7,27.6,50.3
11-11-2021 11:15,11-11-2021 11:30,208,301,22.4,26.7,49.1
11-11-2021 11:30,11-11-2021 11:45,208,301,20.5,26.9,47.4
11-11-2021 11:45,11-11-2021 12:00,208,301,18.8,27.6,46.4
11-11-2021 12:00,11-11-2021 12:15,197,294,20,29.5,49.5
11-11-2021 12:15,11-11-2021 12:30,197,294,19.1,30.2,49.3
11-11-2021 12:30,11-11-2021 12:45,197,294,18.6,28,46.6
11-11-2021 12:45,11-11-2021 13:00,197,294,16.1,28.1,44.3
11-11-2021 13:00,11-11-2021 13:15,212,320,16.3,29.8,46.1
11-11-2021 13:15,11-11-2021 13:30,212,320,14.3,30.2,44.5
11-11-2021 13:30,11-11-2021 13:45,212,320,14.9,29.2,44.2
11-11-2021 13:45,11-11-2021 14:00,212,320,13.7,27.8,41.5
11-11-2021 14:00,11-11-2021 14:15,219,313,11.6,30.6,42.2
11-11-2021 14:15,11-11-2021 14:30,219,313,12.5,32.4,45
11-11-2021 14:30,11-11-2021 14:45,219,313,6.6,28.6,35.2
11-11-2021 14:45,11-11-2021 15:00,219,313,5.7,20.2,25.9
11-11-2021 15:00,11-11-2021 15:15,229,353,6,21.5,27.5
11-11-2021 15:15,11-11-2021 15:30,229,353,4.3,22.6,26.9
11-11-2021 15:30,11-11-2021 15:45,229,353,6.2,20.8,26.9
11-11-2021 15:45,11-11-2021 16:00,229,353,5.1,21.5,26.6
11-11-2021 16:00,11-11-2021 16:15,235,345,4.8,19.5,24.2
11-11-2021 16:15,11-11-2021 16:30,235,345,5.8,17.9,23.7
11-11-2021 16:30,11-11-2021 16:45,235,345,5.3,17.6,22.9
11-11-2021 16:45,11-11-2021 17:00,235,345,4.6,18.6,23.2
11-11-2021 17:00,11-11-2021 17:15,246,337,4.8,19.5,24.2
11-11-2021 17:15,11-11-2021 17:30,246,337,5.4,19.8,25.2
11-11-2021 17:30,11-11-2021 17:45,246,337,4.7,20,24.7
11-11-2021 17:45,11-11-2021 18:00,246,337,5.7,20.7,26.4
11-11-2021 18:00,11-11-2021 18:15,250,322,6,21.1,27.1
11-11-2021 18:15,11-11-2021 18:30,250,322,7,20.2,27.2
11-11-2021 18:30,11-11-2021 18:45,250,322,5.8,19.4,25.1
11-11-2021 18:45,11-11-2021 19:00,250,322,10.3,19.7,30
11-11-2021 19:00,11-11-2021 19:15,245,320,14.2,19.1,33.3
11-11-2021 19:15,11-11-2021 19:30,245,320,27.9,18.8,46.7
11-11-2021 19:30,11-11-2021 19:45,245,320,34.9,26.3,61.1
11-11-2021 19:45,11-11-2021 20:00,245,320,42.9,23,65.9
11-11-2021 20:00,11-11-2021 20:15,256,333,45.4,24.2,69.6
11-11-2021 20:15,11-11-2021 20:30,256,333,44,22.8,66.8
11-11-2021 20:30,11-11-2021 20:45,256,333,47.8,22.1,69.8
11-11-2021 20:45,11-11-2021 21:00,256,333,48.9,20.4,69.3
11-11-2021 21:00,11-11-2021 21:15,278,357,51.4,16,67.4
11-11-2021 21:15,11-11-2021 21:30,278,357,58.4,20.7,79.1
11-11-2021 21:30,11-11-2021 21:45,278,357,50.8,19,69.8
11-11-2021 21:45,11-11-2021 22:00,278,357,41.6,17.7,59.2
11-11-2021 22:00,11-11-2021 22:15,271,339,36.8,17.5,54.2
11-11-2021 22:15,11-11-2021 22:30,271,339,37.1,14.8,52
11-11-2021 22:30,11-11-2021 22:45,271,339,36,13.8,49.8
11-11-2021 22:45,11-11-2021 23:00,271,339,34.2,13.5,47.7
11-11-2021 23:00,11-11-2021 23:15,241,279,34.2,11.6,45.8
11-11-2021 23:15,11-11-2021 23:30,241,279,28.6,13.6,42.2
11-11-2021 23:30,11-11-2021 23:45,241,279,26,14.1,40
11-11-2021 23:45,12-11-2021 00:00,241,279,26.8,11.5,38.3
12-11-2021 00:00,12-11-2021 00:15,252,294,26.4,11,37.4
12-11-2021 00:15,12-11-2021 00:30,252,294,25.1,12.2,37.3
12-11-2021 00:30,12-11-2021 00:45,252,294,23,14.9,37.8
12-11-2021 00:45,12-11-2021 01:00,252,294,24.4,14.5,38.8
12-11-2021 01:00,12-11-2021 01:15,260,279,29.7,16.3,45.9
12-11-2021 01:15,12-11-2021 01:30,260,279,31.5,16.3,47.9
12-11-2021 01:30,12-11-2021 01:45,260,279,34.3,18,52.2
12-11-2021 01:45,12-11-2021 02:00,260,279,36,13.8,49.8
12-11-2021 02:00,12-11-2021 02:15,268,312,None,None,None
12-11-2021 02:15,12-11-2021 02:30,268,312,None,None,None
12-11-2021 02:30,12-11-2021 02:45,268,312,None,None,None
12-11-2021 02:45,12-11-2021 03:00,268,312,45.2,16.8,62
12-11-2021 03:00,12-11-2021 03:15,283,339,38.2,20.3,58.5
12-11-2021 03:15,12-11-2021 03:30,283,339,37.8,19.9,57.6
12-11-2021 03:30,12-11-2021 03:45,283,339,40,17.4,57.4
12-11-2021 03:45,12-11-2021 04:00,283,339,40.7,16.3,57
12-11-2021 04:00,12-11-2021 04:15,279,324,43.5,13.9,57.4
12-11-2021 04:15,12-11-2021 04:30,279,324,48.1,14.6,62.7
12-11-2021 04:30,12-11-2021 04:45,279,324,48.4,17.3,65.7
12-11-2021 04:45,12-11-2021 05:00,279,324,46.5,15.3,61.8
12-11-2021 05:00,12-11-2021 05:15,257,301,43.5,15.3,58.8
12-11-2021 05:15,12-11-2021 05:30,257,301,40.6,15.7,56.3
12-11-2021 05:30,12-11-2021 05:45,257,301,41.4,15.1,56.5
12-11-2021 05:45,12-11-2021 06:00,257,301,41,13.2,54.2
12-11-2021 06:00,12-11-2021 06:15,268,309,39.9,12.4,52.3
12-11-2021 06:15,12-11-2021 06:30,268,309,41,12.3,53.3
12-11-2021 06:30,12-11-2021 06:45,268,309,46.9,12.3,59.2
12-11-2021 06:45,12-11-2021 07:00,268,309,44.7,15.3,60
12-11-2021 07:00,12-11-2021 07:15,232,267,35.3,16.7,51.9
12-11-2021 07:15,12-11-2021 07:30,232,267,32.9,17.1,50
12-11-2021 07:30,12-11-2021 07:45,232,267,33,15.6,48.6
12-11-2021 07:45,12-11-2021 08:00,232,267,31.8,15.8,47.6
12-11-2021 08:00,12-11-2021 08:15,305,374,32.5,15.4,47.9
12-11-2021 08:15,12-11-2021 08:30,305,374,32.6,18.7,51.3
12-11-2021 08:30,12-11-2021 08:45,305,374,24.6,20.9,45.4
12-11-2021 08:45,12-11-2021 09:00,305,374,18.4,22,40.5
12-11-2021 09:00,12-11-2021 09:15,329,416,16.1,22.6,38.7
12-11-2021 09:15,12-11-2021 09:30,329,416,13.4,24.2,37.6
12-11-2021 09:30,12-11-2021 09:45,329,416,11.9,26.7,38.6
12-11-2021 09:45,12-11-2021 10:00,329,416,10,26.4,36.4
12-11-2021 10:00,12-11-2021 10:15,342,445,7.9,26.5,34.5
12-11-2021 10:15,12-11-2021 10:30,342,445,19.5,39.1,58.7
12-11-2021 10:30,12-11-2021 10:45,342,445,13.4,35.5,49
12-11-2021 10:45,12-11-2021 11:00,342,445,7.9,28.8,36.7
12-11-2021 11:00,12-11-2021 11:15,412,503,6.7,25.8,32.5
12-11-2021 11:15,12-11-2021 11:30,412,503,6.4,24.5,30.9
12-11-2021 11:30,12-11-2021 11:45,412,503,6.8,23.4,30.2
12-11-2021 11:45,12-11-2021 12:00,412,503,6,22.2,28.1
12-11-2021 12:00,12-11-2021 12:15,488,577,6.2,24,30.1
12-11-2021 12:15,12-11-2021 12:30,488,577,5,21.8,26.7
12-11-2021 12:30,12-11-2021 12:45,488,577,4.5,22.5,27
12-11-2021 12:45,12-11-2021 13:00,488,577,2.1,23.2,25.3
12-11-2021 13:00,12-11-2021 13:15,527,606,4.5,19.9,24.3
12-11-2021 13:15,12-11-2021 13:30,527,606,3.2,18.7,21.9
12-11-2021 13:30,12-11-2021 13:45,527,606,3.8,17.7,21.5
12-11-2021 13:45,12-11-2021 14:00,527,606,4.4,16.2,20.5
12-11-2021 14:00,12-11-2021 14:15,444,531,3.9,14.7,18.6
12-11-2021 14:15,12-11-2021 14:30,444,531,3.6,14.6,18.1
12-11-2021 14:30,12-11-2021 14:45,444,531,5,16.4,21.4
12-11-2021 14:45,12-11-2021 15:00,444,531,3,13.4,16.4
12-11-2021 15:00,12-11-2021 15:15,387,462,5.3,13.3,18.6
12-11-2021 15:15,12-11-2021 15:30,387,462,3.6,12,15.6
12-11-2021 15:30,12-11-2021 15:45,387,462,2.9,13.5,16.4
12-11-2021 15:45,12-11-2021 16:00,387,462,3.9,11.5,15.4
12-11-2021 16:00,12-11-2021 16:15,335,399,3.4,12,15.4
12-11-2021 16:15,12-11-2021 16:30,335,399,4.2,11.2,15.3
12-11-2021 16:30,12-11-2021 16:45,335,399,5.1,11.5,16.6
12-11-2021 16:45,12-11-2021 17:00,335,399,3.2,13.3,16.5
12-11-2021 17:00,12-11-2021 17:15,301,367,3.5,13.7,17.3
12-11-2021 17:15,12-11-2021 17:30,301,367,3.8,15.6,19.4
12-11-2021 17:30,12-11-2021 17:45,301,367,4,15.3,19.4
12-11-2021 17:45,12-11-2021 18:00,301,367,2.7,16.3,19
12-11-2021 18:00,12-11-2021 18:15,344,425,4.1,17.4,21.5
12-11-2021 18:15,12-11-2021 18:30,344,425,3.9,19.8,23.7
12-11-2021 18:30,12-11-2021 18:45,344,425,4.5,18.6,23
12-11-2021 18:45,12-11-2021 19:00,344,425,4.2,18.7,22.9
12-11-2021 19:00,12-11-2021 19:15,322,400,4.4,20.6,25.1
12-11-2021 19:15,12-11-2021 19:30,322,400,5.6,24.9,30.5
12-11-2021 19:30,12-11-2021 19:45,322,400,5.7,25.2,30.9
12-11-2021 19:45,12-11-2021 20:00,322,400,6.2,25.6,31.9
12-11-2021 20:00,12-11-2021 20:15,344,520,7.5,25.4,32.9
12-11-2021 20:15,12-11-2021 20:30,344,520,7,24.1,31
12-11-2021 20:30,12-11-2021 20:45,344,520,8.1,26.8,34.9
12-11-2021 20:45,12-11-2021 21:00,344,520,10.7,28.9,39.6
12-11-2021 21:00,12-11-2021 21:15,399,487,11.2,27.8,39
12-11-2021 21:15,12-11-2021 21:30,399,487,17.4,26.2,43.6
12-11-2021 21:30,12-11-2021 21:45,399,487,13.5,29.9,43.4
12-11-2021 21:45,12-11-2021 22:00,399,487,13.5,34.7,48.2
12-11-2021 22:00,12-11-2021 22:15,392,476,11.5,38.7,50.2
12-11-2021 22:15,12-11-2021 22:30,392,476,11,36.6,47.5
12-11-2021 22:30,12-11-2021 22:45,392,476,9.3,35.1,44.4
12-11-2021 22:45,12-11-2021 23:00,392,476,10.6,33.1,43.8
12-11-2021 23:00,12-11-2021 23:15,405,493,12.4,30,42.5
12-11-2021 23:15,12-11-2021 23:30,405,493,15.1,29.4,44.5
12-11-2021 23:30,12-11-2021 23:45,405,493,18.6,28,46.7
12-11-2021 23:45,13-11-2021 00:00,405,493,20.2,29.1,49.2
13-11-2021 00:00,13-11-2021 00:15,377,453,22.7,29.1,51.8
13-11-2021 00:15,13-11-2021 00:30,377,453,26.7,29.1,55.8
13-11-2021 00:30,13-11-2021 00:45,377,453,22.7,27.7,50.4
13-11-2021 00:45,13-11-2021 01:00,377,453,22.2,30.8,52.9
13-11-2021 01:00,13-11-2021 01:15,399,487,22.3,32.3,54.7
13-11-2021 01:15,13-11-2021 01:30,399,487,21.7,32.9,54.6
13-11-2021 01:30,13-11-2021 01:45,399,487,23.3,31.3,54.7
13-11-2021 01:45,13-11-2021 02:00,399,487,22.1,29.5,51.7
13-11-2021 02:00,13-11-2021 02:15,469,566,None,None,None
13-11-2021 02:15,13-11-2021 02:30,469,566,None,None,None
13-11-2021 02:30,13-11-2021 02:45,469,566,None,None,None
13-11-2021 02:45,13-11-2021 03:00,469,566,25.1,25.5,50.5
13-11-2021 03:00,13-11-2021 03:15,500,588,23,24.8,47.9
13-11-2021 03:15,13-11-2021 03:30,500,588,24.1,25.7,49.7
13-11-2021 03:30,13-11-2021 03:45,500,588,25.2,21.3,46.5
13-11-2021 03:45,13-11-2021 04:00,500,588,24.2,21.8,46
13-11-2021 04:00,13-11-2021 04:15,483,575,21.2,22.9,44.1
13-11-2021 04:15,13-11-2021 04:30,483,575,21.5,20.6,42.1
13-11-2021 04:30,13-11-2021 04:45,483,575,21.5,20.9,42.4
13-11-2021 04:45,13-11-2021 05:00,483,575,21.7,21.4,43.1
13-11-2021 05:00,13-11-2021 05:15,453,531,18.2,23.2,41.4
13-11-2021 05:15,13-11-2021 05:30,453,531,17.2,21.6,38.9
13-11-2021 05:30,13-11-2021 05:45,453,531,17.8,21.4,39.2
13-11-2021 05:45,13-11-2021 06:00,453,531,18.1,20.5,38.5
13-11-2021 06:00,13-11-2021 06:15,459,532,16.7,18.8,35.5
13-11-2021 06:15,13-11-2021 06:30,459,532,21.8,17.7,39.5
13-11-2021 06:30,13-11-2021 06:45,459,532,26.3,17.3,43.6
13-11-2021 06:45,13-11-2021 07:00,459,532,25.5,19.8,45.3
13-11-2021 07:00,13-11-2021 07:15,396,483,26.9,17,43.9
13-11-2021 07:15,13-11-2021 07:30,396,483,28.2,16.8,45
13-11-2021 07:30,13-11-2021 07:45,396,483,28.4,18.2,46.6
13-11-2021 07:45,13-11-2021 08:00,396,483,27.7,19.8,47.5
13-11-2021 08:00,13-11-2021 08:15,378,466,23.1,21.9,45
13-11-2021 08:15,13-11-2021 08:30,378,466,48.5,36.6,85.1
13-11-2021 08:30,13-11-2021 08:45,378,466,28.3,26.9,55.2
13-11-2021 08:45,13-11-2021 09:00,378,466,19.7,23.4,43.1
13-11-2021 09:00,13-11-2021 09:15,332,425,13.4,24.1,37.5
13-11-2021 09:15,13-11-2021 09:30,332,425,10.9,21.6,32.5
13-11-2021 09:30,13-11-2021 09:45,332,425,8.3,23.2,31.5
13-11-2021 09:45,13-11-2021 10:00,332,425,5.4,24.5,29.8
13-11-2021 10:00,13-11-2021 10:15,268,351,6.5,23.2,29.7
13-11-2021 10:15,13-11-2021 10:30,268,351,4,21.8,25.8
13-11-2021 10:30,13-11-2021 10:45,268,351,4.4,19.1,23.5
13-11-2021 10:45,13-11-2021 11:00,268,351,5.2,20.4,25.5
13-11-2021 11:00,13-11-2021 11:15,333,403,5.2,19.1,24.3
13-11-2021 11:15,13-11-2021 11:30,333,403,3.6,18.1,21.6
13-11-2021 11:30,13-11-2021 11:45,333,403,2.4,17.4,19.8
13-11-2021 11:45,13-11-2021 12:00,333,403,4.3,17.9,22.2
13-11-2021 12:00,13-11-2021 12:15,315,390,5.3,15.9,21.2
13-11-2021 12:15,13-11-2021 12:30,315,390,5.5,15.2,20.7
13-11-2021 12:30,13-11-2021 12:45,315,390,4.2,14.1,18.2
13-11-2021 12:45,13-11-2021 13:00,315,390,4.2,13.5,17.7
13-11-2021 13:00,13-11-2021 13:15,228,305,3.5,14.3,17.8
13-11-2021 13:15,13-11-2021 13:30,228,305,3.1,13.2,16.3
13-11-2021 13:30,13-11-2021 13:45,228,305,3.8,12,15.8
13-11-2021 13:45,13-11-2021 14:00,228,305,4.4,10.9,15.3
13-11-2021 14:00,13-11-2021 14:15,178,237,1.8,8.5,10.3
13-11-2021 14:15,13-11-2021 14:30,178,237,3.3,8.6,11.9
13-11-2021 14:30,13-11-2021 14:45,178,237,3.5,6.9,10.4
13-11-2021 14:45,13-11-2021 15:00,178,237,3.9,5.8,9.7
13-11-2021 15:00,13-11-2021 15:15,73,117,5.2,7.8,13
13-11-2021 15:15,13-11-2021 15:30,73,117,4.8,6.3,11.1
13-11-2021 15:30,13-11-2021 15:45,73,117,4,8,12
13-11-2021 15:45,13-11-2021 16:00,73,117,3.1,8,11.1
13-11-2021 16:00,13-11-2021 16:15,81,127,3,8.8,11.8
13-11-2021 16:15,13-11-2021 16:30,81,127,2.9,8.5,11.4
13-11-2021 16:30,13-11-2021 16:45,81,127,2.9,9.6,12.5
13-11-2021 16:45,13-11-2021 17:00,81,127,3.4,11.9,15.2
13-11-2021 17:00,13-11-2021 17:15,74,114,4.1,11.7,15.8
13-11-2021 17:15,13-11-2021 17:30,74,114,5,14.6,19.5
13-11-2021 17:30,13-11-2021 17:45,74,114,3.2,15.5,18.7
13-11-2021 17:45,13-11-2021 18:00,74,114,4.3,15.4,19.7
13-11-2021 18:00,13-11-2021 18:15,96,153,5.3,15.6,20.9
13-11-2021 18:15,13-11-2021 18:30,96,153,5.4,15,20.3
13-11-2021 18:30,13-11-2021 18:45,96,153,4.2,16.5,20.7
13-11-2021 18:45,13-11-2021 19:00,96,153,2.7,16.5,19.1
13-11-2021 19:00,13-11-2021 19:15,122,177,6.1,16.6,22.6
13-11-2021 19:15,13-11-2021 19:30,122,177,5,15.1,20.1
13-11-2021 19:30,13-11-2021 19:45,122,177,3.9,14.4,18.3
13-11-2021 19:45,13-11-2021 20:00,122,177,4.7,13.6,18.3
13-11-2021 20:00,13-11-2021 20:15,128,196,3.9,14.9,18.8
13-11-2021 20:15,13-11-2021 20:30,128,196,4.1,15.8,19.9
13-11-2021 20:30,13-11-2021 20:45,128,196,3.9,17.4,21.3
13-11-2021 20:45,13-11-2021 21:00,128,196,5.7,16.7,22.4
13-11-2021 21:00,13-11-2021 21:15,136,200,4.2,16.3,20.4
13-11-2021 21:15,13-11-2021 21:30,136,200,6.3,15.9,22.2
13-11-2021 21:30,13-11-2021 21:45,136,200,5.8,17.3,23.1
13-11-2021 21:45,13-11-2021 22:00,136,200,4.4,17.3,21.7
13-11-2021 22:00,13-11-2021 22:15,130,196,5.1,16.8,21.9
13-11-2021 22:15,13-11-2021 22:30,130,196,7.9,18.4,26.3
13-11-2021 22:30,13-11-2021 22:45,130,196,9.1,20.9,30
13-11-2021 22:45,13-11-2021 23:00,130,196,14.8,21.2,36
13-11-2021 23:00,13-11-2021 23:15,136,196,14.5,22,36.5
13-11-2021 23:15,13-11-2021 23:30,136,196,15.2,19.8,35
13-11-2021 23:30,13-11-2021 23:45,136,196,14,18.6,32.6
13-11-2021 23:45,14-11-2021 00:00,136,196,13.8,18.6,32.4
14-11-2021 00:00,14-11-2021 00:15,144,199,13.9,19.3,33.2
14-11-2021 00:15,14-11-2021 00:30,144,199,14.5,21,35.5
14-11-2021 00:30,14-11-2021 00:45,144,199,14.1,22.6,36.7
14-11-2021 00:45,14-11-2021 01:00,144,199,13.7,22,35.7
14-11-2021 01:00,14-11-2021 01:15,162,223,13.9,24.9,38.8
14-11-2021 01:15,14-11-2021 01:30,162,223,18.3,24.2,42.4
14-11-2021 01:30,14-11-2021 01:45,162,223,25,20.7,45.7
14-11-2021 01:45,14-11-2021 02:00,162,223,21.2,20.8,42
14-11-2021 02:00,14-11-2021 02:15,158,213,None,None,None
14-11-2021 02:15,14-11-2021 02:30,158,213,None,None,None
14-11-2021 02:30,14-11-2021 02:45,158,213,None,None,None
14-11-2021 02:45,14-11-2021 03:00,158,213,22.8,21.9,44.7
14-11-2021 03:00,14-11-2021 03:15,134,201,24.3,22.2,46.4
14-11-2021 03:15,14-11-2021 03:30,134,201,28.8,25.2,53.9
14-11-2021 03:30,14-11-2021 03:45,134,201,31.2,24.1,55.3
14-11-2021 03:45,14-11-2021 04:00,134,201,31.6,25.5,57.1
14-11-2021 04:00,14-11-2021 04:15,149,210,31.3,24.2,55.5
14-11-2021 04:15,14-11-2021 04:30,149,210,31.1,23.2,54.3
14-11-2021 04:30,14-11-2021 04:45,149,210,28.5,24.4,52.9
14-11-2021 04:45,14-11-2021 05:00,149,210,27.9,24.6,52.5
14-11-2021 05:00,14-11-2021 05:15,138,201,26.8,24.9,51.7
14-11-2021 05:15,14-11-2021 05:30,138,201,29.3,23.4,52.7
14-11-2021 05:30,14-11-2021 05:45,138,201,28,24.8,52.8
14-11-2021 05:45,14-11-2021 06:00,138,201,28.7,23.6,52.3
14-11-2021 06:00,14-11-2021 06:15,145,206,29.5,22.9,52.4
14-11-2021 06:15,14-11-2021 06:30,145,206,30.5,24.1,54.5
14-11-2021 06:30,14-11-2021 06:45,145,206,25.7,24.3,50
14-11-2021 06:45,14-11-2021 07:00,145,206,25.8,24.5,50.4
14-11-2021 07:00,14-11-2021 07:15,155,227,26.4,22.6,49
14-11-2021 07:15,14-11-2021 07:30,155,227,32.5,20.6,53.1
14-11-2021 07:30,14-11-2021 07:45,155,227,37.1,21.3,58.4
14-11-2021 07:45,14-11-2021 08:00,155,227,41.4,21.3,62.7
14-11-2021 08:00,14-11-2021 08:15,149,243,39.8,21.6,61.3
14-11-2021 08:15,14-11-2021 08:30,149,243,34.6,24.2,58.8
14-11-2021 08:30,14-11-2021 08:45,149,243,27.3,25.5,52.9
14-11-2021 08:45,14-11-2021 09:00,149,243,21.5,24.7,46.2
14-11-2021 09:00,14-11-2021 09:15,175,268,13.4,25,38.4
14-11-2021 09:15,14-11-2021 09:30,175,268,10.2,23.4,33.6
14-11-2021 09:30,14-11-2021 09:45,175,268,6.6,23,29.6
14-11-2021 09:45,14-11-2021 10:00,175,268,5.3,21.1,26.3
14-11-2021 10:00,14-11-2021 10:15,162,238,5.8,21,26.8
14-11-2021 10:15,14-11-2021 10:30,162,238,5.1,18.5,23.6
14-11-2021 10:30,14-11-2021 10:45,162,238,3.7,20.7,24.4
14-11-2021 10:45,14-11-2021 11:00,162,238,4.9,18.5,23.4
14-11-2021 11:00,14-11-2021 11:15,188,268,4.2,17.8,22
14-11-2021 11:15,14-11-2021 11:30,188,268,3.9,16,19.9
14-11-2021 11:30,14-11-2021 11:45,188,268,4.1,15.2,19.3
14-11-2021 11:45,14-11-2021 12:00,188,268,3.1,13.5,16.6
14-11-2021 12:00,14-11-2021 12:15,186,252,4.8,11.7,16.5
14-11-2021 12:15,14-11-2021 12:30,186,252,4.4,12.4,16.8
14-11-2021 12:30,14-11-2021 12:45,186,252,3.1,12.9,16
14-11-2021 12:45,14-11-2021 13:00,186,252,3.2,11.2,14.5
14-11-2021 13:00,14-11-2021 13:15,150,213,4.4,9.3,13.7
14-11-2021 13:15,14-11-2021 13:30,150,213,2.2,11.6,13.8
14-11-2021 13:30,14-11-2021 13:45,150,213,3.5,9.5,13
14-11-2021 13:45,14-11-2021 14:00,150,213,6.1,8.1,14.3
14-11-2021 14:00,14-11-2021 14:15,127,199,3,9.4,12.5
14-11-2021 14:15,14-11-2021 14:30,127,199,3.7,8.2,11.9
14-11-2021 14:30,14-11-2021 14:45,127,199,5,6.7,11.7
14-11-2021 14:45,14-11-2021 15:00,127,199,2.4,9,11.4
14-11-2021 15:00,14-11-2021 15:15,78,139,4.4,7.9,12.3
14-11-2021 15:15,14-11-2021 15:30,78,139,4.4,7.8,12.2
14-11-2021 15:30,14-11-2021 15:45,78,139,3.4,8.6,12
14-11-2021 15:45,14-11-2021 16:00,78,139,4.8,7.4,12.2
14-11-2021 16:00,14-11-2021 16:15,77,134,4.3,6.6,10.9
14-11-2021 16:15,14-11-2021 16:30,77,134,4.1,6.9,11
14-11-2021 16:30,14-11-2021 16:45,77,134,4.1,7.4,11.4
14-11-2021 16:45,14-11-2021 17:00,77,134,3.5,9.3,12.8
14-11-2021 17:00,14-11-2021 17:15,70,116,5.2,10.9,16.1
14-11-2021 17:15,14-11-2021 17:30,70,116,4.1,9.9,14
14-11-2021 17:30,14-11-2021 17:45,70,116,3.7,11.9,15.6
14-11-2021 17:45,14-11-2021 17:59,70,116,3.3,15.7,19
