,,,,,,
,,,,,,
,,,,,,
,,,,,,
,,,,,,
,,,,,,
,,,,,,
,,,,,,
,,,,,,
,,,,,,
,,,,,,
,,,,,,
,,,,,,
Prescribed Standards, ,0-60,0-100,0-200,0-200,0-200
Exceeding Standards, ,NA,NA,NA,NA,NA
Remarks,,,,,,
From Date,To Date,PM2.5,PM10,NO,NO2,NOx
05-11-2021 00:00,05-11-2021 00:15,None,None,167.7,91.9,185.4
05-11-2021 00:15,05-11-2021 00:30,None,None,148,90.5,168.8
05-11-2021 00:30,05-11-2021 00:45,None,None,130.5,85.7,152.1
05-11-2021 00:45,05-11-2021 01:00,None,None,99.8,93.8,131.8
05-11-2021 01:00,05-11-2021 01:15,None,None,89.5,90.5,121.1
05-11-2021 01:15,05-11-2021 01:30,None,None,89.6,83.5,117.4
05-11-2021 01:30,05-11-2021 01:45,None,None,97.6,80.8,122.1
05-11-2021 01:45,05-11-2021 02:00,None,None,112.7,71.1,129.5
05-11-2021 02:00,05-11-2021 02:15,None,None,89.1,75.7,113
05-11-2021 02:15,05-11-2021 02:30,None,None,90.2,71.9,111.8
05-11-2021 02:30,05-11-2021 02:45,None,None,90.3,70,110.9
05-11-2021 02:45,05-11-2021 03:00,None,None,91.7,74.6,114.5
05-11-2021 03:00,05-11-2021 03:15,None,None,96.5,74.1,118
05-11-2021 03:15,05-11-2021 03:30,None,None,98.3,71,117.9
05-11-2021 03:30,05-11-2021 03:45,None,None,108.7,66.9,124.2
05-11-2021 03:45,05-11-2021 04:00,None,None,112.8,67.9,128
05-11-2021 04:00,05-11-2021 04:15,None,None,94.6,78.3,118.6
05-11-2021 04:15,05-11-2021 04:30,None,None,87,75.1,110.9
05-11-2021 04:30,05-11-2021 04:45,None,None,73.5,73.8,99.2
05-11-2021 04:45,05-11-2021 05:00,None,None,70.7,68.8,94.1
05-11-2021 05:00,05-11-2021 05:15,None,None,75.6,65.7,96.7
05-11-2021 05:15,05-11-2021 05:30,None,None,94.8,62.6,110.2
05-11-2021 05:30,05-11-2021 05:45,None,None,101.1,54.6,111.5
05-11-2021 05:45,05-11-2021 06:00,None,None,100.5,65.4,116.7
05-11-2021 06:00,05-11-2021 06:15,None,None,89.1,64.9,107.2
05-11-2021 06:15,05-11-2021 06:30,None,None,87.1,56.3,100.7
05-11-2021 06:30,05-11-2021 06:45,None,None,70.6,54.7,86.7
05-11-2021 06:45,05-11-2021 07:00,718,None,82.5,55.1,96.8
05-11-2021 07:00,05-11-2021 07:15,718,None,59,56.6,78.2
05-11-2021 07:15,05-11-2021 07:30,718,None,66.4,57.6,85.4
05-11-2021 07:30,05-11-2021 07:45,718,None,68.5,60.3,88
05-11-2021 07:45,05-11-2021 08:00,526,666,71.2,65.5,92.8
05-11-2021 08:00,05-11-2021 08:15,526,666,56,71,83.1
05-11-2021 08:15,05-11-2021 08:30,526,666,30.1,74.2,63.8
05-11-2021 08:30,05-11-2021 08:45,526,666,21.8,76.8,58.7
05-11-2021 08:45,05-11-2021 09:00,460,636,22.7,81.7,62
05-11-2021 09:00,05-11-2021 09:15,460,636,14.3,81,54.8
05-11-2021 09:15,05-11-2021 09:30,460,636,12.3,79.6,52.4
05-11-2021 09:30,05-11-2021 09:45,460,636,12.3,87.9,56.8
05-11-2021 09:45,05-11-2021 10:00,405,564,9.5,83.2,52
05-11-2021 10:00,05-11-2021 10:15,405,564,9.7,82.4,51.6
05-11-2021 10:15,05-11-2021 10:30,405,564,10.2,82,51.9
05-11-2021 10:30,05-11-2021 10:45,405,564,9.6,79.6,50.2
05-11-2021 10:45,05-11-2021 11:00,367,519,7.9,72.8,45
05-11-2021 11:00,05-11-2021 11:15,367,519,6.9,73.3,44.6
05-11-2021 11:15,05-11-2021 11:30,367,519,6,74.4,44.5
05-11-2021 11:30,05-11-2021 11:45,367,519,5.9,72.6,43.4
05-11-2021 11:45,05-11-2021 12:00,351,493,4.9,62.5,37.3
05-11-2021 12:00,05-11-2021 12:15,351,493,4.7,72.5,42.4
05-11-2021 12:15,05-11-2021 12:30,351,493,5.1,74.4,43.8
05-11-2021 12:30,05-11-2021 12:45,351,493,5,74.5,43.7
05-11-2021 12:45,05-11-2021 13:00,307,447,3.8,62.5,36.5
05-11-2021 13:00,05-11-2021 13:15,307,447,2.9,65.4,37.2
05-11-2021 13:15,05-11-2021 13:30,307,447,3.4,79.2,44.9
05-11-2021 13:30,05-11-2021 13:45,307,447,3.8,76.6,43.9
05-11-2021 13:45,05-11-2021 14:00,298,434,4,81.5,46.6
05-11-2021 14:00,05-11-2021 14:15,298,434,3.6,78.4,44.5
05-11-2021 14:15,05-11-2021 14:30,298,434,3.3,79,44.7
05-11-2021 14:30,05-11-2021 14:45,298,434,3.5,83.3,47.2
05-11-2021 14:45,05-11-2021 15:00,274,395,3.8,78.1,44.6
05-11-2021 15:00,05-11-2021 15:15,274,395,3.9,76.2,43.7
05-11-2021 15:15,05-11-2021 15:30,274,395,3.3,75,42.6
05-11-2021 15:30,05-11-2021 15:45,274,395,3.3,73.7,41.9
05-11-2021 15:45,05-11-2021 16:00,266,387,3.5,76.4,43.5
05-11-2021 16:00,05-11-2021 16:15,266,387,3.9,81.9,46.8
05-11-2021 16:15,05-11-2021 16:30,266,387,3.8,90.1,51.1
05-11-2021 16:30,05-11-2021 16:45,266,387,4.8,102.6,58.5
05-11-2021 16:45,05-11-2021 17:00,250,368,5.5,102.9,59.2
05-11-2021 17:00,05-11-2021 17:15,250,368,8.6,119.4,70.6
05-11-2021 17:15,05-11-2021 17:30,250,368,17,116.7,75.9
05-11-2021 17:30,05-11-2021 17:45,250,368,37.9,120.1,94.7
05-11-2021 17:45,05-11-2021 18:00,260,394,53.4,121.9,108.5
05-11-2021 18:00,05-11-2021 18:15,260,394,88.3,105.9,128.8
05-11-2021 18:15,05-11-2021 18:30,260,394,177.9,107.6,202.4
05-11-2021 18:30,05-11-2021 18:45,260,394,136.4,105.4,167.3
05-11-2021 18:45,05-11-2021 19:00,296,482,136.5,113.3,171.6
05-11-2021 19:00,05-11-2021 19:15,296,482,123.7,102.3,155.1
05-11-2021 19:15,05-11-2021 19:30,296,482,114,109.4,151.1
05-11-2021 19:30,05-11-2021 19:45,296,482,113.6,107.9,150
05-11-2021 19:45,05-11-2021 20:00,339,495,203,97,215.3
05-11-2021 20:00,05-11-2021 20:15,339,495,260.9,85.9,258.6
05-11-2021 20:15,05-11-2021 20:30,339,495,219.2,106.3,235.2
05-11-2021 20:30,05-11-2021 20:45,339,495,217.8,103.1,232.4
05-11-2021 20:45,05-11-2021 21:00,451,648,187.5,98.8,205.6
05-11-2021 21:00,05-11-2021 21:15,451,648,202.8,95.8,216.4
05-11-2021 21:15,05-11-2021 21:30,451,648,269.3,91.8,268.1
05-11-2021 21:30,05-11-2021 21:45,451,648,258.5,96.4,262.4
05-11-2021 21:45,05-11-2021 22:00,530,725,233.5,94,241
05-11-2021 22:00,05-11-2021 22:15,530,725,234.2,99,243.4
05-11-2021 22:15,05-11-2021 22:30,530,725,215.3,93.6,225.4
05-11-2021 22:30,05-11-2021 22:45,530,725,167.5,94.1,186.5
05-11-2021 22:45,05-11-2021 23:00,566,None,141.8,94,165.7
05-11-2021 23:00,05-11-2021 23:15,566,None,111,93.4,139.9
05-11-2021 23:15,05-11-2021 23:30,566,None,110.9,88.5,136.8
05-11-2021 23:30,05-11-2021 23:45,566,None,65.3,97.2,104.3
05-11-2021 23:45,06-11-2021 00:00,510,650,45.6,89.5,84.9
06-11-2021 00:00,06-11-2021 00:15,510,650,28.3,94.2,73.1
06-11-2021 00:15,06-11-2021 00:30,510,650,31,90,73.2
06-11-2021 00:30,06-11-2021 00:45,510,650,29.2,90.5,72
06-11-2021 00:45,06-11-2021 01:00,382,505,25.3,90,68.4
06-11-2021 01:00,06-11-2021 01:15,382,505,28.1,85.7,68.5
06-11-2021 01:15,06-11-2021 01:30,382,505,16.8,85.4,59.2
06-11-2021 01:30,06-11-2021 01:45,382,505,11.9,79.2,51.7
06-11-2021 01:45,06-11-2021 02:00,361,465,8.2,74.5,46.3
06-11-2021 02:00,06-11-2021 02:15,361,465,5.1,63.3,37.9
06-11-2021 02:15,06-11-2021 02:30,361,465,5,61.4,36.9
06-11-2021 02:30,06-11-2021 02:45,361,465,2.6,53.8,30.7
06-11-2021 02:45,06-11-2021 03:00,368,465,2.6,48.9,28.2
06-11-2021 03:00,06-11-2021 03:15,368,465,3.7,54.7,32.1
06-11-2021 03:15,06-11-2021 03:30,368,465,4.4,53.8,32.3
06-11-2021 03:30,06-11-2021 03:45,368,465,3.7,50,29.6
06-11-2021 03:45,06-11-2021 04:00,377,481,4,49,29.3
06-11-2021 04:00,06-11-2021 04:15,377,481,4,48.6,29.2
06-11-2021 04:15,06-11-2021 04:30,377,481,6.3,56.5,35.3
06-11-2021 04:30,06-11-2021 04:45,377,481,6.5,50.3,32
06-11-2021 04:45,06-11-2021 05:00,372,471,4.1,42.2,25.7
06-11-2021 05:00,06-11-2021 05:15,372,471,3.4,45.3,26.9
06-11-2021 05:15,06-11-2021 05:30,372,471,3.8,47.4,28.3
06-11-2021 05:30,06-11-2021 05:45,372,471,4.8,49.8,30.4
06-11-2021 05:45,06-11-2021 06:00,373,467,4.3,44.1,27
06-11-2021 06:00,06-11-2021 06:15,373,467,3.7,41.2,25
06-11-2021 06:15,06-11-2021 06:30,373,467,4.1,43.8,26.7
06-11-2021 06:30,06-11-2021 06:45,373,467,4,46.9,28.3
06-11-2021 06:45,06-11-2021 07:00,382,493,9.1,55.7,37.4
06-11-2021 07:00,06-11-2021 07:15,382,493,45.6,63.6,71
06-11-2021 07:15,06-11-2021 07:30,382,493,40.5,68.6,69.3
06-11-2021 07:30,06-11-2021 07:45,382,493,16.8,64.3,47.9
06-11-2021 07:45,06-11-2021 08:00,394,527,18.5,69,51.7
06-11-2021 08:00,06-11-2021 08:15,394,527,16.5,72.9,52.2
06-11-2021 08:15,06-11-2021 08:30,394,527,14.7,74.7,51.7
06-11-2021 08:30,06-11-2021 08:45,394,527,12.2,78,51.4
06-11-2021 08:45,06-11-2021 09:00,377,506,12.8,77.3,51.6
06-11-2021 09:00,06-11-2021 09:15,377,506,12.2,74.1,49.4
06-11-2021 09:15,06-11-2021 09:30,377,506,10.5,75.1,48.5
06-11-2021 09:30,06-11-2021 09:45,377,506,7.2,75.4,45.9
06-11-2021 09:45,06-11-2021 10:00,350,488,6.6,72.5,43.9
06-11-2021 10:00,06-11-2021 10:15,350,488,6.3,63.7,39
06-11-2021 10:15,06-11-2021 10:30,350,488,6.2,72.1,43.4
06-11-2021 10:30,06-11-2021 10:45,350,488,4.7,66.9,39.4
06-11-2021 10:45,06-11-2021 11:00,311,487,5.7,71.7,42.8
06-11-2021 11:00,06-11-2021 11:15,311,487,5.5,74.7,44.3
06-11-2021 11:15,06-11-2021 11:30,311,487,5.5,74.2,43.9
06-11-2021 11:30,06-11-2021 11:45,311,487,5.8,76.5,45.4
06-11-2021 11:45,06-11-2021 12:00,293,422,6,75.3,44.9
06-11-2021 12:00,06-11-2021 12:15,293,422,4.5,65.2,38.4
06-11-2021 12:15,06-11-2021 12:30,293,422,4.4,73.4,42.5
06-11-2021 12:30,06-11-2021 12:45,293,422,4.2,79.9,45.9
06-11-2021 12:45,06-11-2021 13:00,299,431,4,70.6,40.6
06-11-2021 13:00,06-11-2021 13:15,299,431,3.7,70.8,40.7
06-11-2021 13:15,06-11-2021 13:30,299,431,3.4,70.7,40.4
06-11-2021 13:30,06-11-2021 13:45,299,431,4.2,71.8,41.5
06-11-2021 13:45,06-11-2021 14:00,294,418,4,68.4,39.5
06-11-2021 14:00,06-11-2021 14:15,294,418,4.2,75.1,43.4
06-11-2021 14:15,06-11-2021 14:30,294,418,3.9,74.8,42.9
06-11-2021 14:30,06-11-2021 14:45,294,418,3.3,75.5,42.8
06-11-2021 14:45,06-11-2021 15:00,257,388,3.6,80.8,45.9
06-11-2021 15:00,06-11-2021 15:15,257,388,4.4,86.4,49.5
06-11-2021 15:15,06-11-2021 15:30,257,388,4.2,88,50.2
06-11-2021 15:30,06-11-2021 15:45,257,388,3.5,88.6,50
06-11-2021 15:45,06-11-2021 16:00,256,390,3.5,90.2,50.7
06-11-2021 16:00,06-11-2021 16:15,256,390,4.2,104.8,59.1
06-11-2021 16:15,06-11-2021 16:30,256,390,4.5,113.2,63.7
06-11-2021 16:30,06-11-2021 16:45,256,390,6.2,122.3,70.1
06-11-2021 16:45,06-11-2021 17:00,262,407,8.9,128.5,75.5
06-11-2021 17:00,06-11-2021 17:15,262,407,8.1,130.7,76.2
06-11-2021 17:15,06-11-2021 17:30,262,407,11.1,134.1,80.3
06-11-2021 17:30,06-11-2021 17:45,262,407,10.9,135.1,80.7
06-11-2021 17:45,06-11-2021 18:00,251,394,9.1,134.9,79.1
06-11-2021 18:00,06-11-2021 18:15,251,394,17.5,129.1,82.6
06-11-2021 18:15,06-11-2021 18:30,251,394,49.8,148.2,119.3
06-11-2021 18:30,06-11-2021 18:45,251,394,59.4,148.7,127.3
06-11-2021 18:45,06-11-2021 19:00,304,482,43.8,143,111.6
06-11-2021 19:00,06-11-2021 19:15,304,482,30.2,140.3,99.3
06-11-2021 19:15,06-11-2021 19:30,304,482,48.7,132.9,110.1
06-11-2021 19:30,06-11-2021 19:45,304,482,61.4,141.5,125.4
06-11-2021 19:45,06-11-2021 20:00,346,519,58,143.8,123.6
06-11-2021 20:00,06-11-2021 20:15,346,519,78.3,139.5,137.4
06-11-2021 20:15,06-11-2021 20:30,346,519,98.5,143.6,156.7
06-11-2021 20:30,06-11-2021 20:45,346,519,102.9,138.6,157.5
06-11-2021 20:45,06-11-2021 21:00,404,608,92.9,144.5,152.4
06-11-2021 21:00,06-11-2021 21:15,404,608,96.5,137,151.6
06-11-2021 21:15,06-11-2021 21:30,404,608,100.4,139.4,156.1
06-11-2021 21:30,06-11-2021 21:45,404,608,92.8,134,146.8
06-11-2021 21:45,06-11-2021 22:00,427,616,89.7,131.9,143.3
06-11-2021 22:00,06-11-2021 22:15,427,616,82.5,128.8,135.5
06-11-2021 22:15,06-11-2021 22:30,427,616,70.3,125.7,123.9
06-11-2021 22:30,06-11-2021 22:45,427,616,50.2,125.6,107.6
06-11-2021 22:45,06-11-2021 23:00,444,620,41.6,123.6,99.7
06-11-2021 23:00,06-11-2021 23:15,444,620,38.3,117.9,94
06-11-2021 23:15,06-11-2021 23:30,444,620,27.1,112.4,81.9
06-11-2021 23:30,06-11-2021 23:45,444,620,20.6,107.1,73.6
06-11-2021 23:45,07-11-2021 00:00,395,544,15.8,107.3,69.9
07-11-2021 00:00,07-11-2021 00:15,395,544,19.3,113.4,76
07-11-2021 00:15,07-11-2021 00:30,395,544,18.3,110.9,73.9
07-11-2021 00:30,07-11-2021 00:45,395,544,30.3,109.1,82.8
07-11-2021 00:45,07-11-2021 01:00,370,498,20.5,107,73.7
07-11-2021 01:00,07-11-2021 01:15,370,498,17.7,99.8,67.5
07-11-2021 01:15,07-11-2021 01:30,370,498,15.1,104.4,67.8
07-11-2021 01:30,07-11-2021 01:45,370,498,12,101.3,63.7
07-11-2021 01:45,07-11-2021 02:00,364,489,9.9,95,58.4
07-11-2021 02:00,07-11-2021 02:15,364,489,8.5,83.4,51.2
07-11-2021 02:15,07-11-2021 02:30,364,489,8.2,70.8,44.2
07-11-2021 02:30,07-11-2021 02:45,364,489,7.3,68,42
07-11-2021 02:45,07-11-2021 03:00,385,500,5.8,63.6,38.6
07-11-2021 03:00,07-11-2021 03:15,385,500,4.6,63.6,37.5
07-11-2021 03:15,07-11-2021 03:30,385,500,4.7,61.5,36.6
07-11-2021 03:30,07-11-2021 03:45,385,500,4,58.6,34.4
07-11-2021 03:45,07-11-2021 04:00,387,501,5.1,59.4,35.8
07-11-2021 04:00,07-11-2021 04:15,387,501,6.1,59.7,36.8
07-11-2021 04:15,07-11-2021 04:30,387,501,6.5,58.8,36.6
07-11-2021 04:30,07-11-2021 04:45,387,501,7.2,59.3,37.5
07-11-2021 04:45,07-11-2021 05:00,342,443,7.9,59.5,38.1
07-11-2021 05:00,07-11-2021 05:15,342,443,6.8,58.2,36.5
07-11-2021 05:15,07-11-2021 05:30,342,443,7,57.8,36.5
07-11-2021 05:30,07-11-2021 05:45,342,443,9.2,58.9,38.9
07-11-2021 05:45,07-11-2021 06:00,282,376,7.7,56.1,36.3
07-11-2021 06:00,07-11-2021 06:15,282,376,12.8,62.2,43.7
07-11-2021 06:15,07-11-2021 06:30,282,376,14,63.3,45.1
07-11-2021 06:30,07-11-2021 06:45,282,376,13.9,66.5,46.7
07-11-2021 06:45,07-11-2021 07:00,266,376,28.8,63.6,57.1
07-11-2021 07:00,07-11-2021 07:15,266,376,48.4,68.3,75.4
07-11-2021 07:15,07-11-2021 07:30,266,376,28,69.5,59.8
07-11-2021 07:30,07-11-2021 07:45,266,376,21.4,68.1,53.5
07-11-2021 07:45,07-11-2021 08:00,279,420,20.9,67.5,52.8
07-11-2021 08:00,07-11-2021 08:15,279,420,20.7,69.1,53.5
07-11-2021 08:15,07-11-2021 08:30,279,420,22.5,71.3,56.3
07-11-2021 08:30,07-11-2021 08:45,279,420,18,72.6,53.2
07-11-2021 08:45,07-11-2021 09:00,366,515,17.3,70,51.1
07-11-2021 09:00,07-11-2021 09:15,366,515,13.6,77.7,52.4
07-11-2021 09:15,07-11-2021 09:30,366,515,11.7,74.2,49
07-11-2021 09:30,07-11-2021 09:45,366,515,9.8,77.9,49.4
07-11-2021 09:45,07-11-2021 10:00,376,536,9,78.8,49.4
07-11-2021 10:00,07-11-2021 10:15,376,536,7.7,79.5,48.5
07-11-2021 10:15,07-11-2021 10:30,376,536,5.4,77.3,45.4
07-11-2021 10:30,07-11-2021 10:45,376,536,4.3,79.3,45.6
07-11-2021 10:45,07-11-2021 11:00,320,462,4.3,82.1,47.1
07-11-2021 11:00,07-11-2021 11:15,320,462,5,80.9,47.1
07-11-2021 11:15,07-11-2021 11:30,320,462,4.2,72.2,41.9
07-11-2021 11:30,07-11-2021 11:45,320,462,4.2,73.7,42.6
07-11-2021 11:45,07-11-2021 12:00,252,399,4,70.4,40.7
07-11-2021 12:00,07-11-2021 12:15,252,399,2.5,67.2,37.8
07-11-2021 12:15,07-11-2021 12:30,252,399,2,67.8,37.6
07-11-2021 12:30,07-11-2021 12:45,252,399,2.6,64.6,36.4
07-11-2021 12:45,07-11-2021 13:00,188,322,2,54.6,30.6
07-11-2021 13:00,07-11-2021 13:15,188,322,1.5,47.5,26.5
07-11-2021 13:15,07-11-2021 13:30,188,322,1,47.8,26.2
07-11-2021 13:30,07-11-2021 13:45,188,322,1.3,51.6,28.5
07-11-2021 13:45,07-11-2021 14:00,175,283,1.6,49.7,27.7
07-11-2021 14:00,07-11-2021 14:15,175,283,1.3,54.5,29.9
07-11-2021 14:15,07-11-2021 14:30,175,283,1,56.6,30.9
07-11-2021 14:30,07-11-2021 14:45,175,283,1.1,52.5,28.8
07-11-2021 14:45,07-11-2021 15:00,134,230,2.2,59.4,33.3
07-11-2021 15:00,07-11-2021 15:15,134,230,2.7,55.3,31.6
07-11-2021 15:15,07-11-2021 15:30,134,230,2.8,61.5,35.1
07-11-2021 15:30,07-11-2021 15:45,134,230,4.4,73.3,42.5
07-11-2021 15:45,07-11-2021 16:00,128,226,3.3,86.4,48.6
07-11-2021 16:00,07-11-2021 16:15,128,226,4.5,83,47.8
07-11-2021 16:15,07-11-2021 16:30,128,226,4,91.7,52
07-11-2021 16:30,07-11-2021 16:45,128,226,11.8,124.9,76.1
07-11-2021 16:45,07-11-2021 17:00,135,252,20,139,90.4
07-11-2021 17:00,07-11-2021 17:15,135,252,43,146.7,111.9
07-11-2021 17:15,07-11-2021 17:30,135,252,78.2,152.3,145
07-11-2021 17:30,07-11-2021 17:45,135,252,82.1,150.4,146.6
07-11-2021 17:45,07-11-2021 18:00,149,302,102.4,153.7,165.1
07-11-2021 18:00,07-11-2021 18:15,149,302,114,148.1,171.9
07-11-2021 18:15,07-11-2021 18:30,149,302,81.7,152.9,147.8
07-11-2021 18:30,07-11-2021 18:45,149,302,54.8,143.4,120.7
07-11-2021 18:45,07-11-2021 19:00,143,272,44.7,140.8,111.2
07-11-2021 19:00,07-11-2021 19:15,143,272,48.3,139.8,113.7
07-11-2021 19:15,07-11-2021 19:30,143,272,67.7,141.8,130.8
07-11-2021 19:30,07-11-2021 19:45,143,272,101.6,138.9,157.3
07-11-2021 19:45,07-11-2021 20:00,173,328,131.8,138.8,181.1
07-11-2021 20:00,07-11-2021 20:15,173,328,136.7,139.8,185.8
07-11-2021 20:15,07-11-2021 20:30,173,328,132.6,142,183.7
07-11-2021 20:30,07-11-2021 20:45,173,328,130.6,136.9,179.3
07-11-2021 20:45,07-11-2021 21:00,217,371,136.8,131.7,181.5
07-11-2021 21:00,07-11-2021 21:15,217,371,131.1,139.8,181.1
07-11-2021 21:15,07-11-2021 21:30,217,371,108.5,145.2,165.5
07-11-2021 21:30,07-11-2021 21:45,217,371,99.2,134.8,152.8
07-11-2021 21:45,07-11-2021 22:00,219,364,126.2,132.2,173.1
07-11-2021 22:00,07-11-2021 22:15,219,364,159.2,126.2,196.6
07-11-2021 22:15,07-11-2021 22:30,219,364,146.9,124.5,186.4
07-11-2021 22:30,07-11-2021 22:45,219,364,102.9,124.4,149.9
07-11-2021 22:45,07-11-2021 23:00,234,389,95.9,118.8,141.2
07-11-2021 23:00,07-11-2021 23:15,234,389,103.2,118.7,147.4
07-11-2021 23:15,07-11-2021 23:30,234,389,107.8,123.5,153.6
07-11-2021 23:30,07-11-2021 23:45,234,389,127.5,117.2,168.5
07-11-2021 23:45,08-11-2021 00:00,217,381,151.3,127.1,191.6
08-11-2021 00:00,08-11-2021 00:15,217,381,125.3,128.8,170.5
08-11-2021 00:15,08-11-2021 00:30,217,381,127.9,117.6,166.8
08-11-2021 00:30,08-11-2021 00:45,217,381,140.2,109.5,172.5
08-11-2021 00:45,08-11-2021 01:00,234,387,125.7,110.4,161.4
08-11-2021 01:00,08-11-2021 01:15,234,387,125.7,108.5,160.3
08-11-2021 01:15,08-11-2021 01:30,234,387,104.9,103.4,140.3
08-11-2021 01:30,08-11-2021 01:45,234,387,98.8,100.3,134.1
08-11-2021 01:45,08-11-2021 02:00,245,381,82.2,103.7,121.9
08-11-2021 02:00,08-11-2021 02:15,245,381,70.1,102,111.4
08-11-2021 02:15,08-11-2021 02:30,245,381,69.9,95.4,107.8
08-11-2021 02:30,08-11-2021 02:45,245,381,56.6,97.2,97.8
08-11-2021 02:45,08-11-2021 03:00,290,411,45.2,100.3,90.1
08-11-2021 03:00,08-11-2021 03:15,290,411,41.9,92.6,83.3
08-11-2021 03:15,08-11-2021 03:30,290,411,38.4,94.2,81.5
08-11-2021 03:30,08-11-2021 03:45,290,411,38.6,90.9,79.9
08-11-2021 03:45,08-11-2021 04:00,305,425,43.6,84.8,80
08-11-2021 04:00,08-11-2021 04:15,305,425,59.3,82.6,92.3
08-11-2021 04:15,08-11-2021 04:30,305,425,44.9,79.7,79
08-11-2021 04:30,08-11-2021 04:45,305,425,33.3,81.3,70.4
08-11-2021 04:45,08-11-2021 05:00,340,459,39.2,76.9,72.9
08-11-2021 05:00,08-11-2021 05:15,340,459,42.3,79.8,77
08-11-2021 05:15,08-11-2021 05:30,340,459,37,79.1,72.3
08-11-2021 05:30,08-11-2021 05:45,340,459,39.5,74.1,71.6
08-11-2021 05:45,08-11-2021 06:00,339,458,39.3,78.2,73.8
08-11-2021 06:00,08-11-2021 06:15,339,458,44,77.2,77
08-11-2021 06:15,08-11-2021 06:30,339,458,41.4,74.2,73
08-11-2021 06:30,08-11-2021 06:45,339,458,39.6,75,72.2
08-11-2021 06:45,08-11-2021 07:00,344,455,34.6,77.9,69.8
08-11-2021 07:00,08-11-2021 07:15,344,455,43.3,76.3,75.7
08-11-2021 07:15,08-11-2021 07:30,344,455,49.8,79.1,82.5
08-11-2021 07:30,08-11-2021 07:45,344,455,43.8,81.2,78.9
08-11-2021 07:45,08-11-2021 08:00,342,476,41.5,79.7,76.5
08-11-2021 08:00,08-11-2021 08:15,342,476,43.8,82,78.9
08-11-2021 08:15,08-11-2021 08:30,342,476,50,84.4,85.7
08-11-2021 08:30,08-11-2021 08:45,342,476,50.8,90.7,89.8
08-11-2021 08:45,08-11-2021 09:00,None,None,None,None,None
08-11-2021 09:00,08-11-2021 09:15,None,None,None,None,None
08-11-2021 09:15,08-11-2021 09:30,None,None,None,None,None
08-11-2021 09:30,08-11-2021 09:45,None,None,None,None,None
08-11-2021 09:45,08-11-2021 10:00,None,None,None,None,None
08-11-2021 10:00,08-11-2021 10:15,None,None,None,None,None
08-11-2021 10:15,08-11-2021 10:30,None,None,None,None,None
08-11-2021 10:30,08-11-2021 10:45,None,None,None,None,None
08-11-2021 10:45,08-11-2021 11:00,None,None,None,None,None
08-11-2021 11:00,08-11-2021 11:15,None,None,None,None,None
08-11-2021 11:15,08-11-2021 11:30,None,None,None,None,None
08-11-2021 11:30,08-11-2021 11:45,None,None,None,None,None
08-11-2021 11:45,08-11-2021 12:00,None,None,None,None,None
08-11-2021 12:00,08-11-2021 12:15,None,None,None,None,None
08-11-2021 12:15,08-11-2021 12:30,None,None,None,None,None
08-11-2021 12:30,08-11-2021 12:45,None,None,None,None,None
08-11-2021 12:45,08-11-2021 13:00,None,None,None,None,None
08-11-2021 13:00,08-11-2021 13:15,None,None,None,None,None
08-11-2021 13:15,08-11-2021 13:30,None,None,None,None,None
08-11-2021 13:30,08-11-2021 13:45,None,None,None,None,None
08-11-2021 13:45,08-11-2021 14:00,None,None,None,None,None
08-11-2021 14:00,08-11-2021 14:15,None,None,None,None,None
08-11-2021 14:15,08-11-2021 14:30,None,None,None,None,None
08-11-2021 14:30,08-11-2021 14:45,None,None,None,None,None
08-11-2021 14:45,08-11-2021 14:47,None,None,None,None,None
,,,,,,
Prescribed Standards, ,0-400,0-80,0-4,0-180,0-5
Exceeding Standards, ,NA,NA,NA,NA,NA
Remarks,,,,,,
From Date,To Date,NH3,SO2,CO,Ozone,Benzene
05-11-2021 00:00,05-11-2021 00:15,53.1,35.3,2.7,8,12
05-11-2021 00:15,05-11-2021 00:30,55.4,35.8,2.6,7.7,12.2
05-11-2021 00:30,05-11-2021 00:45,57.3,None,2.3,6.6,11.9
05-11-2021 00:45,05-11-2021 01:00,62.1,34.9,2,6.8,11.8
05-11-2021 01:00,05-11-2021 01:15,56.5,32.8,1.9,6.8,11.6
05-11-2021 01:15,05-11-2021 01:30,57.6,31,1.9,8.9,11.3
05-11-2021 01:30,05-11-2021 01:45,60.8,29.2,2,9.7,11.1
05-11-2021 01:45,05-11-2021 02:00,62.3,27.7,1.9,6,11.2
05-11-2021 02:00,05-11-2021 02:15,55.6,25.9,1.7,5.6,11.4
05-11-2021 02:15,05-11-2021 02:30,54.6,24.7,1.6,6.6,11
05-11-2021 02:30,05-11-2021 02:45,54.4,23.3,1.6,8.7,10.4
05-11-2021 02:45,05-11-2021 03:00,53.6,21,1.7,7.3,10.2
05-11-2021 03:00,05-11-2021 03:15,52,19,1.6,7.3,10
05-11-2021 03:15,05-11-2021 03:30,52.1,19.9,1.7,6.7,9.8
05-11-2021 03:30,05-11-2021 03:45,52.8,20.7,1.8,4.6,9.8
05-11-2021 03:45,05-11-2021 04:00,52.3,20.8,1.8,4.9,9.9
05-11-2021 04:00,05-11-2021 04:15,53.3,20.8,1.7,4.5,10.2
05-11-2021 04:15,05-11-2021 04:30,54.8,21.4,1.7,5,10.5
05-11-2021 04:30,05-11-2021 04:45,54.2,21.7,1.6,5.8,10.8
05-11-2021 04:45,05-11-2021 05:00,52.7,20.9,1.5,6.6,11.1
05-11-2021 05:00,05-11-2021 05:15,52.2,20.6,1.4,6.1,10.9
05-11-2021 05:15,05-11-2021 05:30,52.2,20.1,1.4,5,10.4
05-11-2021 05:30,05-11-2021 05:45,53.2,19.8,1.3,5.5,10.1
05-11-2021 05:45,05-11-2021 06:00,58.3,18.8,None,5.7,9.8
05-11-2021 06:00,05-11-2021 06:15,62.4,17.8,1.8,5.5,9.7
05-11-2021 06:15,05-11-2021 06:30,66.9,16.7,1.7,4.3,9.4
05-11-2021 06:30,05-11-2021 06:45,73.8,None,1.6,4.8,9.2
05-11-2021 06:45,05-11-2021 07:00,71.4,16.2,1.5,4.2,9
05-11-2021 07:00,05-11-2021 07:15,73.4,16.6,1.4,3.4,8.7
05-11-2021 07:15,05-11-2021 07:30,72.2,16.1,1.3,3.3,8.5
05-11-2021 07:30,05-11-2021 07:45,74.5,15.1,1.3,2.6,8.1
05-11-2021 07:45,05-11-2021 08:00,73.6,14.7,1.3,3.6,8
05-11-2021 08:00,05-11-2021 08:15,72.4,13.7,1.2,2.3,7.9
05-11-2021 08:15,05-11-2021 08:30,73.8,13.5,1.1,5,8
05-11-2021 08:30,05-11-2021 08:45,74.8,13.8,1,6.8,7.8
05-11-2021 08:45,05-11-2021 09:00,73.5,13.6,1,6.8,7.6
05-11-2021 09:00,05-11-2021 09:15,73.9,13.8,0.9,8.9,7.5
05-11-2021 09:15,05-11-2021 09:30,70.6,14.5,0.8,12.3,7.3
05-11-2021 09:30,05-11-2021 09:45,70.9,13.5,0.9,10.2,7
05-11-2021 09:45,05-11-2021 10:00,69.6,13.7,0.8,13,6.9
05-11-2021 10:00,05-11-2021 10:15,62.7,15.3,0.8,12.9,6.8
05-11-2021 10:15,05-11-2021 10:30,58.6,15.6,0.8,16.8,6.5
05-11-2021 10:30,05-11-2021 10:45,56.9,15.8,0.8,17.8,6.3
05-11-2021 10:45,05-11-2021 11:00,57.7,16.1,0.7,24.9,6.3
05-11-2021 11:00,05-11-2021 11:15,57.5,16.6,0.7,26.2,6.2
05-11-2021 11:15,05-11-2021 11:30,56.8,17.5,0.7,30.4,5.9
05-11-2021 11:30,05-11-2021 11:45,56.3,17.4,0.6,35.4,5.8
05-11-2021 11:45,05-11-2021 12:00,56.3,17,None,41.4,5.8
05-11-2021 12:00,05-11-2021 12:15,55.5,17.2,1.3,39.8,5.7
05-11-2021 12:15,05-11-2021 12:30,55.8,17.3,1.3,42.6,5.5
05-11-2021 12:30,05-11-2021 12:45,56.3,None,1.2,45,5.6
05-11-2021 12:45,05-11-2021 13:00,56,16.8,1.1,58.7,5.6
05-11-2021 13:00,05-11-2021 13:15,55.1,16.3,1.2,58.5,5.4
05-11-2021 13:15,05-11-2021 13:30,55,15.5,1.2,52.4,5.2
05-11-2021 13:30,05-11-2021 13:45,54.8,15.5,1.2,52.3,5.2
05-11-2021 13:45,05-11-2021 14:00,55.9,14.8,1.2,48.6,5.2
05-11-2021 14:00,05-11-2021 14:15,57.8,14.3,1.1,52.3,5.2
05-11-2021 14:15,05-11-2021 14:30,58.4,13.9,1.2,44.9,5.2
05-11-2021 14:30,05-11-2021 14:45,60,12.8,1.2,38.3,5.2
05-11-2021 14:45,05-11-2021 15:00,61.3,11.5,1.1,44.6,5.3
05-11-2021 15:00,05-11-2021 15:15,61.5,11.4,1.2,42.9,5.4
05-11-2021 15:15,05-11-2021 15:30,59.6,11.5,1.2,44.6,5.4
05-11-2021 15:30,05-11-2021 15:45,59,11.4,1.2,46.3,5.5
05-11-2021 15:45,05-11-2021 16:00,59.2,11.7,1.1,47.2,5.6
05-11-2021 16:00,05-11-2021 16:15,58.1,11.1,1.1,41.2,5.6
05-11-2021 16:15,05-11-2021 16:30,56.3,10.7,1.2,28.7,5.6
05-11-2021 16:30,05-11-2021 16:45,54.9,10.5,1.3,21.7,5.5
05-11-2021 16:45,05-11-2021 17:00,53.6,10.2,1.3,18,5.7
05-11-2021 17:00,05-11-2021 17:15,53.5,9.3,1.4,7.5,6
05-11-2021 17:15,05-11-2021 17:30,53,9.2,1.6,4.2,6.1
05-11-2021 17:30,05-11-2021 17:45,43.1,9,1.9,2.5,6.2
05-11-2021 17:45,05-11-2021 18:00,51.4,9,None,2.5,6.6
05-11-2021 18:00,05-11-2021 18:15,42.6,9.7,2.2,0.3,7
05-11-2021 18:15,05-11-2021 18:30,37.3,11.1,2.7,2.5,7.3
05-11-2021 18:30,05-11-2021 18:45,44.6,None,2.5,3.6,7.4
05-11-2021 18:45,05-11-2021 19:00,43.6,11.9,2.6,2.8,7.7
05-11-2021 19:00,05-11-2021 19:15,48.9,12.2,2.6,2.7,7.8
05-11-2021 19:15,05-11-2021 19:30,45.2,11.9,2.9,3.7,8.1
05-11-2021 19:30,05-11-2021 19:45,44.8,11.9,2.9,3.9,8.4
05-11-2021 19:45,05-11-2021 20:00,43.2,12.6,3.8,3.8,8.9
05-11-2021 20:00,05-11-2021 20:15,42,13.7,4.5,5.6,9.2
05-11-2021 20:15,05-11-2021 20:30,46.7,13.9,4.3,4.8,9.9
05-11-2021 20:30,05-11-2021 20:45,45.8,14.4,4.4,5.6,11
05-11-2021 20:45,05-11-2021 21:00,42.9,15.1,4.1,4.7,11.6
05-11-2021 21:00,05-11-2021 21:15,45.2,14.6,4.2,4.3,11.8
05-11-2021 21:15,05-11-2021 21:30,46.3,15.2,4.8,4.1,11.8
05-11-2021 21:30,05-11-2021 21:45,47.6,16,4.6,4,11.8
05-11-2021 21:45,05-11-2021 22:00,46.5,16.1,4.3,4.3,12.1
05-11-2021 22:00,05-11-2021 22:15,52.9,15.8,4.5,5.9,12.2
05-11-2021 22:15,05-11-2021 22:30,52.4,14.4,4.3,5,12
05-11-2021 22:30,05-11-2021 22:45,53.8,13.4,3.6,5.2,12.1
05-11-2021 22:45,05-11-2021 23:00,51.2,12.6,3.4,3.7,12.1
05-11-2021 23:00,05-11-2021 23:15,52.3,12.5,3,3.5,11.8
05-11-2021 23:15,05-11-2021 23:30,51.5,11.7,2.9,3.7,11.2
05-11-2021 23:30,05-11-2021 23:45,56.5,11.4,2.4,4.3,10.9
05-11-2021 23:45,06-11-2021 00:00,58.9,11.1,None,4.3,10.5
06-11-2021 00:00,06-11-2021 00:15,53,10.2,1.4,6.2,9.9
06-11-2021 00:15,06-11-2021 00:30,51.6,10,1.4,5.5,9.1
06-11-2021 00:30,06-11-2021 00:45,56.4,None,1.3,4.5,8.5
06-11-2021 00:45,06-11-2021 01:00,55,8.5,1.1,4.1,8.3
06-11-2021 01:00,06-11-2021 01:15,54,7.7,1.1,3.9,8.2
06-11-2021 01:15,06-11-2021 01:30,53,7,1,5.2,7.9
06-11-2021 01:30,06-11-2021 01:45,52.8,7.3,0.8,7.6,7.6
06-11-2021 01:45,06-11-2021 02:00,53.9,7.2,0.7,11.1,7.3
06-11-2021 02:00,06-11-2021 02:15,50.3,7.1,0.7,10.8,7.1
06-11-2021 02:15,06-11-2021 02:30,48,8,0.6,14,6.7
06-11-2021 02:30,06-11-2021 02:45,47.5,8.7,0.6,20.5,6.3
06-11-2021 02:45,06-11-2021 03:00,47.2,9.2,0.5,23,6
06-11-2021 03:00,06-11-2021 03:15,47.2,9.6,0.5,17.8,5.8
06-11-2021 03:15,06-11-2021 03:30,47.9,8.8,0.5,16.5,5.6
06-11-2021 03:30,06-11-2021 03:45,48.9,9.7,0.5,18,5.5
06-11-2021 03:45,06-11-2021 04:00,48.9,9.5,0.5,15,5.5
06-11-2021 04:00,06-11-2021 04:15,49.1,9.5,0.5,14.1,5.5
06-11-2021 04:15,06-11-2021 04:30,49.8,10,0.6,9.5,5.5
06-11-2021 04:30,06-11-2021 04:45,49.4,9.1,0.5,13.2,5.5
06-11-2021 04:45,06-11-2021 05:00,49.4,8.7,0.4,17.3,5.5
06-11-2021 05:00,06-11-2021 05:15,48.8,9.1,0.4,16.8,5.4
06-11-2021 05:15,06-11-2021 05:30,49.3,9.7,0.4,17.3,5.7
06-11-2021 05:30,06-11-2021 05:45,49.7,8.7,0.4,15.8,5.4
06-11-2021 05:45,06-11-2021 06:00,50.6,8.7,None,25.8,5.6
06-11-2021 06:00,06-11-2021 06:15,51.5,8.3,1.2,25.6,5.8
06-11-2021 06:15,06-11-2021 06:30,53.5,7.9,1.2,24.7,5.8
06-11-2021 06:30,06-11-2021 06:45,54.4,None,1.2,20.5,5.9
06-11-2021 06:45,06-11-2021 07:00,54.5,7.8,1.3,15.4,6
06-11-2021 07:00,06-11-2021 07:15,53.3,7.9,1.6,7.3,6.1
06-11-2021 07:15,06-11-2021 07:30,56.2,7.5,1.6,5.3,6.1
06-11-2021 07:30,06-11-2021 07:45,56.8,7.5,1.5,10,6.5
06-11-2021 07:45,06-11-2021 08:00,53.4,7.7,1.5,9.7,6.2
06-11-2021 08:00,06-11-2021 08:15,53.4,7.5,1.5,8.6,6.4
06-11-2021 08:15,06-11-2021 08:30,52.7,7.7,1.5,10.2,6.5
06-11-2021 08:30,06-11-2021 08:45,53,7.7,1.5,13.6,6.1
06-11-2021 08:45,06-11-2021 09:00,52.8,8.5,1.4,16.7,5.9
06-11-2021 09:00,06-11-2021 09:15,51.1,8.8,1.4,21.4,5.9
06-11-2021 09:15,06-11-2021 09:30,50.6,9.4,1.4,21.3,6.4
06-11-2021 09:30,06-11-2021 09:45,50.8,9.2,1.4,29.3,5.9
06-11-2021 09:45,06-11-2021 10:00,50.1,9.2,1.3,34.2,5.7
06-11-2021 10:00,06-11-2021 10:15,47,9.7,1.3,37.2,5.7
06-11-2021 10:15,06-11-2021 10:30,45.2,11,1.3,40.2,5.4
06-11-2021 10:30,06-11-2021 10:45,44.6,11.4,1.3,47.2,5.2
06-11-2021 10:45,06-11-2021 11:00,44.2,11.8,1.2,49.8,5.2
06-11-2021 11:00,06-11-2021 11:15,43.1,12.5,1.3,49.9,5.1
06-11-2021 11:15,06-11-2021 11:30,43.3,13.4,1.3,60.6,5
06-11-2021 11:30,06-11-2021 11:45,43.5,13.4,1.3,60.9,4.9
06-11-2021 11:45,06-11-2021 12:00,43.9,12.7,None,64.9,4.9
06-11-2021 12:00,06-11-2021 12:15,43.8,13.6,1.3,75.6,4.9
06-11-2021 12:15,06-11-2021 12:30,44,14.9,1.3,77.3,4.8
06-11-2021 12:30,06-11-2021 12:45,44.2,None,1.3,76.4,4.9
06-11-2021 12:45,06-11-2021 13:00,44,13.5,1.2,86,4.9
06-11-2021 13:00,06-11-2021 13:15,43.3,14,1.3,89.3,4.8
06-11-2021 13:15,06-11-2021 13:30,43.5,15.5,1.2,92.3,4.8
06-11-2021 13:30,06-11-2021 13:45,43.4,15.6,1.3,91.5,4.8
06-11-2021 13:45,06-11-2021 14:00,42.9,15.6,1.2,100.4,4.7
06-11-2021 14:00,06-11-2021 14:15,42.9,15.5,1.2,98.4,4.7
06-11-2021 14:15,06-11-2021 14:30,43.8,14.4,1.2,100,4.8
06-11-2021 14:30,06-11-2021 14:45,44.6,13.5,1.2,97.4,4.8
06-11-2021 14:45,06-11-2021 15:00,44.2,12.6,1.2,86.7,4.8
06-11-2021 15:00,06-11-2021 15:15,43.1,12.3,1.2,84.9,4.8
06-11-2021 15:15,06-11-2021 15:30,43.1,12.2,1.1,76.7,4.9
06-11-2021 15:30,06-11-2021 15:45,44.3,12.3,1.2,77.3,4.7
06-11-2021 15:45,06-11-2021 16:00,42.4,12,1.2,68.4,4.8
06-11-2021 16:00,06-11-2021 16:15,37.6,11.6,1.4,52.6,5
06-11-2021 16:15,06-11-2021 16:30,42.2,12,1.4,44.6,5.1
06-11-2021 16:30,06-11-2021 16:45,41.5,11.6,1.4,30.1,5.3
06-11-2021 16:45,06-11-2021 17:00,42.5,11.6,1.5,23.8,5.5
06-11-2021 17:00,06-11-2021 17:15,41.2,11.5,1.5,19.1,5.5
06-11-2021 17:15,06-11-2021 17:30,39.1,11.2,1.6,13.4,5.6
06-11-2021 17:30,06-11-2021 17:45,41.2,11.4,1.6,12.8,5.5
06-11-2021 17:45,06-11-2021 18:00,42.6,11.3,None,13.8,5.8
06-11-2021 18:00,06-11-2021 18:15,39.9,11.8,1.7,9.2,6
06-11-2021 18:15,06-11-2021 18:30,42.7,13,2.2,3.1,6.1
06-11-2021 18:30,06-11-2021 18:45,42.7,None,2.5,4.7,6
06-11-2021 18:45,06-11-2021 19:00,38.5,12.2,2.3,4.6,6.6
06-11-2021 19:00,06-11-2021 19:15,37.1,11.1,2.2,4.4,7.5
06-11-2021 19:15,06-11-2021 19:30,39.6,10.8,2.3,3.2,7.2
06-11-2021 19:30,06-11-2021 19:45,40.7,10,2.5,2.9,7
06-11-2021 19:45,06-11-2021 20:00,41.3,9,2.6,4.3,7.4
06-11-2021 20:00,06-11-2021 20:15,42.5,9.3,2.8,3.1,7.7
06-11-2021 20:15,06-11-2021 20:30,39.4,9.6,3.2,2,7.8
06-11-2021 20:30,06-11-2021 20:45,44.1,9.4,3.4,2.5,8
06-11-2021 20:45,06-11-2021 21:00,41.1,9.1,3.3,3.9,8.6
06-11-2021 21:00,06-11-2021 21:15,40.1,9.5,3.3,2.8,9
06-11-2021 21:15,06-11-2021 21:30,41.7,10.1,3.4,2.2,8.9
06-11-2021 21:30,06-11-2021 21:45,43.1,9.8,3.2,3.6,8.9
06-11-2021 21:45,06-11-2021 22:00,43.3,9.8,3.3,3.9,9.1
06-11-2021 22:00,06-11-2021 22:15,44.7,9.1,3.2,4.2,9
06-11-2021 22:15,06-11-2021 22:30,47.2,8.1,3.1,4.4,9.1
06-11-2021 22:30,06-11-2021 22:45,51.3,7.7,2.9,2.9,9.5
06-11-2021 22:45,06-11-2021 23:00,51.8,7,2.6,4.1,9.6
06-11-2021 23:00,06-11-2021 23:15,47.5,5.9,2.5,4.1,9.3
06-11-2021 23:15,06-11-2021 23:30,47.4,6,2.2,4.5,9
06-11-2021 23:30,06-11-2021 23:45,50.8,6.1,2,6.8,8.8
06-11-2021 23:45,07-11-2021 00:00,51.3,5.9,None,5.2,8.3
07-11-2021 00:00,07-11-2021 00:15,50.1,5.7,1.6,5.6,7.9
07-11-2021 00:15,07-11-2021 00:30,48.6,5.9,1.6,3.9,7.7
07-11-2021 00:30,07-11-2021 00:45,48.7,None,1.5,2.9,7.6
07-11-2021 00:45,07-11-2021 01:00,49.4,8.1,1.4,4.3,7.4
07-11-2021 01:00,07-11-2021 01:15,49,10.3,1.3,5.7,7.2
07-11-2021 01:15,07-11-2021 01:30,48.8,11.8,1.3,5.3,6.9
07-11-2021 01:30,07-11-2021 01:45,49.1,11.7,1.3,5.4,6.5
07-11-2021 01:45,07-11-2021 02:00,49.2,10.9,1.2,9.5,6.4
07-11-2021 02:00,07-11-2021 02:15,47.9,11.7,1.1,11.8,6.5
07-11-2021 02:15,07-11-2021 02:30,47.3,12.3,1.1,13,6.8
07-11-2021 02:30,07-11-2021 02:45,45.3,12.9,1.1,16.2,6.2
07-11-2021 02:45,07-11-2021 03:00,46.8,12.9,1.1,20.2,5.8
07-11-2021 03:00,07-11-2021 03:15,44.8,13.4,1.1,19.2,5.6
07-11-2021 03:15,07-11-2021 03:30,44.4,12.8,1,16.1,5.5
07-11-2021 03:30,07-11-2021 03:45,44.3,12.5,1,16,5.4
07-11-2021 03:45,07-11-2021 04:00,44.5,12.3,1,12.4,5.3
07-11-2021 04:00,07-11-2021 04:15,44,11.8,1,10,5.2
07-11-2021 04:15,07-11-2021 04:30,43.6,12.4,0.9,11.6,5.2
07-11-2021 04:30,07-11-2021 04:45,43.2,12.3,0.8,11.6,5.2
07-11-2021 04:45,07-11-2021 05:00,42.2,12,0.8,10.1,5.1
07-11-2021 05:00,07-11-2021 05:15,41.3,10.8,0.7,9,5
07-11-2021 05:15,07-11-2021 05:30,40.5,10.9,0.7,7.3,5
07-11-2021 05:30,07-11-2021 05:45,40.1,11.2,0.7,7.2,5.2
07-11-2021 05:45,07-11-2021 06:00,39.8,11.1,None,11,5.3
07-11-2021 06:00,07-11-2021 06:15,39.8,11,1.1,7.6,5.4
07-11-2021 06:15,07-11-2021 06:30,41.7,10.3,1.1,5.4,5.6
07-11-2021 06:30,07-11-2021 06:45,43.1,None,1.2,6.3,5.8
07-11-2021 06:45,07-11-2021 07:00,44,8.8,1.2,3.2,6
07-11-2021 07:00,07-11-2021 07:15,34.2,7.6,1.2,2.8,6
07-11-2021 07:15,07-11-2021 07:30,44,6.7,1.2,4.6,6
07-11-2021 07:30,07-11-2021 07:45,45.6,7,1.2,6.6,6
07-11-2021 07:45,07-11-2021 08:00,45.2,7.3,1.3,5.3,6
07-11-2021 08:00,07-11-2021 08:15,45.2,7.5,1.4,6.6,5.9
07-11-2021 08:15,07-11-2021 08:30,46.1,7.6,1.4,6.9,5.7
07-11-2021 08:30,07-11-2021 08:45,47.4,7.8,1.5,9,6.1
07-11-2021 08:45,07-11-2021 09:00,48.2,8.2,1.6,12.3,6.5
07-11-2021 09:00,07-11-2021 09:15,47.5,8.4,1.6,14.4,6.5
07-11-2021 09:15,07-11-2021 09:30,47.7,8.9,1.6,17.3,6.5
07-11-2021 09:30,07-11-2021 09:45,48.8,9,1.6,19.2,6.5
07-11-2021 09:45,07-11-2021 10:00,49.7,8.9,1.6,26.8,6.5
07-11-2021 10:00,07-11-2021 10:15,48.3,9.6,1.6,33.1,6.6
07-11-2021 10:15,07-11-2021 10:30,44.8,10.7,1.6,41.5,6.4
07-11-2021 10:30,07-11-2021 10:45,43.2,11.3,1.5,51.4,5.7
07-11-2021 10:45,07-11-2021 11:00,42.3,12,1.5,60,5.4
07-11-2021 11:00,07-11-2021 11:15,40.8,12.2,1.4,67.9,5.2
07-11-2021 11:15,07-11-2021 11:30,39.8,13.1,1.4,88.1,5.1
07-11-2021 11:30,07-11-2021 11:45,39.8,14.4,1.3,98.7,4.9
07-11-2021 11:45,07-11-2021 12:00,39.7,14.4,None,110,4.9
07-11-2021 12:00,07-11-2021 12:15,39.4,15.1,1.2,123.7,4.9
07-11-2021 12:15,07-11-2021 12:30,39.9,15.6,1.1,125.5,4.8
07-11-2021 12:30,07-11-2021 12:45,39,None,1,119.5,4.8
07-11-2021 12:45,07-11-2021 13:00,37.4,14.6,0.8,120.1,4.9
07-11-2021 13:00,07-11-2021 13:15,34,13.7,0.7,131.4,4.6
07-11-2021 13:15,07-11-2021 13:30,34.9,14.5,0.8,139.3,4.2
07-11-2021 13:30,07-11-2021 13:45,35,15,0.8,141.3,4
07-11-2021 13:45,07-11-2021 14:00,34,14.5,0.8,135.9,4.1
07-11-2021 14:00,07-11-2021 14:15,35.4,14.6,0.8,134.1,4.1
07-11-2021 14:15,07-11-2021 14:30,35.6,13.9,0.7,119.8,4.1
07-11-2021 14:30,07-11-2021 14:45,36.3,13.6,0.7,123,4
07-11-2021 14:45,07-11-2021 15:00,35.8,12.6,0.7,115.6,3.9
07-11-2021 15:00,07-11-2021 15:15,35.6,11.4,0.7,110.9,3.8
07-11-2021 15:15,07-11-2021 15:30,36.4,11.9,0.7,98.5,3.6
07-11-2021 15:30,07-11-2021 15:45,36.8,11.3,0.8,85.9,3.7
07-11-2021 15:45,07-11-2021 16:00,35.2,10.7,0.8,69.9,4.1
07-11-2021 16:00,07-11-2021 16:15,34.5,10.4,0.8,72.5,4.3
07-11-2021 16:15,07-11-2021 16:30,33.3,10.2,0.9,59.9,4.8
07-11-2021 16:30,07-11-2021 16:45,29.5,10.6,1.2,32.4,4.9
07-11-2021 16:45,07-11-2021 17:00,33.7,10.8,1.3,10.9,5.2
07-11-2021 17:00,07-11-2021 17:15,34.5,11.6,1.5,6.6,6.1
07-11-2021 17:15,07-11-2021 17:30,32.3,13.1,1.8,2.2,6.6
07-11-2021 17:30,07-11-2021 17:45,37.1,13.3,2,3.7,6.8
07-11-2021 17:45,07-11-2021 18:00,34.9,13,None,2.9,8
07-11-2021 18:00,07-11-2021 18:15,35.4,13.2,1.9,1.8,8.7
07-11-2021 18:15,07-11-2021 18:30,35.1,13,1.7,1.9,9.4
07-11-2021 18:30,07-11-2021 18:45,33.9,None,1.6,2.5,9.9
07-11-2021 18:45,07-11-2021 19:00,30.6,12.4,1.5,2.9,9.9
07-11-2021 19:00,07-11-2021 19:15,29.9,12.1,1.6,2,9.3
07-11-2021 19:15,07-11-2021 19:30,26.4,12.2,2,2.8,8.7
07-11-2021 19:30,07-11-2021 19:45,33.8,11.2,2.4,2.8,8.2
07-11-2021 19:45,07-11-2021 20:00,30.7,11.3,2.9,3.3,8.1
07-11-2021 20:00,07-11-2021 20:15,33.2,11.2,3.1,2.3,8.6
07-11-2021 20:15,07-11-2021 20:30,34.2,11.6,3.1,2.1,9.4
07-11-2021 20:30,07-11-2021 20:45,35.3,11.5,3.1,3,9.9
07-11-2021 20:45,07-11-2021 21:00,35,11.8,3.1,2.6,10
07-11-2021 21:00,07-11-2021 21:15,33.3,11.5,3,1.4,9.9
07-11-2021 21:15,07-11-2021 21:30,36.2,11.5,2.5,1.9,9.8
07-11-2021 21:30,07-11-2021 21:45,40.9,11.7,2.4,2.5,9.7
07-11-2021 21:45,07-11-2021 22:00,33.3,12,2.7,3.2,8.9
07-11-2021 22:00,07-11-2021 22:15,31,12,3.1,3.5,8.5
07-11-2021 22:15,07-11-2021 22:30,37.4,11.4,3.1,None,8.6
07-11-2021 22:30,07-11-2021 22:45,45,10.8,2.6,3.2,9.3
07-11-2021 22:45,07-11-2021 23:00,39.5,10.1,2.4,1.8,9.8
07-11-2021 23:00,07-11-2021 23:15,40.5,9.7,2.4,2.3,9.2
07-11-2021 23:15,07-11-2021 23:30,37.4,10,2.3,2.1,8.9
07-11-2021 23:30,07-11-2021 23:45,37.2,10.1,2.3,2.6,8.7
07-11-2021 23:45,08-11-2021 00:00,38.8,9.2,None,2.1,8.5
08-11-2021 00:00,08-11-2021 00:15,40.2,8.7,1.8,2.4,8.4
08-11-2021 00:15,08-11-2021 00:30,39.4,8.2,1.7,2.5,8.3
08-11-2021 00:30,08-11-2021 00:45,39.6,None,1.8,1.6,8
08-11-2021 00:45,08-11-2021 01:00,39.8,9.4,1.7,1.6,7.8
08-11-2021 01:00,08-11-2021 01:15,39.5,9.9,1.7,2.6,7.8
08-11-2021 01:15,08-11-2021 01:30,42.6,10.3,1.5,3.1,7.6
08-11-2021 01:30,08-11-2021 01:45,42.2,9.8,1.4,2.4,7.5
08-11-2021 01:45,08-11-2021 02:00,44.4,9.3,1.2,2.7,7.3
08-11-2021 02:00,08-11-2021 02:15,44.3,9.4,1.2,2.1,7.1
08-11-2021 02:15,08-11-2021 02:30,41,10.1,1.1,2.5,6.9
08-11-2021 02:30,08-11-2021 02:45,39,10.4,1.1,4.6,6.6
08-11-2021 02:45,08-11-2021 03:00,37.9,10.6,1,3.3,6.3
08-11-2021 03:00,08-11-2021 03:15,36.9,10.6,1,4,6.1
08-11-2021 03:15,08-11-2021 03:30,37.5,10.3,1,2.4,5.9
08-11-2021 03:30,08-11-2021 03:45,38.4,10.7,1,2.5,5.7
08-11-2021 03:45,08-11-2021 04:00,39,10.4,1,4.2,5.7
08-11-2021 04:00,08-11-2021 04:15,38.1,10,1.1,4.1,5.7
08-11-2021 04:15,08-11-2021 04:30,38.4,10.2,1,3.3,5.6
08-11-2021 04:30,08-11-2021 04:45,40.1,9.6,1,3.3,5.6
08-11-2021 04:45,08-11-2021 05:00,40.9,9.9,1,3.5,5.7
08-11-2021 05:00,08-11-2021 05:15,39.4,10.4,1,3.5,5.7
08-11-2021 05:15,08-11-2021 05:30,40,10.2,1,4.1,5.6
08-11-2021 05:30,08-11-2021 05:45,40.6,10.1,1,3.4,5.6
08-11-2021 05:45,08-11-2021 06:00,40.8,9.7,None,2.5,5.6
08-11-2021 06:00,08-11-2021 06:15,40.5,10,1.4,4.1,5.6
08-11-2021 06:15,08-11-2021 06:30,42.8,9.7,1.5,4.6,5.6
08-11-2021 06:30,08-11-2021 06:45,46,None,1.5,4.8,5.7
08-11-2021 06:45,08-11-2021 07:00,47.1,9.2,1.5,4.2,6
08-11-2021 07:00,08-11-2021 07:15,47.3,9.2,1.5,3.8,6.2
08-11-2021 07:15,08-11-2021 07:30,47.1,9.4,1.5,3.5,7.1
08-11-2021 07:30,08-11-2021 07:45,47.7,9.4,1.5,4.8,7.2
08-11-2021 07:45,08-11-2021 08:00,48.5,8.8,1.4,3.9,6.8
08-11-2021 08:00,08-11-2021 08:15,47.3,9.4,1.5,4,7.6
08-11-2021 08:15,08-11-2021 08:30,47.2,10.7,1.6,4,7.2
08-11-2021 08:30,08-11-2021 08:45,47.6,11.1,1.7,3.8,6.4
08-11-2021 08:45,08-11-2021 09:00,None,None,None,None,None
08-11-2021 09:00,08-11-2021 09:15,None,None,None,None,None
08-11-2021 09:15,08-11-2021 09:30,None,None,None,None,None
08-11-2021 09:30,08-11-2021 09:45,None,None,None,None,None
08-11-2021 09:45,08-11-2021 10:00,None,None,None,None,None
08-11-2021 10:00,08-11-2021 10:15,None,None,None,None,None
08-11-2021 10:15,08-11-2021 10:30,None,None,None,None,None
08-11-2021 10:30,08-11-2021 10:45,None,None,None,None,None
08-11-2021 10:45,08-11-2021 11:00,None,None,None,None,None
08-11-2021 11:00,08-11-2021 11:15,None,None,None,None,None
08-11-2021 11:15,08-11-2021 11:30,None,None,None,None,None
08-11-2021 11:30,08-11-2021 11:45,None,None,None,None,None
08-11-2021 11:45,08-11-2021 12:00,None,None,None,None,None
08-11-2021 12:00,08-11-2021 12:15,None,None,None,None,None
08-11-2021 12:15,08-11-2021 12:30,None,None,None,None,None
08-11-2021 12:30,08-11-2021 12:45,None,None,None,None,None
08-11-2021 12:45,08-11-2021 13:00,None,None,None,None,None
08-11-2021 13:00,08-11-2021 13:15,None,None,None,None,None
08-11-2021 13:15,08-11-2021 13:30,None,None,None,None,None
08-11-2021 13:30,08-11-2021 13:45,None,None,None,None,None
08-11-2021 13:45,08-11-2021 14:00,None,None,None,None,None
08-11-2021 14:00,08-11-2021 14:15,None,None,None,None,None
08-11-2021 14:15,08-11-2021 14:30,None,None,None,None,None
08-11-2021 14:30,08-11-2021 14:45,None,None,None,None,None
08-11-2021 14:45,08-11-2021 14:47,None,None,None,None,None
,,,,,,
Prescribed Standards, ,0-5,NA,NA,NA,NA
Exceeding Standards, ,NA,NA,NA,NA,NA
Remarks,,,,,,
From Date,To Date,Toluene,Temp,RH,WS,WD
05-11-2021 00:00,05-11-2021 00:15,83.2,None,75.4,0.3,148.3
05-11-2021 00:15,05-11-2021 00:30,85.9,None,76.3,0.5,147.4
05-11-2021 00:30,05-11-2021 00:45,84.3,None,76.6,0.3,147.5
05-11-2021 00:45,05-11-2021 01:00,84.7,None,76.8,0.3,147.3
05-11-2021 01:00,05-11-2021 01:15,82.3,None,77.4,0.3,146.4
05-11-2021 01:15,05-11-2021 01:30,79.5,None,78,0.4,147.5
05-11-2021 01:30,05-11-2021 01:45,82.6,None,78.3,0.8,148.1
05-11-2021 01:45,05-11-2021 02:00,83.7,None,78.4,0.3,145.3
05-11-2021 02:00,05-11-2021 02:15,84.2,None,78.7,0.3,145.3
05-11-2021 02:15,05-11-2021 02:30,82.9,None,79.3,0.4,147.1
05-11-2021 02:30,05-11-2021 02:45,77.7,None,79.7,0.7,150
05-11-2021 02:45,05-11-2021 03:00,79.4,None,79.4,0.7,192.6
05-11-2021 03:00,05-11-2021 03:15,76.4,None,79.4,0.3,204.4
05-11-2021 03:15,05-11-2021 03:30,73.4,None,79.8,0.3,201.4
05-11-2021 03:30,05-11-2021 03:45,71.9,None,80.5,0.7,195.9
05-11-2021 03:45,05-11-2021 04:00,71,None,80,0.7,164.4
05-11-2021 04:00,05-11-2021 04:15,71.7,None,79.5,0.7,163.9
05-11-2021 04:15,05-11-2021 04:30,73.1,None,79,1.1,162.9
05-11-2021 04:30,05-11-2021 04:45,73.6,None,78,0.7,130.4
05-11-2021 04:45,05-11-2021 05:00,76.2,None,77.8,0.6,150.7
05-11-2021 05:00,05-11-2021 05:15,74.5,None,78.4,0.4,119.8
05-11-2021 05:15,05-11-2021 05:30,71.2,None,78.9,0.9,117.3
05-11-2021 05:30,05-11-2021 05:45,67.6,None,79.4,0.7,114
05-11-2021 05:45,05-11-2021 06:00,64.3,None,80.2,0.6,112.6
05-11-2021 06:00,05-11-2021 06:15,63.2,None,80.7,0.6,112.5
05-11-2021 06:15,05-11-2021 06:30,59.8,None,80.9,0.7,73.4
05-11-2021 06:30,05-11-2021 06:45,57.2,None,80.7,0.7,65
05-11-2021 06:45,05-11-2021 07:00,54,None,80.4,0.5,38.6
05-11-2021 07:00,05-11-2021 07:15,51.7,None,80,0.1,353.6
05-11-2021 07:15,05-11-2021 07:30,49.8,None,79.7,0.6,246.5
05-11-2021 07:30,05-11-2021 07:45,46.2,None,79.1,0.5,246.4
05-11-2021 07:45,05-11-2021 08:00,44.6,None,77.9,0.7,246.5
05-11-2021 08:00,05-11-2021 08:15,43.3,None,76.5,0.4,246.5
05-11-2021 08:15,05-11-2021 08:30,43.5,None,73.5,0.4,246.3
05-11-2021 08:30,05-11-2021 08:45,42.4,None,71.3,0.5,245.6
05-11-2021 08:45,05-11-2021 09:00,40,None,68.3,1.1,164.7
05-11-2021 09:00,05-11-2021 09:15,38.8,None,66.7,1.1,178.5
05-11-2021 09:15,05-11-2021 09:30,37.5,None,65.4,0.9,162.8
05-11-2021 09:30,05-11-2021 09:45,35.5,None,64.1,1.1,170
05-11-2021 09:45,05-11-2021 10:00,33.7,None,62.8,0.5,138.4
05-11-2021 10:00,05-11-2021 10:15,33.4,None,60.7,0.5,137.4
05-11-2021 10:15,05-11-2021 10:30,31.3,None,59.5,1.3,165.6
05-11-2021 10:30,05-11-2021 10:45,30.8,None,58.1,1.4,167.1
05-11-2021 10:45,05-11-2021 11:00,30.8,None,56.1,1.1,155.3
05-11-2021 11:00,05-11-2021 11:15,30.4,None,55.2,1.1,158.6
05-11-2021 11:15,05-11-2021 11:30,28.7,None,53,1.5,169.9
05-11-2021 11:30,05-11-2021 11:45,28.1,None,51.9,1.2,175.1
05-11-2021 11:45,05-11-2021 12:00,27.8,None,51.1,0.7,158.3
05-11-2021 12:00,05-11-2021 12:15,27.3,None,51.1,1.3,164.3
05-11-2021 12:15,05-11-2021 12:30,26.6,None,50.8,1.4,178.8
05-11-2021 12:30,05-11-2021 12:45,27.8,None,50.4,1,148.9
05-11-2021 12:45,05-11-2021 13:00,27.9,None,50,1.1,149.9
05-11-2021 13:00,05-11-2021 13:15,26.4,None,50.5,1.3,166
05-11-2021 13:15,05-11-2021 13:30,24.6,None,51.6,0.7,168.3
05-11-2021 13:30,05-11-2021 13:45,25.3,None,51.3,0.9,150.1
05-11-2021 13:45,05-11-2021 14:00,25.9,None,52.2,0.4,125.7
05-11-2021 14:00,05-11-2021 14:15,25,None,53.1,0.5,174.9
05-11-2021 14:15,05-11-2021 14:30,25.8,None,53.5,0.5,146.8
05-11-2021 14:30,05-11-2021 14:45,25.8,None,54,0.5,77
05-11-2021 14:45,05-11-2021 15:00,27.2,None,53.1,0.4,64.2
05-11-2021 15:00,05-11-2021 15:15,27.8,None,54.6,0.5,46.9
05-11-2021 15:15,05-11-2021 15:30,28,None,54.3,0.6,240.5
05-11-2021 15:30,05-11-2021 15:45,28.7,None,55,0.5,233.1
05-11-2021 15:45,05-11-2021 16:00,29.6,None,54.2,0.6,232.9
05-11-2021 16:00,05-11-2021 16:15,30.1,None,54.7,0.5,232.8
05-11-2021 16:15,05-11-2021 16:30,30.1,None,56.5,0.3,232.8
05-11-2021 16:30,05-11-2021 16:45,30.4,None,57.7,0.3,232.9
05-11-2021 16:45,05-11-2021 17:00,30.9,None,59,0.4,232.9
05-11-2021 17:00,05-11-2021 17:15,33,None,61,0.4,232.9
05-11-2021 17:15,05-11-2021 17:30,35.9,None,63.5,0.3,232.8
05-11-2021 17:30,05-11-2021 17:45,39.1,None,65.9,0.3,232.8
05-11-2021 17:45,05-11-2021 18:00,43.4,None,68.3,0.3,232.9
05-11-2021 18:00,05-11-2021 18:15,47.9,None,69.8,0.3,232.8
05-11-2021 18:15,05-11-2021 18:30,51.2,None,69.2,0.3,232.8
05-11-2021 18:30,05-11-2021 18:45,53.2,None,69.1,0.3,232.8
05-11-2021 18:45,05-11-2021 19:00,55.1,None,69.2,0.3,232.8
05-11-2021 19:00,05-11-2021 19:15,54.9,None,70,0.5,232.8
05-11-2021 19:15,05-11-2021 19:30,57.3,None,71.3,0.4,232.8
05-11-2021 19:30,05-11-2021 19:45,60.5,None,71,0.3,232.8
05-11-2021 19:45,05-11-2021 20:00,65.7,None,72.6,0.8,232.8
05-11-2021 20:00,05-11-2021 20:15,68.5,None,73,0.5,232.8
05-11-2021 20:15,05-11-2021 20:30,73.7,None,73.9,0.5,232.9
05-11-2021 20:30,05-11-2021 20:45,82.2,None,74.8,0.3,232.8
05-11-2021 20:45,05-11-2021 21:00,85.5,None,74.5,0.3,232.9
05-11-2021 21:00,05-11-2021 21:15,86.2,None,74.8,0.4,232.8
05-11-2021 21:15,05-11-2021 21:30,85.4,None,75.5,0.8,232.9
05-11-2021 21:30,05-11-2021 21:45,85.4,None,75.4,0.3,232.8
05-11-2021 21:45,05-11-2021 22:00,87.8,None,75.2,0.4,232.8
05-11-2021 22:00,05-11-2021 22:15,88,None,75.1,0.7,232.8
05-11-2021 22:15,05-11-2021 22:30,86,None,75.5,0.7,232.8
05-11-2021 22:30,05-11-2021 22:45,86.4,None,74.7,0.9,232.8
05-11-2021 22:45,05-11-2021 23:00,86.6,None,73.5,0.9,232.8
05-11-2021 23:00,05-11-2021 23:15,84.5,None,71.8,0.8,232.8
05-11-2021 23:15,05-11-2021 23:30,80.8,None,71.7,0.9,232.8
05-11-2021 23:30,05-11-2021 23:45,78.4,None,70.1,0.7,232.9
05-11-2021 23:45,06-11-2021 00:00,76,None,68.2,0.8,232.9
06-11-2021 00:00,06-11-2021 00:15,71.3,None,67.6,0.7,233
06-11-2021 00:15,06-11-2021 00:30,65.3,None,68.5,0.8,233
06-11-2021 00:30,06-11-2021 00:45,60,None,69.2,0.8,233
06-11-2021 00:45,06-11-2021 01:00,57.6,None,70,0.6,233
06-11-2021 01:00,06-11-2021 01:15,56.3,None,70.8,0.6,232.9
06-11-2021 01:15,06-11-2021 01:30,54.1,None,70.5,0.5,221.9
06-11-2021 01:30,06-11-2021 01:45,52.8,None,68.5,0.3,344.5
06-11-2021 01:45,06-11-2021 02:00,51.3,None,65.4,0.5,49.5
06-11-2021 02:00,06-11-2021 02:15,49.5,None,63.3,1.1,159.5
06-11-2021 02:15,06-11-2021 02:30,45.9,None,63,0.5,106.8
06-11-2021 02:30,06-11-2021 02:45,42.2,None,62.5,0.8,157.4
06-11-2021 02:45,06-11-2021 03:00,39.3,None,62.7,0.7,155.2
06-11-2021 03:00,06-11-2021 03:15,36.3,None,63,0.6,110.5
06-11-2021 03:15,06-11-2021 03:30,34.3,None,63.3,0.7,169.6
06-11-2021 03:30,06-11-2021 03:45,32.7,None,64.2,0.3,158.8
06-11-2021 03:45,06-11-2021 04:00,31.7,None,65.1,0.7,24.3
06-11-2021 04:00,06-11-2021 04:15,31,None,65.2,0.3,157.7
06-11-2021 04:15,06-11-2021 04:30,30.9,None,67.9,0.4,159.1
06-11-2021 04:30,06-11-2021 04:45,30.8,None,66.6,0.5,158.1
06-11-2021 04:45,06-11-2021 05:00,31.1,None,65.9,0.4,156.1
06-11-2021 05:00,06-11-2021 05:15,30.5,None,64.6,0.7,171.6
06-11-2021 05:15,06-11-2021 05:30,29.5,None,63.9,0.6,149.8
06-11-2021 05:30,06-11-2021 05:45,28.4,None,63.4,0.9,150.5
06-11-2021 05:45,06-11-2021 06:00,27.4,None,61.6,0.9,178
06-11-2021 06:00,06-11-2021 06:15,26.3,None,61.2,0.9,122.9
06-11-2021 06:15,06-11-2021 06:30,25.3,None,60.7,1,156.4
06-11-2021 06:30,06-11-2021 06:45,24.6,None,61.5,0.4,131.4
06-11-2021 06:45,06-11-2021 07:00,23.9,None,62.2,0.7,294.5
06-11-2021 07:00,06-11-2021 07:15,24,None,64.5,0.2,344.1
06-11-2021 07:15,06-11-2021 07:30,24.2,None,65,0.6,335.5
06-11-2021 07:30,06-11-2021 07:45,26.9,None,62.2,0.6,337.5
06-11-2021 07:45,06-11-2021 08:00,28.5,None,61.3,0.5,338.4
06-11-2021 08:00,06-11-2021 08:15,27.6,None,60.8,0.5,338.4
06-11-2021 08:15,06-11-2021 08:30,27.5,None,60,0.4,67.2
06-11-2021 08:30,06-11-2021 08:45,28.1,None,58.1,0.2,201.2
06-11-2021 08:45,06-11-2021 09:00,28.6,None,56.4,1,149.6
06-11-2021 09:00,06-11-2021 09:15,27.6,None,55.3,1,151
06-11-2021 09:15,06-11-2021 09:30,27,None,54.7,1,164.9
06-11-2021 09:30,06-11-2021 09:45,26.6,None,53.3,0.7,163.1
06-11-2021 09:45,06-11-2021 10:00,27.1,None,52,0.8,257.3
06-11-2021 10:00,06-11-2021 10:15,26.3,None,50.3,1,149.1
06-11-2021 10:15,06-11-2021 10:30,25.2,None,49.9,0.5,181.6
06-11-2021 10:30,06-11-2021 10:45,24.2,None,48.9,0.6,274.9
06-11-2021 10:45,06-11-2021 11:00,24.5,None,48,1.3,149.4
06-11-2021 11:00,06-11-2021 11:15,24.4,None,47.5,1.3,166.8
06-11-2021 11:15,06-11-2021 11:30,23.9,None,46.3,1.7,162
06-11-2021 11:30,06-11-2021 11:45,24.9,None,46.2,1.8,159.9
06-11-2021 11:45,06-11-2021 12:00,25.8,None,45.1,1.6,158.9
06-11-2021 12:00,06-11-2021 12:15,26.6,None,45.2,1.8,158.8
06-11-2021 12:15,06-11-2021 12:30,25.7,None,44.8,1.4,138.5
06-11-2021 12:30,06-11-2021 12:45,26.4,None,44.9,1.7,168.2
06-11-2021 12:45,06-11-2021 13:00,27.4,None,44.8,1.5,148.6
06-11-2021 13:00,06-11-2021 13:15,28.2,None,44.7,1.6,162.4
06-11-2021 13:15,06-11-2021 13:30,27.3,None,44.6,1.6,157.6
06-11-2021 13:30,06-11-2021 13:45,27.6,None,44.6,1.9,157.8
06-11-2021 13:45,06-11-2021 14:00,27.9,None,44.3,1.7,153.6
06-11-2021 14:00,06-11-2021 14:15,27.9,None,44.2,1.6,154.6
06-11-2021 14:15,06-11-2021 14:30,29.3,None,44.2,1.5,159.6
06-11-2021 14:30,06-11-2021 14:45,31.2,None,43.8,1.8,164.8
06-11-2021 14:45,06-11-2021 15:00,32.3,None,43.8,1.9,168.8
06-11-2021 15:00,06-11-2021 15:15,33.8,None,43.8,1.8,165.2
06-11-2021 15:15,06-11-2021 15:30,36.2,None,44.4,1.2,150
06-11-2021 15:30,06-11-2021 15:45,36.2,None,45.2,1.1,131.4
06-11-2021 15:45,06-11-2021 16:00,37.6,None,45.8,1,148.9
06-11-2021 16:00,06-11-2021 16:15,38,None,47.1,0.8,151.5
06-11-2021 16:15,06-11-2021 16:30,37.9,None,48,0.9,149.3
06-11-2021 16:30,06-11-2021 16:45,41.9,None,48.6,0.6,114.6
06-11-2021 16:45,06-11-2021 17:00,45.8,None,49,0.5,92.9
06-11-2021 17:00,06-11-2021 17:15,52.5,None,49.8,0.5,92.2
06-11-2021 17:15,06-11-2021 17:30,53.7,None,51.1,0.5,137.9
06-11-2021 17:30,06-11-2021 17:45,55.7,None,51.7,0.5,135.7
06-11-2021 17:45,06-11-2021 18:00,58.9,None,52.9,0.6,131.4
06-11-2021 18:00,06-11-2021 18:15,58.3,None,54.3,0.8,123.6
06-11-2021 18:15,06-11-2021 18:30,58.3,None,55.6,0.7,79.9
06-11-2021 18:30,06-11-2021 18:45,56.8,None,57.1,0.6,74.9
06-11-2021 18:45,06-11-2021 19:00,65.9,None,57.2,0.5,76.8
06-11-2021 19:00,06-11-2021 19:15,71.2,None,57.1,0.5,97.8
06-11-2021 19:15,06-11-2021 19:30,67.8,None,57.5,0.6,126.5
06-11-2021 19:30,06-11-2021 19:45,65.2,None,57.8,0.6,122.7
06-11-2021 19:45,06-11-2021 20:00,67.4,None,58.4,0.5,108.8
06-11-2021 20:00,06-11-2021 20:15,68.4,None,58.6,0.8,30.8
06-11-2021 20:15,06-11-2021 20:30,69.5,None,59.2,1,12.7
06-11-2021 20:30,06-11-2021 20:45,72.3,None,60.1,0.7,14.6
06-11-2021 20:45,06-11-2021 21:00,77.9,None,59.7,0.8,16.2
06-11-2021 21:00,06-11-2021 21:15,80.2,None,60.1,0.7,34.6
06-11-2021 21:15,06-11-2021 21:30,78.6,None,60.7,0.7,17.6
06-11-2021 21:30,06-11-2021 21:45,77.7,None,61.3,0.8,18
06-11-2021 21:45,06-11-2021 22:00,77.6,None,61.7,1,18
06-11-2021 22:00,06-11-2021 22:15,75.1,None,62.2,0.8,17.9
06-11-2021 22:15,06-11-2021 22:30,73.6,None,62.4,0.7,17.1
06-11-2021 22:30,06-11-2021 22:45,75.2,None,62.3,0.4,17.1
06-11-2021 22:45,06-11-2021 23:00,76.6,None,62.3,0.6,17.4
06-11-2021 23:00,06-11-2021 23:15,72.2,None,62.7,0.5,17
06-11-2021 23:15,06-11-2021 23:30,69.4,None,61.2,0.5,116.5
06-11-2021 23:30,06-11-2021 23:45,67.7,None,60.1,0.6,115.9
06-11-2021 23:45,07-11-2021 00:00,62.3,None,59.6,0.9,156
07-11-2021 00:00,07-11-2021 00:15,56.2,None,60.3,0.8,132.2
07-11-2021 00:15,07-11-2021 00:30,53.1,None,60.7,0.8,167
07-11-2021 00:30,07-11-2021 00:45,51.5,None,61.4,0.7,141
07-11-2021 00:45,07-11-2021 01:00,49.5,None,61.4,0.6,128
07-11-2021 01:00,07-11-2021 01:15,47.8,None,61,0.7,152.5
07-11-2021 01:15,07-11-2021 01:30,45.3,None,60.8,0.7,159.9
07-11-2021 01:30,07-11-2021 01:45,42.1,None,60.6,0.7,176
07-11-2021 01:45,07-11-2021 02:00,40,None,59.9,0.6,124.8
07-11-2021 02:00,07-11-2021 02:15,38.5,None,60,0.5,135.4
07-11-2021 02:15,07-11-2021 02:30,37.2,None,59.8,0.6,166.7
07-11-2021 02:30,07-11-2021 02:45,34.1,None,59.4,0.3,318.8
07-11-2021 02:45,07-11-2021 03:00,32.7,None,59.1,0.5,70.2
07-11-2021 03:00,07-11-2021 03:15,30.8,None,59.4,0.7,310.9
07-11-2021 03:15,07-11-2021 03:30,30.2,None,61,0.5,282.1
07-11-2021 03:30,07-11-2021 03:45,30.3,None,61.3,0.7,282.1
07-11-2021 03:45,07-11-2021 04:00,30.5,None,62.7,0.5,282.1
07-11-2021 04:00,07-11-2021 04:15,30.4,None,63.1,0.7,282.1
07-11-2021 04:15,07-11-2021 04:30,30.9,None,62,0.4,282.1
07-11-2021 04:30,07-11-2021 04:45,30.7,None,62.1,0.6,282.1
07-11-2021 04:45,07-11-2021 05:00,29.9,None,62.4,0.8,282.1
07-11-2021 05:00,07-11-2021 05:15,29.2,None,62,0.6,282
07-11-2021 05:15,07-11-2021 05:30,30,None,63,0.6,282.1
07-11-2021 05:30,07-11-2021 05:45,31.2,None,62.3,0.6,280.8
07-11-2021 05:45,07-11-2021 06:00,32.6,None,60.6,0.5,278.4
07-11-2021 06:00,07-11-2021 06:15,33.7,None,62.3,0.5,278.5
07-11-2021 06:15,07-11-2021 06:30,33.7,None,63.2,0.5,278.5
07-11-2021 06:30,07-11-2021 06:45,34.6,None,62.4,0.5,164.8
07-11-2021 06:45,07-11-2021 07:00,35.8,None,63.1,0.6,178.8
07-11-2021 07:00,07-11-2021 07:15,35.9,None,63.9,0.4,180.8
07-11-2021 07:15,07-11-2021 07:30,35.5,None,62.3,0.7,177.4
07-11-2021 07:30,07-11-2021 07:45,35.7,None,60.2,0.4,134.3
07-11-2021 07:45,07-11-2021 08:00,35.1,None,60.2,0.5,46.5
07-11-2021 08:00,07-11-2021 08:15,34.2,None,59.3,1,276.1
07-11-2021 08:15,07-11-2021 08:30,33.8,None,58.4,0.8,274.6
07-11-2021 08:30,07-11-2021 08:45,33.4,None,58,0.6,244.8
07-11-2021 08:45,07-11-2021 09:00,33,None,57.1,0.9,154.4
07-11-2021 09:00,07-11-2021 09:15,31.5,None,56.5,0.6,116.1
07-11-2021 09:15,07-11-2021 09:30,30.3,None,55.9,0.7,97.9
07-11-2021 09:30,07-11-2021 09:45,29.4,None,55.2,0.6,147.9
07-11-2021 09:45,07-11-2021 10:00,28.8,None,53.7,1.3,164.6
07-11-2021 10:00,07-11-2021 10:15,28.4,None,52.6,1.7,175.8
07-11-2021 10:15,07-11-2021 10:30,27.9,None,51.4,1.6,175.6
07-11-2021 10:30,07-11-2021 10:45,27,None,49.7,1.4,157
07-11-2021 10:45,07-11-2021 11:00,25.6,None,48.6,1.2,155.5
07-11-2021 11:00,07-11-2021 11:15,24.9,None,46.3,1.7,171
07-11-2021 11:15,07-11-2021 11:30,24.8,None,45.6,1.8,166.1
07-11-2021 11:30,07-11-2021 11:45,27.2,None,44.9,1.9,171.1
07-11-2021 11:45,07-11-2021 12:00,29.2,None,44.5,1.8,165.9
07-11-2021 12:00,07-11-2021 12:15,29.6,None,44.1,2,166.7
07-11-2021 12:15,07-11-2021 12:30,30.1,None,43.8,1.4,162.6
07-11-2021 12:30,07-11-2021 12:45,31.2,None,41.5,2.9,176.1
07-11-2021 12:45,07-11-2021 13:00,33.3,None,41.1,3.3,171.9
07-11-2021 13:00,07-11-2021 13:15,32.9,None,41.9,3.2,172.9
07-11-2021 13:15,07-11-2021 13:30,30.9,None,43.5,2.2,169.4
07-11-2021 13:30,07-11-2021 13:45,31.7,None,43.6,2.4,168.4
07-11-2021 13:45,07-11-2021 14:00,32.5,None,43.1,2.1,173.7
07-11-2021 14:00,07-11-2021 14:15,32.2,None,43,2,166
07-11-2021 14:15,07-11-2021 14:30,32.6,None,42,2.4,166
07-11-2021 14:30,07-11-2021 14:45,32.4,None,42.1,1.9,173.2
07-11-2021 14:45,07-11-2021 15:00,30.9,None,42,1.9,167.1
07-11-2021 15:00,07-11-2021 15:15,30.1,None,41.9,1.6,171.1
07-11-2021 15:15,07-11-2021 15:30,29.2,None,42.5,1.2,174.6
07-11-2021 15:30,07-11-2021 15:45,29,None,42.6,1,156
07-11-2021 15:45,07-11-2021 16:00,33,None,42.6,1.1,157
07-11-2021 16:00,07-11-2021 16:15,36,None,44.1,0.9,143.5
07-11-2021 16:15,07-11-2021 16:30,37.7,None,45.6,0.7,157.3
07-11-2021 16:30,07-11-2021 16:45,40.1,None,47.3,0.5,165
07-11-2021 16:45,07-11-2021 17:00,42,None,48.4,0.5,166.3
07-11-2021 17:00,07-11-2021 17:15,47.1,None,49.8,0.3,161.4
07-11-2021 17:15,07-11-2021 17:30,49.9,None,52.2,0.3,161.3
07-11-2021 17:30,07-11-2021 17:45,53.2,None,53.5,0.4,162.1
07-11-2021 17:45,07-11-2021 18:00,59.7,None,54.8,0.3,166.2
07-11-2021 18:00,07-11-2021 18:15,63.1,None,55.9,0.3,167.2
07-11-2021 18:15,07-11-2021 18:30,65.8,None,55.7,0.4,176.8
07-11-2021 18:30,07-11-2021 18:45,68,None,55.2,0.4,151.6
07-11-2021 18:45,07-11-2021 19:00,67.5,None,55.4,0.4,148.1
07-11-2021 19:00,07-11-2021 19:15,64.2,None,56.1,0.5,57.2
07-11-2021 19:15,07-11-2021 19:30,62.9,None,57.5,0.6,40.2
07-11-2021 19:30,07-11-2021 19:45,63,None,59.8,0.8,38.4
07-11-2021 19:45,07-11-2021 20:00,68.1,None,61.7,0.7,37.7
07-11-2021 20:00,07-11-2021 20:15,75.9,None,62.5,0.8,38.2
07-11-2021 20:15,07-11-2021 20:30,83.8,None,63,0.6,37.8
07-11-2021 20:30,07-11-2021 20:45,87,None,63.1,0.9,36.7
07-11-2021 20:45,07-11-2021 21:00,87.3,None,63.8,0.8,31.8
07-11-2021 21:00,07-11-2021 21:15,86.2,None,63.6,0.6,22.9
07-11-2021 21:15,07-11-2021 21:30,84.7,None,62.2,0.2,29.2
07-11-2021 21:30,07-11-2021 21:45,83,None,61.8,0.8,334.9
07-11-2021 21:45,07-11-2021 22:00,75.5,None,62.9,0.9,335.1
07-11-2021 22:00,07-11-2021 22:15,70.9,None,63.6,1,336.4
07-11-2021 22:15,07-11-2021 22:30,71.5,None,64.6,0.7,338.4
07-11-2021 22:30,07-11-2021 22:45,76.6,None,63.9,0.6,338.3
07-11-2021 22:45,07-11-2021 23:00,80,None,63.3,0.3,50.4
07-11-2021 23:00,07-11-2021 23:15,74.9,None,63.3,0.4,100.4
07-11-2021 23:15,07-11-2021 23:30,70.4,None,63.7,0.4,118.8
07-11-2021 23:30,07-11-2021 23:45,67.4,None,64.3,0.5,117.2
07-11-2021 23:45,08-11-2021 00:00,65.9,None,64.1,0.5,134.3
08-11-2021 00:00,08-11-2021 00:15,65.7,None,63.7,0.4,141.5
08-11-2021 00:15,08-11-2021 00:30,65.2,None,63.7,0.4,68.6
08-11-2021 00:30,08-11-2021 00:45,63.5,None,64,0.6,133.1
08-11-2021 00:45,08-11-2021 01:00,61.8,None,64.4,0.3,40.6
08-11-2021 01:00,08-11-2021 01:15,61.9,None,65.3,0.5,19.2
08-11-2021 01:15,08-11-2021 01:30,60.7,None,66.2,0.5,26
08-11-2021 01:30,08-11-2021 01:45,60.7,None,66.1,0.4,25.8
08-11-2021 01:45,08-11-2021 02:00,58.8,None,65.9,0.5,135.2
08-11-2021 02:00,08-11-2021 02:15,56.9,None,64.8,0.6,139.5
08-11-2021 02:15,08-11-2021 02:30,55.1,None,64.7,0.7,158.2
08-11-2021 02:30,08-11-2021 02:45,52.3,None,63.9,0.8,144.3
08-11-2021 02:45,08-11-2021 03:00,50.3,None,64,0.5,137.8
08-11-2021 03:00,08-11-2021 03:15,48.9,None,64.3,0.7,131.2
08-11-2021 03:15,08-11-2021 03:30,47.3,None,64.9,0.6,156.4
08-11-2021 03:30,08-11-2021 03:45,45.4,None,65.7,0.8,153.8
08-11-2021 03:45,08-11-2021 04:00,44.4,None,65.6,0.6,156.4
08-11-2021 04:00,08-11-2021 04:15,43.3,None,66.5,0.6,160.9
08-11-2021 04:15,08-11-2021 04:30,41.7,None,66.9,0.6,137.7
08-11-2021 04:30,08-11-2021 04:45,41.7,None,66.7,0.5,114.4
08-11-2021 04:45,08-11-2021 05:00,41,None,66.8,0.4,113.3
08-11-2021 05:00,08-11-2021 05:15,40,None,67.2,0.5,108.4
08-11-2021 05:15,08-11-2021 05:30,39.2,None,67.5,0.5,126.4
08-11-2021 05:30,08-11-2021 05:45,38.9,None,67.2,0.7,131.5
08-11-2021 05:45,08-11-2021 06:00,38,None,66.8,0.6,177.5
08-11-2021 06:00,08-11-2021 06:15,37.5,None,67.1,0.7,63
08-11-2021 06:15,08-11-2021 06:30,37.1,None,67.6,0.6,55
08-11-2021 06:30,08-11-2021 06:45,38.1,None,67.3,0.6,106.2
08-11-2021 06:45,08-11-2021 07:00,39.7,None,66.5,0.6,147.3
08-11-2021 07:00,08-11-2021 07:15,39.7,None,66.6,0.7,149.8
08-11-2021 07:15,08-11-2021 07:30,39.1,None,66.9,0.7,131.4
08-11-2021 07:30,08-11-2021 07:45,38.8,None,66.3,0.3,84.9
08-11-2021 07:45,08-11-2021 08:00,38.7,None,64.8,0.6,159.7
08-11-2021 08:00,08-11-2021 08:15,38,None,63.8,0.6,162.5
08-11-2021 08:15,08-11-2021 08:30,36.4,None,63.7,0.5,140.9
08-11-2021 08:30,08-11-2021 08:45,35.5,None,63,0.7,158.3
08-11-2021 08:45,08-11-2021 09:00,None,None,None,None,None
08-11-2021 09:00,08-11-2021 09:15,None,None,None,None,None
08-11-2021 09:15,08-11-2021 09:30,None,None,None,None,None
08-11-2021 09:30,08-11-2021 09:45,None,None,None,None,None
08-11-2021 09:45,08-11-2021 10:00,None,None,None,None,None
08-11-2021 10:00,08-11-2021 10:15,None,None,None,None,None
08-11-2021 10:15,08-11-2021 10:30,None,None,None,None,None
08-11-2021 10:30,08-11-2021 10:45,None,None,None,None,None
08-11-2021 10:45,08-11-2021 11:00,None,None,None,None,None
08-11-2021 11:00,08-11-2021 11:15,None,None,None,None,None
08-11-2021 11:15,08-11-2021 11:30,None,None,None,None,None
08-11-2021 11:30,08-11-2021 11:45,None,None,None,None,None
08-11-2021 11:45,08-11-2021 12:00,None,None,None,None,None
08-11-2021 12:00,08-11-2021 12:15,None,None,None,None,None
08-11-2021 12:15,08-11-2021 12:30,None,None,None,None,None
08-11-2021 12:30,08-11-2021 12:45,None,None,None,None,None
08-11-2021 12:45,08-11-2021 13:00,None,None,None,None,None
08-11-2021 13:00,08-11-2021 13:15,None,None,None,None,None
08-11-2021 13:15,08-11-2021 13:30,None,None,None,None,None
08-11-2021 13:30,08-11-2021 13:45,None,None,None,None,None
08-11-2021 13:45,08-11-2021 14:00,None,None,None,None,None
08-11-2021 14:00,08-11-2021 14:15,None,None,None,None,None
08-11-2021 14:15,08-11-2021 14:30,None,None,None,None,None
08-11-2021 14:30,08-11-2021 14:45,None,None,None,None,None
08-11-2021 14:45,08-11-2021 14:47,None,None,None,None,None
,,,,,,
Prescribed Standards, ,NA,NA,NA,NA,
Exceeding Standards, ,NA,NA,NA,NA,
Remarks,,,,,,
From Date,To Date,SR,BP,AT,RF,
05-11-2021 00:00,05-11-2021 00:15,4.1,989.2,19.4,0,
05-11-2021 00:15,05-11-2021 00:30,4.1,989.3,19.2,0,
05-11-2021 00:30,05-11-2021 00:45,4.1,989.2,19.3,0,
05-11-2021 00:45,05-11-2021 01:00,4.1,989.2,19.2,0,
05-11-2021 01:00,05-11-2021 01:15,4.1,989.2,19,0,
05-11-2021 01:15,05-11-2021 01:30,4.1,989.2,19,0,
05-11-2021 01:30,05-11-2021 01:45,4.2,989.1,18.9,0,
05-11-2021 01:45,05-11-2021 02:00,4.2,989,18.7,0,
05-11-2021 02:00,05-11-2021 02:15,4,988.8,18.6,0,
05-11-2021 02:15,05-11-2021 02:30,4.1,988.8,18.5,0,
05-11-2021 02:30,05-11-2021 02:45,4.2,988.8,18.5,0,
05-11-2021 02:45,05-11-2021 03:00,4.1,988.7,18.5,0,
05-11-2021 03:00,05-11-2021 03:15,4.1,988.8,18.5,0,
05-11-2021 03:15,05-11-2021 03:30,4.1,988.8,18.3,0,
05-11-2021 03:30,05-11-2021 03:45,4.1,988.8,18.4,0,
05-11-2021 03:45,05-11-2021 04:00,4.1,988.7,18.6,0,
05-11-2021 04:00,05-11-2021 04:15,4.1,988.7,18.6,0,
05-11-2021 04:15,05-11-2021 04:30,4.1,988.7,18.7,0,
05-11-2021 04:30,05-11-2021 04:45,4.2,988.8,18.8,0,
05-11-2021 04:45,05-11-2021 05:00,4.1,988.8,18.5,0,
05-11-2021 05:00,05-11-2021 05:15,4.2,988.9,18.3,0,
05-11-2021 05:15,05-11-2021 05:30,4.1,989,18,0,
05-11-2021 05:30,05-11-2021 05:45,4.1,989.1,17.8,0,
05-11-2021 05:45,05-11-2021 06:00,4.2,989.4,17.6,0,
05-11-2021 06:00,05-11-2021 06:15,4.1,989.5,17.5,0,
05-11-2021 06:15,05-11-2021 06:30,4.4,989.6,17.6,0,
05-11-2021 06:30,05-11-2021 06:45,5.4,989.8,17.6,0,
05-11-2021 06:45,05-11-2021 07:00,8.7,990,17.7,0,
05-11-2021 07:00,05-11-2021 07:15,14.1,990.2,17.8,0,
05-11-2021 07:15,05-11-2021 07:30,21.3,990.4,17.9,0,
05-11-2021 07:30,05-11-2021 07:45,28.8,990.5,18.2,0,
05-11-2021 07:45,05-11-2021 08:00,36.9,990.7,18.6,0,
05-11-2021 08:00,05-11-2021 08:15,45.9,990.9,19,0,
05-11-2021 08:15,05-11-2021 08:30,55.9,991,19.4,0,
05-11-2021 08:30,05-11-2021 08:45,65.2,991.2,19.9,0,
05-11-2021 08:45,05-11-2021 09:00,75.5,991.5,20.5,0,
05-11-2021 09:00,05-11-2021 09:15,86.1,991.5,20.9,0,
05-11-2021 09:15,05-11-2021 09:30,100.9,991.6,21.1,0,
05-11-2021 09:30,05-11-2021 09:45,120.7,991.6,21.6,0,
05-11-2021 09:45,05-11-2021 10:00,131,991.6,22.1,0,
05-11-2021 10:00,05-11-2021 10:15,131.9,991.4,22.6,0,
05-11-2021 10:15,05-11-2021 10:30,135.9,991.2,22.9,0,
05-11-2021 10:30,05-11-2021 10:45,149.9,991,23.4,0,
05-11-2021 10:45,05-11-2021 11:00,199.9,991,23.8,0,
05-11-2021 11:00,05-11-2021 11:15,210.8,990.8,24.3,0,
05-11-2021 11:15,05-11-2021 11:30,187.9,990.6,24.9,0,
05-11-2021 11:30,05-11-2021 11:45,263.3,990.7,25.4,0,
05-11-2021 11:45,05-11-2021 12:00,261.6,990.5,25.7,0,
05-11-2021 12:00,05-11-2021 12:15,296.6,990.3,26.1,0,
05-11-2021 12:15,05-11-2021 12:30,294,989.9,26.3,0,
05-11-2021 12:30,05-11-2021 12:45,253.5,989.6,26.2,0,
05-11-2021 12:45,05-11-2021 13:00,278.9,989.4,26.3,0,
05-11-2021 13:00,05-11-2021 13:15,217.2,989.2,26.4,0,
05-11-2021 13:15,05-11-2021 13:30,184,988.8,26.3,0,
05-11-2021 13:30,05-11-2021 13:45,134.4,988.6,26.2,0,
05-11-2021 13:45,05-11-2021 14:00,121.9,988.6,26.1,0,
05-11-2021 14:00,05-11-2021 14:15,117.7,988.4,25.8,0,
05-11-2021 14:15,05-11-2021 14:30,101.7,988.1,25.5,0,
05-11-2021 14:30,05-11-2021 14:45,121.8,987.9,25.5,0,
05-11-2021 14:45,05-11-2021 15:00,108.5,987.9,25.6,0,
05-11-2021 15:00,05-11-2021 15:15,95.8,987.9,25.4,0,
05-11-2021 15:15,05-11-2021 15:30,95.6,987.8,25.2,0,
05-11-2021 15:30,05-11-2021 15:45,82.2,987.7,25.1,0,
05-11-2021 15:45,05-11-2021 16:00,68.3,987.6,24.9,0,
05-11-2021 16:00,05-11-2021 16:15,57.7,987.6,24.7,0,
05-11-2021 16:15,05-11-2021 16:30,46.2,987.5,24.3,0,
05-11-2021 16:30,05-11-2021 16:45,36.3,987.5,23.8,0,
05-11-2021 16:45,05-11-2021 17:00,25.9,987.4,23.4,0,
05-11-2021 17:00,05-11-2021 17:15,14.7,987.4,22.7,0,
05-11-2021 17:15,05-11-2021 17:30,8,987.4,21.9,0,
05-11-2021 17:30,05-11-2021 17:45,5,987.6,21.2,0,
05-11-2021 17:45,05-11-2021 18:00,4.2,987.7,20.9,0,
05-11-2021 18:00,05-11-2021 18:15,4.1,987.7,20.6,0,
05-11-2021 18:15,05-11-2021 18:30,4.1,987.7,20.5,0,
05-11-2021 18:30,05-11-2021 18:45,4,987.8,20.3,0,
05-11-2021 18:45,05-11-2021 19:00,4.1,988,20.1,0,
05-11-2021 19:00,05-11-2021 19:15,4,988.1,20.1,0,
05-11-2021 19:15,05-11-2021 19:30,4.1,988.1,20.1,0,
05-11-2021 19:30,05-11-2021 19:45,4,988.1,20,0,
05-11-2021 19:45,05-11-2021 20:00,4,988.2,19.8,0,
05-11-2021 20:00,05-11-2021 20:15,4.1,988.4,19.6,0,
05-11-2021 20:15,05-11-2021 20:30,4.1,988.3,19.3,0,
05-11-2021 20:30,05-11-2021 20:45,4.1,988.4,19.2,0,
05-11-2021 20:45,05-11-2021 21:00,4.1,988.4,19.1,0,
05-11-2021 21:00,05-11-2021 21:15,4.1,988.4,19,0,
05-11-2021 21:15,05-11-2021 21:30,4.1,988.5,18.8,0,
05-11-2021 21:30,05-11-2021 21:45,4.1,988.6,18.7,0,
05-11-2021 21:45,05-11-2021 22:00,4.1,988.6,18.7,0,
05-11-2021 22:00,05-11-2021 22:15,4.1,988.8,18.6,0,
05-11-2021 22:15,05-11-2021 22:30,4.1,988.8,18.5,0,
05-11-2021 22:30,05-11-2021 22:45,4.1,988.7,18.7,0,
05-11-2021 22:45,05-11-2021 23:00,4.1,988.8,19,0,
05-11-2021 23:00,05-11-2021 23:15,4.2,988.8,19.2,0,
05-11-2021 23:15,05-11-2021 23:30,4.1,988.7,19,0,
05-11-2021 23:30,05-11-2021 23:45,4.2,988.6,19.2,0,
05-11-2021 23:45,06-11-2021 00:00,4.2,988.5,19.5,0,
06-11-2021 00:00,06-11-2021 00:15,4.2,988.4,19.5,0,
06-11-2021 00:15,06-11-2021 00:30,4.1,988.4,19.3,0,
06-11-2021 00:30,06-11-2021 00:45,4.2,988.4,19.1,0,
06-11-2021 00:45,06-11-2021 01:00,4.1,988.5,18.8,0,
06-11-2021 01:00,06-11-2021 01:15,4.1,988.5,18.6,0,
06-11-2021 01:15,06-11-2021 01:30,4.2,988.5,18.5,0,
06-11-2021 01:30,06-11-2021 01:45,4.1,988.4,19,0,
06-11-2021 01:45,06-11-2021 02:00,4.2,988.2,19.4,0,
06-11-2021 02:00,06-11-2021 02:15,4.1,988,19.7,0,
06-11-2021 02:15,06-11-2021 02:30,4.2,988,19.5,0,
06-11-2021 02:30,06-11-2021 02:45,4.1,987.9,19.4,0,
06-11-2021 02:45,06-11-2021 03:00,4.1,987.9,19.4,0,
06-11-2021 03:00,06-11-2021 03:15,4.2,987.8,19.2,0,
06-11-2021 03:15,06-11-2021 03:30,4.1,987.7,19,0,
06-11-2021 03:30,06-11-2021 03:45,4.1,987.6,18.7,0,
06-11-2021 03:45,06-11-2021 04:00,4.1,987.7,18.5,0,
06-11-2021 04:00,06-11-2021 04:15,4.1,987.8,18.3,0,
06-11-2021 04:15,06-11-2021 04:30,4.1,987.7,17.7,0,
06-11-2021 04:30,06-11-2021 04:45,4.1,987.6,18,0,
06-11-2021 04:45,06-11-2021 05:00,4.2,987.7,17.9,0,
06-11-2021 05:00,06-11-2021 05:15,4.1,987.7,18.1,0,
06-11-2021 05:15,06-11-2021 05:30,4.2,987.7,18.2,0,
06-11-2021 05:30,06-11-2021 05:45,4.2,987.9,18.1,0,
06-11-2021 05:45,06-11-2021 06:00,4.2,988,18.3,0,
06-11-2021 06:00,06-11-2021 06:15,4.2,988.2,18.2,0,
06-11-2021 06:15,06-11-2021 06:30,4.4,988.4,18.2,0,
06-11-2021 06:30,06-11-2021 06:45,5.5,988.5,17.8,0,
06-11-2021 06:45,06-11-2021 07:00,9.1,988.6,17.9,0,
06-11-2021 07:00,06-11-2021 07:15,14.9,988.8,17.5,0,
06-11-2021 07:15,06-11-2021 07:30,21.8,988.9,17.4,0,
06-11-2021 07:30,06-11-2021 07:45,29.4,989,18,0,
06-11-2021 07:45,06-11-2021 08:00,37.9,989.3,18.3,0,
06-11-2021 08:00,06-11-2021 08:15,46.6,989.4,18.6,0,
06-11-2021 08:15,06-11-2021 08:30,55.9,989.5,19,0,
06-11-2021 08:30,06-11-2021 08:45,65,989.7,19.5,0,
06-11-2021 08:45,06-11-2021 09:00,74.2,989.8,19.9,0,
06-11-2021 09:00,06-11-2021 09:15,83.9,990,20.4,0,
06-11-2021 09:15,06-11-2021 09:30,99.6,990.1,20.9,0,
06-11-2021 09:30,06-11-2021 09:45,115.7,990.1,21.4,0,
06-11-2021 09:45,06-11-2021 10:00,135.6,990.1,21.8,0,
06-11-2021 10:00,06-11-2021 10:15,154.6,990.2,22.4,0,
06-11-2021 10:15,06-11-2021 10:30,134.8,990.1,22.9,0,
06-11-2021 10:30,06-11-2021 10:45,152.2,990.1,23.4,0,
06-11-2021 10:45,06-11-2021 11:00,211.5,989.9,23.8,0,
06-11-2021 11:00,06-11-2021 11:15,223.2,989.8,24.5,0,
06-11-2021 11:15,06-11-2021 11:30,207.6,989.6,25.1,0,
06-11-2021 11:30,06-11-2021 11:45,347.1,989.3,25.7,0,
06-11-2021 11:45,06-11-2021 12:00,325.1,989.2,26,0,
06-11-2021 12:00,06-11-2021 12:15,408,988.9,26.2,0,
06-11-2021 12:15,06-11-2021 12:30,400.2,988.6,26.8,0,
06-11-2021 12:30,06-11-2021 12:45,384.9,988.4,27.1,0,
06-11-2021 12:45,06-11-2021 13:00,371.8,988,27.3,0,
06-11-2021 13:00,06-11-2021 13:15,366,987.7,27.3,0,
06-11-2021 13:15,06-11-2021 13:30,253.2,987.3,27.5,0,
06-11-2021 13:30,06-11-2021 13:45,178.9,987,27.6,0,
06-11-2021 13:45,06-11-2021 14:00,168.4,986.7,27.5,0,
06-11-2021 14:00,06-11-2021 14:15,157.9,986.6,27.6,0,
06-11-2021 14:15,06-11-2021 14:30,152.3,986.4,27.5,0,
06-11-2021 14:30,06-11-2021 14:45,138.2,986.3,27.4,0,
06-11-2021 14:45,06-11-2021 15:00,121.7,986.2,27.2,0,
06-11-2021 15:00,06-11-2021 15:15,118.2,986,27.1,0,
06-11-2021 15:15,06-11-2021 15:30,95.6,986,27,0,
06-11-2021 15:30,06-11-2021 15:45,81.4,985.9,26.8,0,
06-11-2021 15:45,06-11-2021 16:00,67.9,985.8,26.3,0,
06-11-2021 16:00,06-11-2021 16:15,54.4,985.6,25.8,0,
06-11-2021 16:15,06-11-2021 16:30,40.7,985.6,25.3,0,
06-11-2021 16:30,06-11-2021 16:45,32.2,985.6,24.9,0,
06-11-2021 16:45,06-11-2021 17:00,22.9,985.6,24.5,0,
06-11-2021 17:00,06-11-2021 17:15,14.7,985.6,24,0,
06-11-2021 17:15,06-11-2021 17:30,8,985.8,23.4,0,
06-11-2021 17:30,06-11-2021 17:45,5,985.8,23.1,0,
06-11-2021 17:45,06-11-2021 18:00,4.2,985.8,22.6,0,
06-11-2021 18:00,06-11-2021 18:15,4.1,985.9,22.6,0,
06-11-2021 18:15,06-11-2021 18:30,4,986,22.3,0,
06-11-2021 18:30,06-11-2021 18:45,4.1,986.1,22,0,
06-11-2021 18:45,06-11-2021 19:00,4.1,986.2,22,0,
06-11-2021 19:00,06-11-2021 19:15,4.1,986.2,22,0,
06-11-2021 19:15,06-11-2021 19:30,4.1,986.4,21.9,0,
06-11-2021 19:30,06-11-2021 19:45,4.1,986.4,21.7,0,
06-11-2021 19:45,06-11-2021 20:00,4.1,986.4,21.5,0,
06-11-2021 20:00,06-11-2021 20:15,4.1,986.5,21.4,0,
06-11-2021 20:15,06-11-2021 20:30,4.1,986.6,21.4,0,
06-11-2021 20:30,06-11-2021 20:45,4.1,986.6,21.1,0,
06-11-2021 20:45,06-11-2021 21:00,4.1,986.6,21,0,
06-11-2021 21:00,06-11-2021 21:15,4.1,986.7,21,0,
06-11-2021 21:15,06-11-2021 21:30,4.1,986.7,20.8,0,
06-11-2021 21:30,06-11-2021 21:45,4.1,986.8,20.5,0,
06-11-2021 21:45,06-11-2021 22:00,4.1,986.9,20.5,0,
06-11-2021 22:00,06-11-2021 22:15,4.1,987,20.1,0,
06-11-2021 22:15,06-11-2021 22:30,4.1,987.1,20,0,
06-11-2021 22:30,06-11-2021 22:45,4.1,987,20,0,
06-11-2021 22:45,06-11-2021 23:00,4.1,987,19.9,0,
06-11-2021 23:00,06-11-2021 23:15,4.1,986.9,19.8,0,
06-11-2021 23:15,06-11-2021 23:30,4.1,986.7,19.9,0,
06-11-2021 23:30,06-11-2021 23:45,4.1,986.5,20.1,0,
06-11-2021 23:45,07-11-2021 00:00,4.1,986.4,20.2,0,
07-11-2021 00:00,07-11-2021 00:15,4.1,986.4,20.1,0,
07-11-2021 00:15,07-11-2021 00:30,4.1,986.3,19.9,0,
07-11-2021 00:30,07-11-2021 00:45,4.1,986.3,19.7,0,
07-11-2021 00:45,07-11-2021 01:00,4.1,986.2,19.6,0,
07-11-2021 01:00,07-11-2021 01:15,4.2,986.1,19.6,0,
07-11-2021 01:15,07-11-2021 01:30,4.1,986.1,19.6,0,
07-11-2021 01:30,07-11-2021 01:45,4.2,986.1,19.7,0,
07-11-2021 01:45,07-11-2021 02:00,4.2,986,19.7,0,
07-11-2021 02:00,07-11-2021 02:15,4.1,985.9,19.7,0,
07-11-2021 02:15,07-11-2021 02:30,4.1,985.8,19.5,0,
07-11-2021 02:30,07-11-2021 02:45,4.1,985.8,19.5,0,
07-11-2021 02:45,07-11-2021 03:00,4.1,985.8,19.5,0,
07-11-2021 03:00,07-11-2021 03:15,4.1,985.8,19.4,0,
07-11-2021 03:15,07-11-2021 03:30,4.1,985.7,19.1,0,
07-11-2021 03:30,07-11-2021 03:45,4.1,985.7,19,0,
07-11-2021 03:45,07-11-2021 04:00,4.1,985.7,18.5,0,
07-11-2021 04:00,07-11-2021 04:15,4.1,985.8,18.3,0,
07-11-2021 04:15,07-11-2021 04:30,4.1,985.7,18.3,0,
07-11-2021 04:30,07-11-2021 04:45,4,985.8,18.1,0,
07-11-2021 04:45,07-11-2021 05:00,4,985.9,18,0,
07-11-2021 05:00,07-11-2021 05:15,4,986,18,0,
07-11-2021 05:15,07-11-2021 05:30,4.1,986.1,17.7,0,
07-11-2021 05:30,07-11-2021 05:45,4,986.3,17.8,0,
07-11-2021 05:45,07-11-2021 06:00,4,986.4,17.9,0,
07-11-2021 06:00,07-11-2021 06:15,4.1,986.6,17.7,0,
07-11-2021 06:15,07-11-2021 06:30,4.3,986.8,17.4,0,
07-11-2021 06:30,07-11-2021 06:45,5.5,986.9,17.6,0,
07-11-2021 06:45,07-11-2021 07:00,8.9,987.1,17.5,0,
07-11-2021 07:00,07-11-2021 07:15,14.6,987.2,17.2,0,
07-11-2021 07:15,07-11-2021 07:30,21.8,987.3,17.4,0,
07-11-2021 07:30,07-11-2021 07:45,29.4,987.5,17.8,0,
07-11-2021 07:45,07-11-2021 08:00,38.4,987.7,18.1,0,
07-11-2021 08:00,07-11-2021 08:15,48,988,18.3,0,
07-11-2021 08:15,07-11-2021 08:30,58.3,988.2,18.8,0,
07-11-2021 08:30,07-11-2021 08:45,68.1,988.3,19.1,0,
07-11-2021 08:45,07-11-2021 09:00,77.1,988.5,19.4,0,
07-11-2021 09:00,07-11-2021 09:15,88,988.7,19.8,0,
07-11-2021 09:15,07-11-2021 09:30,99.5,988.8,20.3,0,
07-11-2021 09:30,07-11-2021 09:45,113.9,988.9,20.9,0,
07-11-2021 09:45,07-11-2021 10:00,138.9,989,21.3,0,
07-11-2021 10:00,07-11-2021 10:15,184.7,989,21.8,0,
07-11-2021 10:15,07-11-2021 10:30,133.5,988.9,22.5,0,
07-11-2021 10:30,07-11-2021 10:45,147,988.9,23.2,0,
07-11-2021 10:45,07-11-2021 11:00,188.6,988.9,24.1,0,
07-11-2021 11:00,07-11-2021 11:15,200.7,988.8,25.2,0,
07-11-2021 11:15,07-11-2021 11:30,201,988.7,25.7,0,
07-11-2021 11:30,07-11-2021 11:45,375.3,988.5,26.3,0,
07-11-2021 11:45,07-11-2021 12:00,360.6,988.4,26.7,0,
07-11-2021 12:00,07-11-2021 12:15,472.5,988.1,27.2,0,
07-11-2021 12:15,07-11-2021 12:30,459.8,987.8,27.6,0,
07-11-2021 12:30,07-11-2021 12:45,472.1,987.6,28.1,0,
07-11-2021 12:45,07-11-2021 13:00,494.1,987.4,28.1,0,
07-11-2021 13:00,07-11-2021 13:15,437.5,987.2,28.4,0,
07-11-2021 13:15,07-11-2021 13:30,277.5,987,28.2,0,
07-11-2021 13:30,07-11-2021 13:45,174.8,986.9,28.4,0,
07-11-2021 13:45,07-11-2021 14:00,156.2,986.7,28.2,0,
07-11-2021 14:00,07-11-2021 14:15,142.9,986.5,28,0,
07-11-2021 14:15,07-11-2021 14:30,142.9,986.5,28,0,
07-11-2021 14:30,07-11-2021 14:45,123.3,986.3,27.9,0,
07-11-2021 14:45,07-11-2021 15:00,112.4,986.2,28,0,
07-11-2021 15:00,07-11-2021 15:15,110.1,986.2,27.8,0,
07-11-2021 15:15,07-11-2021 15:30,89,986.2,27.4,0,
07-11-2021 15:30,07-11-2021 15:45,76.2,986.4,27.3,0,
07-11-2021 15:45,07-11-2021 16:00,63.9,986.3,27,0,
07-11-2021 16:00,07-11-2021 16:15,52.8,986.2,26.6,0,
07-11-2021 16:15,07-11-2021 16:30,41.9,986.3,25.9,0,
07-11-2021 16:30,07-11-2021 16:45,32.2,986.4,25.3,0,
07-11-2021 16:45,07-11-2021 17:00,23.2,986.5,24.6,0,
07-11-2021 17:00,07-11-2021 17:15,14.9,986.6,23.9,0,
07-11-2021 17:15,07-11-2021 17:30,8,986.8,23.2,0,
07-11-2021 17:30,07-11-2021 17:45,5,986.8,22.5,0,
07-11-2021 17:45,07-11-2021 18:00,4.2,986.9,22.1,0,
07-11-2021 18:00,07-11-2021 18:15,4,987,21.9,0,
07-11-2021 18:15,07-11-2021 18:30,4.1,987.1,21.7,0,
07-11-2021 18:30,07-11-2021 18:45,4,987.3,21.9,0,
07-11-2021 18:45,07-11-2021 19:00,4,987.5,21.9,0,
07-11-2021 19:00,07-11-2021 19:15,4.1,987.7,21.9,0,
07-11-2021 19:15,07-11-2021 19:30,4.1,987.8,21.6,0,
07-11-2021 19:30,07-11-2021 19:45,4.1,988,21.2,0,
07-11-2021 19:45,07-11-2021 20:00,4.1,988.2,20.8,0,
07-11-2021 20:00,07-11-2021 20:15,4.1,988.3,20.7,0,
07-11-2021 20:15,07-11-2021 20:30,4.1,988.4,20.4,0,
07-11-2021 20:30,07-11-2021 20:45,4.1,988.5,20.5,0,
07-11-2021 20:45,07-11-2021 21:00,4.1,988.6,20.2,0,
07-11-2021 21:00,07-11-2021 21:15,4.1,988.7,20.1,0,
07-11-2021 21:15,07-11-2021 21:30,4.1,988.8,20.2,0,
07-11-2021 21:30,07-11-2021 21:45,4,988.9,20.3,0,
07-11-2021 21:45,07-11-2021 22:00,4,988.9,20.1,0,
07-11-2021 22:00,07-11-2021 22:15,4,989,19.9,0,
07-11-2021 22:15,07-11-2021 22:30,4,989.1,19.4,0,
07-11-2021 22:30,07-11-2021 22:45,4.1,989.2,19.6,0,
07-11-2021 22:45,07-11-2021 23:00,4.1,989.3,19.9,0,
07-11-2021 23:00,07-11-2021 23:15,4.1,989.3,19.7,0,
07-11-2021 23:15,07-11-2021 23:30,4.1,989.3,19.5,0,
07-11-2021 23:30,07-11-2021 23:45,4.1,989.3,19.5,0,
07-11-2021 23:45,08-11-2021 00:00,4.1,989.3,19.6,0,
08-11-2021 00:00,08-11-2021 00:15,4.1,989.3,19.6,0,
08-11-2021 00:15,08-11-2021 00:30,4.1,989.2,19.4,0,
08-11-2021 00:30,08-11-2021 00:45,4.1,989.2,19.3,0,
08-11-2021 00:45,08-11-2021 01:00,4,989.1,19.1,0,
08-11-2021 01:00,08-11-2021 01:15,4.1,989.2,18.8,0,
08-11-2021 01:15,08-11-2021 01:30,4.1,989.2,18.6,0,
08-11-2021 01:30,08-11-2021 01:45,4.1,989.1,18.6,0,
08-11-2021 01:45,08-11-2021 02:00,4.1,989.1,18.7,0,
08-11-2021 02:00,08-11-2021 02:15,4.1,989,18.8,0,
08-11-2021 02:15,08-11-2021 02:30,4.1,988.9,18.9,0,
08-11-2021 02:30,08-11-2021 02:45,4.1,988.9,19,0,
08-11-2021 02:45,08-11-2021 03:00,4,988.9,18.9,0,
08-11-2021 03:00,08-11-2021 03:15,4.1,988.9,18.8,0,
08-11-2021 03:15,08-11-2021 03:30,4.1,988.9,18.6,0,
08-11-2021 03:30,08-11-2021 03:45,4.1,988.9,18.5,0,
08-11-2021 03:45,08-11-2021 04:00,4,988.8,18.4,0,
08-11-2021 04:00,08-11-2021 04:15,4,988.8,18,0,
08-11-2021 04:15,08-11-2021 04:30,4,988.9,18,0,
08-11-2021 04:30,08-11-2021 04:45,4,988.9,18,0,
08-11-2021 04:45,08-11-2021 05:00,4,988.8,17.9,0,
08-11-2021 05:00,08-11-2021 05:15,4,988.9,17.7,0,
08-11-2021 05:15,08-11-2021 05:30,4.1,988.9,17.7,0,
08-11-2021 05:30,08-11-2021 05:45,4.1,989,17.7,0,
08-11-2021 05:45,08-11-2021 06:00,4.1,989.1,17.7,0,
08-11-2021 06:00,08-11-2021 06:15,4.2,989.3,17.7,0,
08-11-2021 06:15,08-11-2021 06:30,4.3,989.4,17.4,0,
08-11-2021 06:30,08-11-2021 06:45,5,989.4,17.4,0,
08-11-2021 06:45,08-11-2021 07:00,7.1,989.4,17.5,0,
08-11-2021 07:00,08-11-2021 07:15,12.4,989.5,17.6,0,
08-11-2021 07:15,08-11-2021 07:30,19.2,989.8,17.7,0,
08-11-2021 07:30,08-11-2021 07:45,30.7,990.1,17.9,0,
08-11-2021 07:45,08-11-2021 08:00,36.8,990.3,18.3,0,
08-11-2021 08:00,08-11-2021 08:15,45.8,990.5,18.5,0,
08-11-2021 08:15,08-11-2021 08:30,53.2,990.6,18.8,0,
08-11-2021 08:30,08-11-2021 08:45,66.4,990.7,19,0,
08-11-2021 08:45,08-11-2021 09:00,None,None,None,None,
08-11-2021 09:00,08-11-2021 09:15,None,None,None,None,
08-11-2021 09:15,08-11-2021 09:30,None,None,None,None,
08-11-2021 09:30,08-11-2021 09:45,None,None,None,None,
08-11-2021 09:45,08-11-2021 10:00,None,None,None,None,
08-11-2021 10:00,08-11-2021 10:15,None,None,None,None,
08-11-2021 10:15,08-11-2021 10:30,None,None,None,None,
08-11-2021 10:30,08-11-2021 10:45,None,None,None,None,
08-11-2021 10:45,08-11-2021 11:00,None,None,None,None,
08-11-2021 11:00,08-11-2021 11:15,None,None,None,None,
08-11-2021 11:15,08-11-2021 11:30,None,None,None,None,
08-11-2021 11:30,08-11-2021 11:45,None,None,None,None,
08-11-2021 11:45,08-11-2021 12:00,None,None,None,None,
08-11-2021 12:00,08-11-2021 12:15,None,None,None,None,
08-11-2021 12:15,08-11-2021 12:30,None,None,None,None,
08-11-2021 12:30,08-11-2021 12:45,None,None,None,None,
08-11-2021 12:45,08-11-2021 13:00,None,None,None,None,
08-11-2021 13:00,08-11-2021 13:15,None,None,None,None,
08-11-2021 13:15,08-11-2021 13:30,None,None,None,None,
08-11-2021 13:30,08-11-2021 13:45,None,None,None,None,
08-11-2021 13:45,08-11-2021 14:00,None,None,None,None,
08-11-2021 14:00,08-11-2021 14:15,None,None,None,None,
08-11-2021 14:15,08-11-2021 14:30,None,None,None,None,
08-11-2021 14:30,08-11-2021 14:45,None,None,None,None,
08-11-2021 14:45,08-11-2021 14:47,None,None,None,None,