From Date,To Date,Toluene,Temp,RH,WS,WD
01-11-2021 00:00,01-11-2021 00:15,0.9,None,83.5,0.6,207.8
01-11-2021 00:15,01-11-2021 00:30,0.9,None,82.6,0.4,224.7
01-11-2021 00:30,01-11-2021 00:45,1.2,None,84.9,0.1,333.4
01-11-2021 00:45,01-11-2021 01:00,1.9,None,87.1,5.5,135.4
01-11-2021 01:00,01-11-2021 01:15,1.8,None,87.1,6,136.2
01-11-2021 01:15,01-11-2021 01:30,1.5,None,87.1,7.4,136.4
01-11-2021 01:30,01-11-2021 01:45,1.4,None,87.1,7.3,136.4
01-11-2021 01:45,01-11-2021 02:00,1.3,None,87.1,7.4,136.2
01-11-2021 02:00,01-11-2021 02:15,1.5,None,87.1,7.4,136.3
01-11-2021 02:15,01-11-2021 02:30,2.3,None,87.1,7.4,136.2
01-11-2021 02:30,01-11-2021 02:45,2.9,None,87.1,7.4,136.3
01-11-2021 02:45,01-11-2021 03:00,2.4,None,87.1,7.4,136.2
01-11-2021 03:00,01-11-2021 03:15,2.8,None,87.1,7.4,136.3
01-11-2021 03:15,01-11-2021 03:30,2.6,None,87.1,7.4,136.3
01-11-2021 03:30,01-11-2021 03:45,2.6,None,87.1,7.4,136.3
01-11-2021 03:45,01-11-2021 04:00,2.9,None,87.1,7.4,136.2
01-11-2021 04:00,01-11-2021 04:15,3.3,None,83.6,7.4,136.3
01-11-2021 04:15,01-11-2021 04:30,3.6,None,82.5,7.4,136.3
01-11-2021 04:30,01-11-2021 04:45,4.2,None,83.3,7.4,136.2
01-11-2021 04:45,01-11-2021 05:00,4.5,None,83.3,7.4,136.3
01-11-2021 05:00,01-11-2021 05:15,4.5,None,83.4,7.4,136.2
01-11-2021 05:15,01-11-2021 05:30,5.1,None,83.3,7.4,136.3
01-11-2021 05:30,01-11-2021 05:45,5.2,None,83.1,7.4,136.3
01-11-2021 05:45,01-11-2021 06:00,4.8,None,82.8,7.4,136.2
01-11-2021 06:00,01-11-2021 06:15,4.5,None,83.2,7.4,136.3
01-11-2021 06:15,01-11-2021 06:30,4.8,None,83.1,7.4,136.3
01-11-2021 06:30,01-11-2021 06:45,4.7,None,82.7,7.4,136.3
01-11-2021 06:45,01-11-2021 07:00,4.9,None,82.5,7.4,136.2
01-11-2021 07:00,01-11-2021 07:15,5.7,None,83,7.4,136.3
01-11-2021 07:15,01-11-2021 07:30,5.6,None,83.4,7.3,136.2
01-11-2021 07:30,01-11-2021 07:45,5,None,81.2,3.5,132.4
01-11-2021 07:45,01-11-2021 08:00,5.1,None,77.3,6,135.5
01-11-2021 08:00,01-11-2021 08:15,5,None,72.6,7.2,136.4
01-11-2021 08:15,01-11-2021 08:30,4.5,None,67.2,7.4,136.3
01-11-2021 08:30,01-11-2021 08:45,3.8,None,63.2,7.4,136.3
01-11-2021 08:45,01-11-2021 09:00,3.5,None,56.8,7.1,136.8
01-11-2021 09:00,01-11-2021 09:15,3.3,None,52.3,7,136.6
01-11-2021 09:15,01-11-2021 09:30,3,None,47.4,7.1,136.6
01-11-2021 09:30,01-11-2021 09:45,2.9,None,44,6.8,137.1
01-11-2021 09:45,01-11-2021 10:00,2.7,None,41,5.9,141.5
01-11-2021 10:00,01-11-2021 10:15,1.9,None,39.1,5.9,141
01-11-2021 10:15,01-11-2021 10:30,1.8,None,38.2,5.4,142.2
01-11-2021 10:30,01-11-2021 10:45,1.8,None,36.2,4.3,153.9
01-11-2021 10:45,01-11-2021 11:00,2,None,35.3,4.5,151.3
01-11-2021 11:00,01-11-2021 11:15,1.5,None,34.3,4.1,161.1
01-11-2021 11:15,01-11-2021 11:30,1.2,None,34,4.7,151.5
01-11-2021 11:30,01-11-2021 11:45,0.8,None,33.2,3.8,162.1
01-11-2021 11:45,01-11-2021 12:00,0.6,None,33.5,3.8,154.1
01-11-2021 12:00,01-11-2021 12:15,0.6,None,33.1,3.4,156.6
01-11-2021 12:15,01-11-2021 12:30,0.6,None,33.5,3.6,153.2
01-11-2021 12:30,01-11-2021 12:45,0.6,None,33.2,3.8,148.7
01-11-2021 12:45,01-11-2021 13:00,0.6,None,32.8,5.1,144
01-11-2021 13:00,01-11-2021 13:15,0.5,None,32.5,5.7,141
01-11-2021 13:15,01-11-2021 13:30,0.6,None,32.1,5.3,141.5
01-11-2021 13:30,01-11-2021 13:45,0.6,None,31.6,4.4,144.9
01-11-2021 13:45,01-11-2021 14:00,0.6,None,32.4,3.3,146.5
01-11-2021 14:00,01-11-2021 14:15,0.5,None,32.2,4.7,143
01-11-2021 14:15,01-11-2021 14:30,0.5,None,31.4,3.7,142.6
01-11-2021 14:30,01-11-2021 14:45,0.3,None,32.1,1.5,157.5
01-11-2021 14:45,01-11-2021 15:00,0.4,None,32.1,1.9,173.7
01-11-2021 15:00,01-11-2021 15:15,0.3,None,33,1.8,171.5
01-11-2021 15:15,01-11-2021 15:30,0.3,None,34.4,1.7,157.3
01-11-2021 15:30,01-11-2021 15:45,0.4,None,34.4,2.1,164.3
01-11-2021 15:45,01-11-2021 16:00,0.5,None,35.6,1.5,150.8
01-11-2021 16:00,01-11-2021 16:15,0.4,None,37,1.3,130.8
01-11-2021 16:15,01-11-2021 16:30,0.5,None,38.4,1.5,134.2
01-11-2021 16:30,01-11-2021 16:45,0.4,None,39.3,1.4,130.7
01-11-2021 16:45,01-11-2021 17:00,0.4,None,40.4,1.4,121.9
01-11-2021 17:00,01-11-2021 17:15,0.5,None,41.8,1.5,121.4
01-11-2021 17:15,01-11-2021 17:30,0.5,None,43,1.5,125.3
01-11-2021 17:30,01-11-2021 17:45,0.9,None,44.5,1.5,131
01-11-2021 17:45,01-11-2021 18:00,1,None,46,2.2,135.1
01-11-2021 18:00,01-11-2021 18:15,1.3,None,47.3,3.1,133.8
01-11-2021 18:15,01-11-2021 18:30,1.4,None,47.7,4.5,133.6
01-11-2021 18:30,01-11-2021 18:45,1.5,None,48.4,2.8,129.5
01-11-2021 18:45,01-11-2021 19:00,1.6,None,48.8,3.3,132.7
01-11-2021 19:00,01-11-2021 19:15,1.8,None,49.2,2.9,132.7
01-11-2021 19:15,01-11-2021 19:30,2.1,None,49.6,2.7,133
01-11-2021 19:30,01-11-2021 19:45,2.2,None,50.4,2.7,134.8
01-11-2021 19:45,01-11-2021 20:00,2.4,None,51.1,2.4,131.8
01-11-2021 20:00,01-11-2021 20:15,2.4,None,51,2.4,135.1
01-11-2021 20:15,01-11-2021 20:30,2.4,None,51.7,2.7,133.5
01-11-2021 20:30,01-11-2021 20:45,2.3,None,52.6,2.2,126.1
01-11-2021 20:45,01-11-2021 21:00,2.2,None,53.1,2,125.7
01-11-2021 21:00,01-11-2021 21:15,2.2,None,53.2,1.9,132.7
01-11-2021 21:15,01-11-2021 21:30,2.3,None,53.6,1.8,140.1
01-11-2021 21:30,01-11-2021 21:45,2.4,None,53.7,3.7,137.2
01-11-2021 21:45,01-11-2021 22:00,2.4,None,53.4,6.7,136.1
01-11-2021 22:00,01-11-2021 22:15,2.6,None,54,3.5,136.7
01-11-2021 22:15,01-11-2021 22:30,2.6,None,54.4,2.6,131.7
01-11-2021 22:30,01-11-2021 22:45,2.6,None,54.5,5.9,136.8
01-11-2021 22:45,01-11-2021 23:00,2.6,None,54.5,7.4,136.2
01-11-2021 23:00,01-11-2021 23:15,2.6,None,54.9,7.4,136.2
01-11-2021 23:15,01-11-2021 23:30,2.7,None,55.5,7.4,136.3
01-11-2021 23:30,01-11-2021 23:45,2.6,None,57.4,3.5,135.9
01-11-2021 23:45,02-11-2021 00:00,2.6,None,58,4.7,133.2
02-11-2021 00:00,02-11-2021 00:15,2.5,None,59.7,7.4,136.3
02-11-2021 00:15,02-11-2021 00:30,2.5,None,58.9,5.6,135.7
02-11-2021 00:30,02-11-2021 00:45,2.4,None,59.4,4.3,133.9
02-11-2021 00:45,02-11-2021 01:00,2.5,None,59.3,4.4,138.6
02-11-2021 01:00,02-11-2021 01:15,2.3,None,59.8,7.3,136.3
02-11-2021 01:15,02-11-2021 01:30,2.2,None,60.7,7.1,136.3
02-11-2021 01:30,02-11-2021 01:45,2.2,None,63.2,5.9,136.3
02-11-2021 01:45,02-11-2021 02:00,2.1,None,63.2,5.6,137.1
02-11-2021 02:00,02-11-2021 02:15,2.1,None,64.5,2.2,141
02-11-2021 02:15,02-11-2021 02:30,1.9,None,66.5,2,139.7
02-11-2021 02:30,02-11-2021 02:45,1.9,None,66,2.7,140
02-11-2021 02:45,02-11-2021 03:00,1.8,None,65.3,2.1,144.4
02-11-2021 03:00,02-11-2021 03:15,1.8,None,64.7,3.1,135.8
02-11-2021 03:15,02-11-2021 03:30,1.6,None,64,3.3,138
02-11-2021 03:30,02-11-2021 03:45,1.3,None,64.3,4.9,136.3
02-11-2021 03:45,02-11-2021 04:00,1.1,None,65.1,6.4,136.4
02-11-2021 04:00,02-11-2021 04:15,1.2,None,66.7,7.4,136.3
02-11-2021 04:15,02-11-2021 04:30,1,None,67.9,7.4,136.3
02-11-2021 04:30,02-11-2021 04:45,1,None,70.3,7.4,136.3
02-11-2021 04:45,02-11-2021 05:00,0.8,None,72.5,7.4,136.3
02-11-2021 05:00,02-11-2021 05:15,1,None,72.1,7.4,136.3
02-11-2021 05:15,02-11-2021 05:30,1.1,None,72,7.4,136.3
02-11-2021 05:30,02-11-2021 05:45,0.9,None,71.8,7.4,136.2
02-11-2021 05:45,02-11-2021 06:00,0.9,None,71.7,7.3,136.2
02-11-2021 06:00,02-11-2021 06:15,0.8,None,72.1,7.4,136.3
02-11-2021 06:15,02-11-2021 06:30,0.8,None,74,7.4,136.3
02-11-2021 06:30,02-11-2021 06:45,0.8,None,73.4,7.4,136.3
02-11-2021 06:45,02-11-2021 07:00,0.9,None,72.7,7.4,136.3
02-11-2021 07:00,02-11-2021 07:15,1,None,72.9,7.4,136.3
02-11-2021 07:15,02-11-2021 07:30,1,None,72.4,7.4,136.3
02-11-2021 07:30,02-11-2021 07:45,1,None,71,5.9,136.1
02-11-2021 07:45,02-11-2021 08:00,1.1,None,68.8,3.9,135.4
02-11-2021 08:00,02-11-2021 08:15,1.1,None,66.3,2.7,138.7
02-11-2021 08:15,02-11-2021 08:30,1.1,None,61.8,2.1,142.4
02-11-2021 08:30,02-11-2021 08:45,1.3,None,58.5,2.2,145.9
02-11-2021 08:45,02-11-2021 09:00,1.4,None,54.5,2.7,150.8
02-11-2021 09:00,02-11-2021 09:15,1.3,None,48.1,3.3,163.6
02-11-2021 09:15,02-11-2021 09:30,1.1,None,45.9,3.5,164.9
02-11-2021 09:30,02-11-2021 09:45,0.8,None,44.9,3.5,158.3
02-11-2021 09:45,02-11-2021 10:00,0.7,None,43.5,2.9,165.3
02-11-2021 10:00,02-11-2021 10:15,0.7,None,42.2,3.1,167.1
02-11-2021 10:15,02-11-2021 10:30,0.9,None,41.4,3.2,167
02-11-2021 10:30,02-11-2021 10:45,0.7,None,40.4,3.1,177.8
02-11-2021 10:45,02-11-2021 11:00,0.6,None,39.4,3.1,175.2
02-11-2021 11:00,02-11-2021 11:15,0.6,None,39.4,2.6,185.8
02-11-2021 11:15,02-11-2021 11:30,0.5,None,38.7,2.6,192.5
02-11-2021 11:30,02-11-2021 11:45,0.6,None,38.6,3,190.2
02-11-2021 11:45,02-11-2021 12:00,0.7,None,38.7,2.7,179
02-11-2021 12:00,02-11-2021 12:15,0.7,None,38.5,2.1,187.6
02-11-2021 12:15,02-11-2021 12:30,0.8,None,38.6,2.2,190.1
02-11-2021 12:30,02-11-2021 12:45,0.8,None,38,1.9,193.1
02-11-2021 12:45,02-11-2021 13:00,0.7,None,37.8,2.6,174.8
02-11-2021 13:00,02-11-2021 13:15,0.6,None,38.1,2.7,176.1
02-11-2021 13:15,02-11-2021 13:30,0.6,None,37.6,2,187.7
02-11-2021 13:30,02-11-2021 13:45,0.7,None,37.7,2.4,178.8
02-11-2021 13:45,02-11-2021 14:00,0.8,None,37.2,2.2,183.1
02-11-2021 14:00,02-11-2021 14:15,0.8,None,37.9,2.4,177.3
02-11-2021 14:15,02-11-2021 14:30,0.5,None,37.9,2,182.3
02-11-2021 14:30,02-11-2021 14:45,0.4,None,37.8,1.8,182.1
02-11-2021 14:45,02-11-2021 15:00,0.6,None,37.8,2,172.8
02-11-2021 15:00,02-11-2021 15:15,0.6,None,37.6,2.3,164.6
02-11-2021 15:15,02-11-2021 15:30,0.6,None,38,2,176.1
02-11-2021 15:30,02-11-2021 15:45,0.7,None,38.5,1.5,179.7
02-11-2021 15:45,02-11-2021 16:00,0.8,None,39.4,1.5,171.5
02-11-2021 16:00,02-11-2021 16:15,0.7,None,42.1,1.3,173.7
02-11-2021 16:15,02-11-2021 16:30,0.5,None,42.7,1.3,141.8
02-11-2021 16:30,02-11-2021 16:45,0.7,None,44.4,2,132.8
02-11-2021 16:45,02-11-2021 17:00,0.7,None,45.6,3,135.9
02-11-2021 17:00,02-11-2021 17:15,0.7,None,46.8,4.3,135.7
02-11-2021 17:15,02-11-2021 17:30,0.6,None,48.6,4.4,134.6
02-11-2021 17:30,02-11-2021 17:45,0.6,None,51.1,6.7,136.1
02-11-2021 17:45,02-11-2021 18:00,0.8,None,52.7,5.6,136.4
02-11-2021 18:00,02-11-2021 18:15,0.7,None,53.7,4.5,135.8
02-11-2021 18:15,02-11-2021 18:30,0.9,None,54.6,2.8,131
02-11-2021 18:30,02-11-2021 18:45,1.3,None,55.5,2.4,131.1
02-11-2021 18:45,02-11-2021 19:00,1.7,None,56,1.7,123.9
02-11-2021 19:00,02-11-2021 19:15,2,None,56.6,1.5,122.8
02-11-2021 19:15,02-11-2021 19:30,2.2,None,57.4,1.5,124.5
02-11-2021 19:30,02-11-2021 19:45,2.6,None,57.3,1.5,133.4
02-11-2021 19:45,02-11-2021 20:00,3.2,None,57.6,1.5,133.4
02-11-2021 20:00,02-11-2021 20:15,3.4,None,58.3,1.5,130.4
02-11-2021 20:15,02-11-2021 20:30,3.5,None,58.8,1.4,134.3
02-11-2021 20:30,02-11-2021 20:45,3.5,None,59.7,1.3,113.5
02-11-2021 20:45,02-11-2021 21:00,3.3,None,59.5,1.3,116.2
02-11-2021 21:00,02-11-2021 21:15,3.4,None,60.3,1.4,137.4
02-11-2021 21:15,02-11-2021 21:30,3.5,None,63,0.8,154.3
02-11-2021 21:30,02-11-2021 21:45,3.7,None,63.3,0.9,110.3
02-11-2021 21:45,02-11-2021 22:00,3.5,None,62.6,1.1,47.2
02-11-2021 22:00,02-11-2021 22:15,3.8,None,63.4,1.1,91.5
02-11-2021 22:15,02-11-2021 22:30,3.5,None,66,0.5,151.4
02-11-2021 22:30,02-11-2021 22:45,3.6,None,68,0.5,180.1
02-11-2021 22:45,02-11-2021 23:00,3.5,None,69.6,0.8,168.9
02-11-2021 23:00,02-11-2021 23:15,3.4,None,70.9,0.6,185.9
02-11-2021 23:15,02-11-2021 23:30,3.3,None,73.1,0.8,156.5
02-11-2021 23:30,02-11-2021 23:45,3.4,None,72,0.8,125.3
02-11-2021 23:45,03-11-2021 00:00,3.3,None,70.1,1,108.8
03-11-2021 00:00,03-11-2021 00:15,3.4,None,69.4,0.7,48
03-11-2021 00:15,03-11-2021 00:30,3.3,None,66.4,1.3,26.7
03-11-2021 00:30,03-11-2021 00:45,3.1,None,64,1.2,8.4
03-11-2021 00:45,03-11-2021 01:00,3.3,None,64.6,1.3,2.4
03-11-2021 01:00,03-11-2021 01:15,3.1,None,65.7,0.7,64.2
03-11-2021 01:15,03-11-2021 01:30,3.8,None,68.9,0.5,39.8
03-11-2021 01:30,03-11-2021 01:45,5,None,70.4,0.4,55
03-11-2021 01:45,03-11-2021 02:00,5.1,None,72.3,0.4,183.1
03-11-2021 02:00,03-11-2021 02:15,5.3,None,73.7,0.5,187.8
03-11-2021 02:15,03-11-2021 02:30,5.2,None,74.7,1.3,144.4
03-11-2021 02:30,03-11-2021 02:45,4.7,None,75.4,0.6,232.7
03-11-2021 02:45,03-11-2021 03:00,4.4,None,75.1,0.6,187.3
03-11-2021 03:00,03-11-2021 03:15,4.3,None,75.5,1,137.9
03-11-2021 03:15,03-11-2021 03:30,3.4,None,74.9,1.1,96.8
03-11-2021 03:30,03-11-2021 03:45,3.3,None,74.3,0.6,140.2
03-11-2021 03:45,03-11-2021 04:00,3.3,None,75,1.1,178.7
03-11-2021 04:00,03-11-2021 04:15,3,None,76.4,0.6,196.9
03-11-2021 04:15,03-11-2021 04:30,2.9,None,76.8,0.6,195.3
03-11-2021 04:30,03-11-2021 04:45,2.8,None,77.4,0.7,206.1
03-11-2021 04:45,03-11-2021 05:00,2.5,None,77.9,1.7,159.6
03-11-2021 05:00,03-11-2021 05:15,2.1,None,77.4,1.2,162.3
03-11-2021 05:15,03-11-2021 05:30,2.2,None,76.7,0.5,214.8
03-11-2021 05:30,03-11-2021 05:45,2,None,76.4,0.5,206.6
03-11-2021 05:45,03-11-2021 06:00,1.9,None,75.4,0.6,178
03-11-2021 06:00,03-11-2021 06:15,1.9,None,74.9,1,156.2
03-11-2021 06:15,03-11-2021 06:30,1.8,None,75,1.5,147.4
03-11-2021 06:30,03-11-2021 06:45,1.5,None,76.1,1.4,157.8
03-11-2021 06:45,03-11-2021 07:00,1.7,None,76.7,0.8,156.1
03-11-2021 07:00,03-11-2021 07:15,1.4,None,76.4,1,4.4
03-11-2021 07:15,03-11-2021 07:30,1.4,None,75.4,0.7,91.4
03-11-2021 07:30,03-11-2021 07:45,1.5,None,73.1,0.5,105.5
03-11-2021 07:45,03-11-2021 08:00,1.4,None,74.9,0.4,169.2
03-11-2021 08:00,03-11-2021 08:15,1.4,None,72,0.5,167.9
03-11-2021 08:15,03-11-2021 08:30,1.3,None,72.3,1.1,144.1
03-11-2021 08:30,03-11-2021 08:45,1.5,None,71.4,0.9,112.4
03-11-2021 08:45,03-11-2021 09:00,1.6,None,66.6,0.9,74.7
03-11-2021 09:00,03-11-2021 09:15,1.6,None,61,1.1,65.3
03-11-2021 09:15,03-11-2021 09:30,1.4,None,54.9,0.4,103.9
03-11-2021 09:30,03-11-2021 09:45,1.6,None,49.6,0.4,109.2
03-11-2021 09:45,03-11-2021 10:00,1.3,None,47.1,0.7,129.1
03-11-2021 10:00,03-11-2021 10:15,1.1,None,46.2,0.9,147
03-11-2021 10:15,03-11-2021 10:30,1,None,45,1,174
03-11-2021 10:30,03-11-2021 10:45,1,None,43.9,1,180
03-11-2021 10:45,03-11-2021 11:00,0.9,None,42.8,1.2,163.1
03-11-2021 11:00,03-11-2021 11:15,0.9,None,42.1,1,177.8
03-11-2021 11:15,03-11-2021 11:30,0.8,None,41.4,1,174
03-11-2021 11:30,03-11-2021 11:45,1,None,41.3,1.2,165.3
03-11-2021 11:45,03-11-2021 12:00,1,None,40.6,0.9,164.9
03-11-2021 12:00,03-11-2021 12:15,1.1,None,40.9,0.6,197.2
03-11-2021 12:15,03-11-2021 12:30,1,None,40.9,0.8,173.8
03-11-2021 12:30,03-11-2021 12:45,1.1,None,39.7,0.6,142
03-11-2021 12:45,03-11-2021 13:00,1,None,39.8,0.4,183.7
03-11-2021 13:00,03-11-2021 13:15,0.9,None,39.8,1.2,157.4
03-11-2021 13:15,03-11-2021 13:30,1.1,None,40,0.7,160.8
03-11-2021 13:30,03-11-2021 13:45,1.1,None,39.7,0.7,122.4
03-11-2021 13:45,03-11-2021 14:00,1,None,41.6,1.5,153.3
03-11-2021 14:00,03-11-2021 14:15,1,None,42.3,0.8,125.5
03-11-2021 14:15,03-11-2021 14:30,0.8,None,43.3,1.2,150.9
03-11-2021 14:30,03-11-2021 14:45,1,None,43.5,1.1,151.5
03-11-2021 14:45,03-11-2021 15:00,0.7,None,43.8,1.1,136.4
03-11-2021 15:00,03-11-2021 15:15,0.7,None,44.9,1.3,148.9
03-11-2021 15:15,03-11-2021 15:30,0.7,None,44.7,0.8,144.4
03-11-2021 15:30,03-11-2021 15:45,0.7,None,45.4,1.1,159
03-11-2021 15:45,03-11-2021 16:00,0.6,None,45.8,1.1,152
03-11-2021 16:00,03-11-2021 16:15,0.6,None,46.4,0.8,137.4
03-11-2021 16:15,03-11-2021 16:30,0.5,None,48.3,0.5,75.2
03-11-2021 16:30,03-11-2021 16:45,0.5,None,50.4,0.6,51.1
03-11-2021 16:45,03-11-2021 17:00,0.6,None,50.3,0.5,40.2
03-11-2021 17:00,03-11-2021 17:15,0.6,None,51.7,0.7,92
03-11-2021 17:15,03-11-2021 17:30,0.6,None,53.9,0.6,103
03-11-2021 17:30,03-11-2021 17:45,0.7,None,55.7,0.4,100.5
03-11-2021 17:45,03-11-2021 18:00,1.1,None,57.6,0.6,14.8
03-11-2021 18:00,03-11-2021 18:15,1.4,None,58.5,0.6,45.3
03-11-2021 18:15,03-11-2021 18:30,1.7,None,59,0.6,43.9
03-11-2021 18:30,03-11-2021 18:45,2.1,None,59.8,0.6,57.6
03-11-2021 18:45,03-11-2021 19:00,2.5,None,60.4,0.5,88.8
03-11-2021 19:00,03-11-2021 19:15,2.7,None,64.3,0.3,73
03-11-2021 19:15,03-11-2021 19:30,3,None,66.7,0.4,13.2
03-11-2021 19:30,03-11-2021 19:45,2.9,None,69.1,0.5,33.8
03-11-2021 19:45,03-11-2021 20:00,3.1,None,68.2,0.4,119.9
03-11-2021 20:00,03-11-2021 20:15,2.7,None,69.3,0.8,169.8
03-11-2021 20:15,03-11-2021 20:30,3.3,None,71.7,0.7,187.5
03-11-2021 20:30,03-11-2021 20:45,3.3,None,73.5,0.7,173.7
03-11-2021 20:45,03-11-2021 21:00,2.8,None,74.8,0.3,321.2
03-11-2021 21:00,03-11-2021 21:15,2.8,None,73,0.7,158.8
03-11-2021 21:15,03-11-2021 21:30,2.7,None,72.5,0.6,178.3
03-11-2021 21:30,03-11-2021 21:45,3.1,None,74.9,0.6,343.3
03-11-2021 21:45,03-11-2021 22:00,3.3,None,75.8,0.4,211.6
03-11-2021 22:00,03-11-2021 22:15,2.9,None,76.8,0.6,202.4
03-11-2021 22:15,03-11-2021 22:30,3,None,78,0.5,214.9
03-11-2021 22:30,03-11-2021 22:45,3.1,None,78.8,0.4,206.5
03-11-2021 22:45,03-11-2021 23:00,2.9,None,79,1.3,341.1
03-11-2021 23:00,03-11-2021 23:15,2.7,None,76.5,1.2,346.8
03-11-2021 23:15,03-11-2021 23:30,2.6,None,75.4,0.5,325.1
03-11-2021 23:30,03-11-2021 23:45,2.6,None,76.4,0.7,338.7
03-11-2021 23:45,04-11-2021 00:00,2.5,None,77.7,0.5,342.5
04-11-2021 00:00,04-11-2021 00:15,2.4,None,78.8,0.3,358.9
04-11-2021 00:15,04-11-2021 00:30,2,None,80.5,0.3,2
04-11-2021 00:30,04-11-2021 00:45,2.3,None,81.5,0.5,349.1
04-11-2021 00:45,04-11-2021 01:00,2.2,None,81.5,0.2,271.5
04-11-2021 01:00,04-11-2021 01:15,2.1,None,82.1,0.2,273
04-11-2021 01:15,04-11-2021 01:30,2.2,None,82.2,0.5,352.1
04-11-2021 01:30,04-11-2021 01:45,2.3,None,82.1,0.2,341.4
04-11-2021 01:45,04-11-2021 02:00,2.2,None,82.5,0.7,342.2
04-11-2021 02:00,04-11-2021 02:15,2.1,None,83.4,1.1,349.7
04-11-2021 02:15,04-11-2021 02:30,2.1,None,82.1,0.8,352.8
04-11-2021 02:30,04-11-2021 02:45,1.9,None,82,0.3,297.2
04-11-2021 02:45,04-11-2021 03:00,1.6,None,82.1,0.5,359.8
04-11-2021 03:00,04-11-2021 03:15,1.6,None,82.6,0.2,242.8
04-11-2021 03:15,04-11-2021 03:30,1.4,None,83.1,0.4,237.9
04-11-2021 03:30,04-11-2021 03:45,1.5,None,85.7,0.6,236
04-11-2021 03:45,04-11-2021 04:00,1.4,None,86.2,0.5,289.9
04-11-2021 04:00,04-11-2021 04:15,1.3,None,86.7,0.5,270.7
04-11-2021 04:15,04-11-2021 04:30,1.2,None,86.8,0.5,301.3
04-11-2021 04:30,04-11-2021 04:45,1.2,None,87.2,0.9,342.9
04-11-2021 04:45,04-11-2021 05:00,1.1,None,87.1,0.8,339.5
04-11-2021 05:00,04-11-2021 05:15,1,None,87,0.7,334.9
04-11-2021 05:15,04-11-2021 05:30,1.1,None,87.1,0.4,264.2
04-11-2021 05:30,04-11-2021 05:45,1.1,None,87.2,0.6,229.4
04-11-2021 05:45,04-11-2021 06:00,1,None,87.5,0.7,233.7
04-11-2021 06:00,04-11-2021 06:15,1,None,87.7,0.6,242.4
04-11-2021 06:15,04-11-2021 06:30,0.8,None,87.3,0.6,300.9
04-11-2021 06:30,04-11-2021 06:45,0.7,None,87.3,0.6,268.2
04-11-2021 06:45,04-11-2021 07:00,0.7,None,87.3,0.5,318.5
04-11-2021 07:00,04-11-2021 07:15,0.9,None,87.3,0.4,217.1
04-11-2021 07:15,04-11-2021 07:30,1,None,87.3,0.6,252.6
04-11-2021 07:30,04-11-2021 07:45,0.8,None,87.3,0.6,247.4
04-11-2021 07:45,04-11-2021 08:00,0.9,None,87.4,0.5,321.4
04-11-2021 08:00,04-11-2021 08:15,1,None,87.1,0.5,327.6
04-11-2021 08:15,04-11-2021 08:30,0.9,None,84.8,0.7,335.9
04-11-2021 08:30,04-11-2021 08:45,0.9,None,80.8,0.8,327.1
04-11-2021 08:45,04-11-2021 09:00,1,None,77.5,0.9,331.6
04-11-2021 09:00,04-11-2021 09:15,1,None,73.9,0.7,334
04-11-2021 09:15,04-11-2021 09:30,1.1,None,71,0.9,320.5
04-11-2021 09:30,04-11-2021 09:45,1.1,None,67,1,316.6
04-11-2021 09:45,04-11-2021 10:00,1.1,None,64.3,0.9,298.8
04-11-2021 10:00,04-11-2021 10:15,1,None,61.5,0.9,323.6
04-11-2021 10:15,04-11-2021 10:30,1,None,59.4,0.9,317.3
04-11-2021 10:30,04-11-2021 10:45,0.9,None,58,1,330.6
04-11-2021 10:45,04-11-2021 11:00,1,None,56,0.9,324.8
04-11-2021 11:00,04-11-2021 11:15,1,None,53.9,0.7,339.5
04-11-2021 11:15,04-11-2021 11:30,1.1,None,53.4,0.5,333.8
04-11-2021 11:30,04-11-2021 11:45,0.9,None,51.9,0.4,281.5
04-11-2021 11:45,04-11-2021 12:00,1,None,49.2,0.6,269
04-11-2021 12:00,04-11-2021 12:15,1,None,48.6,0.4,276.9
04-11-2021 12:15,04-11-2021 12:30,0.8,None,48.6,0.6,306.5
04-11-2021 12:30,04-11-2021 12:45,0.7,None,49.6,0.9,351
04-11-2021 12:45,04-11-2021 13:00,0.8,None,50.4,1,355.6
04-11-2021 13:00,04-11-2021 13:15,0.7,None,49.5,1.1,357.9
04-11-2021 13:15,04-11-2021 13:30,0.8,None,48.8,1.2,358.4
04-11-2021 13:30,04-11-2021 13:45,0.8,None,49.4,0.9,359.3
04-11-2021 13:45,04-11-2021 14:00,0.8,None,49.4,0.9,357.3
04-11-2021 14:00,04-11-2021 14:15,0.8,None,49.6,1.1,3.2
04-11-2021 14:15,04-11-2021 14:30,0.8,None,49.2,1,2.4
04-11-2021 14:30,04-11-2021 14:45,0.7,None,49.9,1,3.5
04-11-2021 14:45,04-11-2021 15:00,0.8,None,49.3,1,9.5
04-11-2021 15:00,04-11-2021 15:15,0.7,None,49.7,0.8,4.4
04-11-2021 15:15,04-11-2021 15:30,0.8,None,50,0.8,358.4
04-11-2021 15:30,04-11-2021 15:45,0.7,None,51,0.9,358.2
04-11-2021 15:45,04-11-2021 16:00,0.8,None,51,0.7,2.6
04-11-2021 16:00,04-11-2021 16:15,0.9,None,50.4,1.2,354.2
04-11-2021 16:15,04-11-2021 16:30,0.8,None,52.5,1.2,353.8
04-11-2021 16:30,04-11-2021 16:45,0.9,None,53.8,1,352.1
04-11-2021 16:45,04-11-2021 17:00,0.7,None,55.9,0.9,347.4
04-11-2021 17:00,04-11-2021 17:15,0.8,None,58.9,0.7,339.7
04-11-2021 17:15,04-11-2021 17:30,0.7,None,62.4,0.8,338.2
04-11-2021 17:30,04-11-2021 17:45,0.9,None,65.1,0.6,339.9
04-11-2021 17:45,04-11-2021 18:00,0.8,None,67.5,0.7,353.2
04-11-2021 18:00,04-11-2021 18:15,1,None,69.7,0.7,5.8
04-11-2021 18:15,04-11-2021 18:30,0.9,None,71.8,0.7,6.2
04-11-2021 18:30,04-11-2021 18:45,0.9,None,72.9,0.6,7
04-11-2021 18:45,04-11-2021 19:00,0.9,None,73.2,0.8,356.1
04-11-2021 19:00,04-11-2021 19:15,1,None,73.4,0.7,356.6
04-11-2021 19:15,04-11-2021 19:30,1.2,None,74.7,0.5,341.2
04-11-2021 19:30,04-11-2021 19:45,1.2,None,76.6,0.7,343.4
04-11-2021 19:45,04-11-2021 20:00,1.3,None,76.2,0.7,348.5
04-11-2021 20:00,04-11-2021 20:15,1.2,None,75.8,1.1,344.7
04-11-2021 20:15,04-11-2021 20:30,1.2,None,74.5,0.9,339.3
04-11-2021 20:30,04-11-2021 20:45,1.3,None,76,0.5,158.4
04-11-2021 20:45,04-11-2021 21:00,1.2,None,79.1,0.9,164.2
04-11-2021 21:00,04-11-2021 21:15,1.1,None,81,0.4,162.8
04-11-2021 21:15,04-11-2021 21:30,1.2,None,81.7,0.3,197.1
04-11-2021 21:30,04-11-2021 21:45,1.3,None,82,0.5,206.7
04-11-2021 21:45,04-11-2021 22:00,1.2,None,81.4,0.4,173.5
04-11-2021 22:00,04-11-2021 22:15,1.3,None,81.9,0.3,186.7
04-11-2021 22:15,04-11-2021 22:30,1.3,None,82.1,0.3,277.3
04-11-2021 22:30,04-11-2021 22:45,1.3,None,82.1,0.2,82.8
04-11-2021 22:45,04-11-2021 23:00,1.3,None,82,0.4,177
04-11-2021 23:00,04-11-2021 23:15,1.2,None,82.4,0.4,167.2
04-11-2021 23:15,04-11-2021 23:30,1.2,None,83.4,0.4,172
04-11-2021 23:30,04-11-2021 23:45,1.4,None,86.2,0.6,153.8
04-11-2021 23:45,05-11-2021 00:00,1.3,None,86.8,0.6,174.1
05-11-2021 00:00,05-11-2021 00:15,1.4,None,86.8,0.5,270.9
05-11-2021 00:15,05-11-2021 00:30,1.3,None,86.8,0.5,323.3
05-11-2021 00:30,05-11-2021 00:45,1.3,None,86.9,1,338.8
05-11-2021 00:45,05-11-2021 01:00,1.3,None,86.9,1.2,343.9
05-11-2021 01:00,05-11-2021 01:15,1.2,None,86.9,0.8,290.4
05-11-2021 01:15,05-11-2021 01:30,1.3,None,86.4,0.6,181.2
05-11-2021 01:30,05-11-2021 01:45,1.4,None,87.1,0.5,356.1
05-11-2021 01:45,05-11-2021 02:00,1.2,None,87,1.1,359.3
05-11-2021 02:00,05-11-2021 02:15,1.3,None,87.1,1.1,348.6
05-11-2021 02:15,05-11-2021 02:30,1.4,None,87.1,1,350.5
05-11-2021 02:30,05-11-2021 02:45,1.3,None,86.6,0.7,341.2
05-11-2021 02:45,05-11-2021 03:00,1.4,None,86.7,0.4,255.5
05-11-2021 03:00,05-11-2021 03:15,1.3,None,87.2,0.4,184.3
05-11-2021 03:15,05-11-2021 03:30,1.2,None,87.7,0.4,200.8
05-11-2021 03:30,05-11-2021 03:45,1.2,None,87.9,0.4,193.4
05-11-2021 03:45,05-11-2021 04:00,1.3,None,87.9,0.8,169.8
05-11-2021 04:00,05-11-2021 04:15,1.3,None,88,0.5,175.7
05-11-2021 04:15,05-11-2021 04:30,1.2,None,88.1,0.3,227.3
05-11-2021 04:30,05-11-2021 04:45,1.2,None,88.2,0.4,326
05-11-2021 04:45,05-11-2021 05:00,1.2,None,88.1,0.5,329.2
05-11-2021 05:00,05-11-2021 05:15,1.2,None,88.3,0.5,269.2
05-11-2021 05:15,05-11-2021 05:30,1.2,None,88.8,0.5,213.5
05-11-2021 05:30,05-11-2021 05:45,1.2,None,88.9,0.4,219.3
05-11-2021 05:45,05-11-2021 06:00,1.1,None,88.1,0.2,251.5
05-11-2021 06:00,05-11-2021 06:15,1,None,88,0.3,193.4
05-11-2021 06:15,05-11-2021 06:30,1.1,None,87.5,0.3,183.6
05-11-2021 06:30,05-11-2021 06:45,1,None,87.3,0.3,188
05-11-2021 06:45,05-11-2021 07:00,1.1,None,87,0.3,196.7
05-11-2021 07:00,05-11-2021 07:15,1.1,None,87.3,0.4,194.9
05-11-2021 07:15,05-11-2021 07:30,1.1,None,87,0.4,215.5
05-11-2021 07:30,05-11-2021 07:45,1.2,None,86.9,0.7,230.2
05-11-2021 07:45,05-11-2021 08:00,1.2,None,87.3,0.6,273.3
05-11-2021 08:00,05-11-2021 08:15,1.1,None,87.7,0.5,269.1
05-11-2021 08:15,05-11-2021 08:30,1.1,None,88.3,0.6,255.5
05-11-2021 08:30,05-11-2021 08:45,1.1,None,88.2,0.6,259.1
05-11-2021 08:45,05-11-2021 09:00,1.1,None,85.2,0.5,310.8
05-11-2021 09:00,05-11-2021 09:15,1.1,None,78.5,0.6,301.9
05-11-2021 09:15,05-11-2021 09:30,1,None,72.6,0.6,256.2
05-11-2021 09:30,05-11-2021 09:45,1,None,69.2,0.4,280.4
05-11-2021 09:45,05-11-2021 10:00,1,None,64.9,0.6,267.1
05-11-2021 10:00,05-11-2021 10:15,1,None,62.4,0.5,241.9
05-11-2021 10:15,05-11-2021 10:30,0.8,None,60.4,0.5,323.1
05-11-2021 10:30,05-11-2021 10:45,0.7,None,61,0.5,330.3
05-11-2021 10:45,05-11-2021 11:00,0.8,None,60.9,0.6,320.3
05-11-2021 11:00,05-11-2021 11:15,0.7,None,56.5,0.6,319.4
05-11-2021 11:15,05-11-2021 11:30,0.7,None,57.1,0.8,320.4
05-11-2021 11:30,05-11-2021 11:45,0.7,None,54.9,0.5,298.7
05-11-2021 11:45,05-11-2021 12:00,0.7,None,54.8,0.6,287.3
05-11-2021 12:00,05-11-2021 12:15,0.7,None,53.5,0.8,312
05-11-2021 12:15,05-11-2021 12:30,0.6,None,52.6,0.7,325.7
05-11-2021 12:30,05-11-2021 12:45,0.6,None,52.5,0.9,317.6
05-11-2021 12:45,05-11-2021 13:00,0.5,None,51.9,0.9,305.4
05-11-2021 13:00,05-11-2021 13:15,0.5,None,50.8,0.8,320
05-11-2021 13:15,05-11-2021 13:30,0.5,None,51.2,1,313.9
05-11-2021 13:30,05-11-2021 13:45,0.5,None,50.3,0.5,311.8
05-11-2021 13:45,05-11-2021 14:00,0.4,None,50,0.8,305.6
05-11-2021 14:00,05-11-2021 14:15,0.4,None,52.3,0.5,263.5
05-11-2021 14:15,05-11-2021 14:30,0.4,None,49.6,0.2,262.7
05-11-2021 14:30,05-11-2021 14:45,0.5,None,48.5,0.5,251.4
05-11-2021 14:45,05-11-2021 15:00,0.5,None,49.4,0.6,273.3
05-11-2021 15:00,05-11-2021 15:15,0.4,None,50.1,0.6,313.7
05-11-2021 15:15,05-11-2021 15:30,0.5,None,51.1,0.8,323
05-11-2021 15:30,05-11-2021 15:45,0.5,None,53.4,0.9,313.2
05-11-2021 15:45,05-11-2021 16:00,0.5,None,58.8,0.5,300.8
05-11-2021 16:00,05-11-2021 16:15,0.6,None,57.5,0.6,336
05-11-2021 16:15,05-11-2021 16:30,0.5,None,57.9,0.9,3.3
05-11-2021 16:30,05-11-2021 16:45,0.6,None,56.3,0.6,354.3
05-11-2021 16:45,05-11-2021 17:00,0.5,None,59.3,0.6,355.1
05-11-2021 17:00,05-11-2021 17:15,0.6,None,60.8,0.6,344.6
05-11-2021 17:15,05-11-2021 17:30,0.5,None,69.2,0.7,340.4
05-11-2021 17:30,05-11-2021 17:45,0.4,None,72.7,0.5,353
05-11-2021 17:45,05-11-2021 18:00,0.5,None,74.5,0.5,348
05-11-2021 18:00,05-11-2021 18:15,0.6,None,77.9,0.4,233.3
05-11-2021 18:15,05-11-2021 18:30,0.6,None,80.3,0.5,305.1
05-11-2021 18:30,05-11-2021 18:45,0.7,None,81.2,0.8,344.7
05-11-2021 18:45,05-11-2021 19:00,0.7,None,81.8,0.6,341.8
05-11-2021 19:00,05-11-2021 19:15,0.8,None,83.2,0.1,299.7
05-11-2021 19:15,05-11-2021 19:30,1.8,None,85.3,0.4,350
05-11-2021 19:30,05-11-2021 19:45,1,None,85.6,0.3,342
05-11-2021 19:45,05-11-2021 20:00,0.8,None,82.3,0.6,197.9
05-11-2021 20:00,05-11-2021 20:15,0.7,None,82.6,0.6,203.8
05-11-2021 20:15,05-11-2021 20:30,0.8,None,82.9,0.6,182.9
05-11-2021 20:30,05-11-2021 20:45,0.8,None,83.7,0.9,164.1
05-11-2021 20:45,05-11-2021 21:00,0.8,None,83.8,0.7,164.2
05-11-2021 21:00,05-11-2021 21:15,0.9,None,84.7,0.5,180.6
05-11-2021 21:15,05-11-2021 21:30,1.2,None,85.3,0.4,219.9
05-11-2021 21:30,05-11-2021 21:45,1,None,87.3,0.6,207
05-11-2021 21:45,05-11-2021 22:00,0.9,None,88.2,0.7,206.4
05-11-2021 22:00,05-11-2021 22:15,1.1,None,88.4,0.8,270
05-11-2021 22:15,05-11-2021 22:30,1.2,None,88.6,0.6,324.2
05-11-2021 22:30,05-11-2021 22:45,1.1,None,88.2,0.7,305.9
05-11-2021 22:45,05-11-2021 23:00,1.2,None,87.7,0.7,213.5
05-11-2021 23:00,05-11-2021 23:15,1.2,None,87.6,0.9,259.8
05-11-2021 23:15,05-11-2021 23:30,1.1,None,87.9,0.8,290.8
05-11-2021 23:30,05-11-2021 23:45,1.4,None,88.1,0.8,314.4
05-11-2021 23:45,06-11-2021 00:00,1.2,None,88.2,0.9,302.2
06-11-2021 00:00,06-11-2021 00:15,1.2,None,87.3,0.9,284.4
06-11-2021 00:15,06-11-2021 00:30,1.1,None,86.7,0.7,220.7
06-11-2021 00:30,06-11-2021 00:45,1.1,None,85.1,0.7,211.1
06-11-2021 00:45,06-11-2021 01:00,1.1,None,84.2,0.8,214.3
06-11-2021 01:00,06-11-2021 01:15,1.1,None,83.8,0.5,239.6
06-11-2021 01:15,06-11-2021 01:30,1.2,None,83,0.7,208.8
06-11-2021 01:30,06-11-2021 01:45,1.1,None,82.1,0.7,214.8
06-11-2021 01:45,06-11-2021 02:00,1.1,None,83.9,0.8,231.6
06-11-2021 02:00,06-11-2021 02:15,1,None,83.9,0.6,248.3
06-11-2021 02:15,06-11-2021 02:30,1,None,86.2,0.7,281.3
06-11-2021 02:30,06-11-2021 02:45,0.9,None,84.7,0.7,317.5
06-11-2021 02:45,06-11-2021 03:00,0.8,None,86.1,0.6,262.7
06-11-2021 03:00,06-11-2021 03:15,0.9,None,83.9,0.7,204.2
06-11-2021 03:15,06-11-2021 03:30,0.7,None,84.9,0.6,225.2
06-11-2021 03:30,06-11-2021 03:45,0.7,None,87.2,0.6,194
06-11-2021 03:45,06-11-2021 04:00,0.8,None,87.6,0.6,199.3
06-11-2021 04:00,06-11-2021 04:15,0.7,None,88.5,0.8,208.5
06-11-2021 04:15,06-11-2021 04:30,0.8,None,84.8,0.8,214.9
06-11-2021 04:30,06-11-2021 04:45,0.7,None,82.4,0.8,262.8
06-11-2021 04:45,06-11-2021 05:00,0.8,None,82.2,0.8,294.3
06-11-2021 05:00,06-11-2021 05:15,0.7,None,81.3,1,314.1
06-11-2021 05:15,06-11-2021 05:30,0.6,None,80,1,298.6
06-11-2021 05:30,06-11-2021 05:45,0.7,None,80.3,0.9,286.8
06-11-2021 05:45,06-11-2021 06:00,0.7,None,80.1,0.9,298.8
06-11-2021 06:00,06-11-2021 06:15,0.7,None,80.6,0.9,280.2
06-11-2021 06:15,06-11-2021 06:30,0.6,None,80.3,0.9,294.3
06-11-2021 06:30,06-11-2021 06:45,0.7,None,79.9,0.9,267.9
06-11-2021 06:45,06-11-2021 07:00,0.7,None,79.6,0.9,263.5
06-11-2021 07:00,06-11-2021 07:15,0.7,None,79.5,0.8,251.2
06-11-2021 07:15,06-11-2021 07:30,0.6,None,79.6,0.6,213.3
06-11-2021 07:30,06-11-2021 07:45,0.6,None,80.5,0.6,239.4
06-11-2021 07:45,06-11-2021 08:00,0.7,None,80.1,0.5,239
06-11-2021 08:00,06-11-2021 08:15,0.7,None,77.6,0.6,283.4
06-11-2021 08:15,06-11-2021 08:30,0.7,None,71.9,0.8,286.4
06-11-2021 08:30,06-11-2021 08:45,0.7,None,68.4,0.8,281.1
06-11-2021 08:45,06-11-2021 09:00,0.6,None,66.5,0.7,300.6
06-11-2021 09:00,06-11-2021 09:15,0.7,None,63.6,0.8,304.5
06-11-2021 09:15,06-11-2021 09:30,0.7,None,59.9,0.5,289.2
06-11-2021 09:30,06-11-2021 09:45,0.7,None,56.9,0.7,284.5
06-11-2021 09:45,06-11-2021 10:00,0.7,None,54.4,0.7,271
06-11-2021 10:00,06-11-2021 10:15,0.6,None,53.3,0.6,281.1
06-11-2021 10:15,06-11-2021 10:30,0.7,None,50.4,0.9,302.1
06-11-2021 10:30,06-11-2021 10:45,0.6,None,49.2,0.7,298.1
06-11-2021 10:45,06-11-2021 11:00,0.6,None,47.8,0.7,291.8
06-11-2021 11:00,06-11-2021 11:15,0.5,None,46.6,1,314.9
06-11-2021 11:15,06-11-2021 11:30,0.6,None,45.1,1.2,322
06-11-2021 11:30,06-11-2021 11:45,0.6,None,45,0.9,309
06-11-2021 11:45,06-11-2021 12:00,0.5,None,43.7,1.4,321.1
06-11-2021 12:00,06-11-2021 12:15,0.5,None,43.3,1.4,310.9
06-11-2021 12:15,06-11-2021 12:30,0.5,None,43.2,1,300.6
06-11-2021 12:30,06-11-2021 12:45,0.4,None,42.7,1.3,318.3
06-11-2021 12:45,06-11-2021 13:00,0.4,None,42.3,1.5,324.1
06-11-2021 13:00,06-11-2021 13:15,0.5,None,42.5,1.4,323.3
06-11-2021 13:15,06-11-2021 13:30,0.6,None,43.3,1.3,316.9
06-11-2021 13:30,06-11-2021 13:45,0.5,None,43.3,1.2,325.5
06-11-2021 13:45,06-11-2021 14:00,0.5,None,43.1,1.2,338.3
06-11-2021 14:00,06-11-2021 14:15,0.5,None,43.4,1.6,346.6
06-11-2021 14:15,06-11-2021 14:30,0.5,None,43.6,1.8,349.8
06-11-2021 14:30,06-11-2021 14:45,0.5,None,44.1,1.3,343.7
06-11-2021 14:45,06-11-2021 15:00,0.6,None,43.8,1.4,340.8
06-11-2021 15:00,06-11-2021 15:15,0.5,None,44.3,1.3,343.6
06-11-2021 15:15,06-11-2021 15:30,0.5,None,47,1.2,327.1
06-11-2021 15:30,06-11-2021 15:45,0.5,None,49.6,0.9,324.5
06-11-2021 15:45,06-11-2021 16:00,0.6,None,50.5,1,331.1
06-11-2021 16:00,06-11-2021 16:15,0.6,None,50.1,1.1,343.5
06-11-2021 16:15,06-11-2021 16:30,0.7,None,48.8,1.4,347.7
06-11-2021 16:30,06-11-2021 16:45,0.6,None,48.1,1.5,348.2
06-11-2021 16:45,06-11-2021 17:00,0.5,None,48.3,1.4,348.5
06-11-2021 17:00,06-11-2021 17:15,0.6,None,49.2,1.3,350.9
06-11-2021 17:15,06-11-2021 17:30,0.5,None,51.4,0.6,320
06-11-2021 17:30,06-11-2021 17:45,0.5,None,54.3,0.7,215.1
06-11-2021 17:45,06-11-2021 18:00,0.5,None,57.9,0.7,203.6
06-11-2021 18:00,06-11-2021 18:15,0.8,None,60.2,0.1,313
06-11-2021 18:15,06-11-2021 18:30,0.6,None,61.3,0.7,344.4
06-11-2021 18:30,06-11-2021 18:45,0.7,None,63,0.5,328.6
06-11-2021 18:45,06-11-2021 19:00,0.6,None,65.3,0.4,204.5
06-11-2021 19:00,06-11-2021 19:15,0.9,None,67.2,0.6,206.1
06-11-2021 19:15,06-11-2021 19:30,0.8,None,68.3,0.3,333.3
06-11-2021 19:30,06-11-2021 19:45,0.8,None,69.8,0.4,330.5
06-11-2021 19:45,06-11-2021 20:00,0.9,None,70.7,0.4,331.7
06-11-2021 20:00,06-11-2021 20:15,0.8,None,71.7,0.4,205.5
06-11-2021 20:15,06-11-2021 20:30,1.1,None,74.1,0.6,202.8
06-11-2021 20:30,06-11-2021 20:45,1,None,75.7,0.6,210.2
06-11-2021 20:45,06-11-2021 21:00,0.9,None,77.5,0.6,210.2
06-11-2021 21:00,06-11-2021 21:15,0.9,None,78.2,0.4,271.8
06-11-2021 21:15,06-11-2021 21:30,1,None,77.8,0.6,316
06-11-2021 21:30,06-11-2021 21:45,1,None,77.8,0.7,277.9
06-11-2021 21:45,06-11-2021 22:00,1,None,79.2,0.7,209.5
06-11-2021 22:00,06-11-2021 22:15,0.9,None,79.5,0.7,212
06-11-2021 22:15,06-11-2021 22:30,1.1,None,79.1,0.7,211.6
06-11-2021 22:30,06-11-2021 22:45,1,None,79.5,0.6,203.5
06-11-2021 22:45,06-11-2021 23:00,1.1,None,80.5,0.7,270.8
06-11-2021 23:00,06-11-2021 23:15,1.1,None,79.2,0.8,333.4
06-11-2021 23:15,06-11-2021 23:30,1.1,None,76.5,0.8,320.5
06-11-2021 23:30,06-11-2021 23:45,1,None,74.6,1,337.2
06-11-2021 23:45,07-11-2021 00:00,0.9,None,73,1.3,344.4
07-11-2021 00:00,07-11-2021 00:15,0.9,None,72.8,1.1,337.5
07-11-2021 00:15,07-11-2021 00:30,0.8,None,73.2,0.9,337.7
07-11-2021 00:30,07-11-2021 00:45,0.8,None,73.8,0.6,306.7
07-11-2021 00:45,07-11-2021 01:00,0.8,None,75.1,0.5,218.7
07-11-2021 01:00,07-11-2021 01:15,0.7,None,76.9,0.7,267.9
07-11-2021 01:15,07-11-2021 01:30,0.9,None,77.5,0.6,272.4
07-11-2021 01:30,07-11-2021 01:45,0.7,None,77.4,0.8,308.1
07-11-2021 01:45,07-11-2021 02:00,0.7,None,76.2,0.8,305.4
07-11-2021 02:00,07-11-2021 02:15,0.8,None,74.4,0.7,319.5
07-11-2021 02:15,07-11-2021 02:30,0.6,None,74.4,0.7,325.5
07-11-2021 02:30,07-11-2021 02:45,0.5,None,76.5,0.6,221
07-11-2021 02:45,07-11-2021 03:00,0.6,None,77,0.7,220.2
07-11-2021 03:00,07-11-2021 03:15,0.5,None,76.7,0.7,206.4
07-11-2021 03:15,07-11-2021 03:30,0.5,None,76.7,0.7,234.4
07-11-2021 03:30,07-11-2021 03:45,0.5,None,77.8,0.6,238.6
07-11-2021 03:45,07-11-2021 04:00,0.6,None,79.9,0.6,239.1
07-11-2021 04:00,07-11-2021 04:15,0.5,None,80.3,0.7,313.8
07-11-2021 04:15,07-11-2021 04:30,0.5,None,77.6,0.9,331
07-11-2021 04:30,07-11-2021 04:45,0.6,None,78,0.5,231.9
07-11-2021 04:45,07-11-2021 05:00,0.5,None,79.2,0.7,215.6
07-11-2021 05:00,07-11-2021 05:15,0.5,None,79.8,0.7,212.5
07-11-2021 05:15,07-11-2021 05:30,0.6,None,79.2,0.6,228.1
07-11-2021 05:30,07-11-2021 05:45,0.6,None,79.8,0.8,253.7
07-11-2021 05:45,07-11-2021 06:00,0.6,None,79.9,0.9,265.4
07-11-2021 06:00,07-11-2021 06:15,0.7,None,80.9,0.6,207.2
07-11-2021 06:15,07-11-2021 06:30,0.7,None,81,0.7,217.5
07-11-2021 06:30,07-11-2021 06:45,0.6,None,81.2,0.7,228.8
07-11-2021 06:45,07-11-2021 07:00,0.7,None,81.6,0.5,312.8
07-11-2021 07:00,07-11-2021 07:15,0.7,None,81.3,0.7,306.9
07-11-2021 07:15,07-11-2021 07:30,0.6,None,80.9,0.7,244.7
07-11-2021 07:30,07-11-2021 07:45,0.6,None,78.6,0.6,223.5
07-11-2021 07:45,07-11-2021 08:00,0.5,None,76.9,0.7,214
07-11-2021 08:00,07-11-2021 08:15,0.6,None,75.6,0.7,240.3
07-11-2021 08:15,07-11-2021 08:30,0.6,None,73.3,0.7,259.5
07-11-2021 08:30,07-11-2021 08:45,0.5,None,71.3,0.6,244.6
07-11-2021 08:45,07-11-2021 09:00,0.5,None,68.2,0.6,282.6
07-11-2021 09:00,07-11-2021 09:15,0.5,None,64.5,0.9,268.3
07-11-2021 09:15,07-11-2021 09:30,0.6,None,63,0.8,259.9
07-11-2021 09:30,07-11-2021 09:45,0.6,None,61,0.7,258.3
07-11-2021 09:45,07-11-2021 10:00,0.6,None,59.1,0.6,257.8
07-11-2021 10:00,07-11-2021 10:15,0.7,None,56.4,0.7,251.6
07-11-2021 10:15,07-11-2021 10:30,0.6,None,55,0.7,257.7
07-11-2021 10:30,07-11-2021 10:45,0.7,None,51.7,0.5,276.4
07-11-2021 10:45,07-11-2021 11:00,0.7,None,49.9,0.7,262.2
07-11-2021 11:00,07-11-2021 11:15,0.7,None,48.5,0.6,269
07-11-2021 11:15,07-11-2021 11:30,0.7,None,47.7,0.6,311.7
07-11-2021 11:30,07-11-2021 11:45,0.6,None,47.3,0.9,320.9
07-11-2021 11:45,07-11-2021 12:00,0.7,None,45.7,0.8,340.4
07-11-2021 12:00,07-11-2021 12:15,0.7,None,44.9,1.3,354.5
07-11-2021 12:15,07-11-2021 12:30,0.7,None,45.1,1.3,353.5
07-11-2021 12:30,07-11-2021 12:45,0.7,None,44,1.4,352.8
07-11-2021 12:45,07-11-2021 13:00,0.7,None,43.2,1.5,348.2
07-11-2021 13:00,07-11-2021 13:15,0.6,None,41.2,2,346.8
07-11-2021 13:15,07-11-2021 13:30,0.5,None,40.8,2,349.9
07-11-2021 13:30,07-11-2021 13:45,0.5,None,41,1.8,351.2
07-11-2021 13:45,07-11-2021 14:00,0.4,None,41.4,1.3,342.9
07-11-2021 14:00,07-11-2021 14:15,0.6,None,41.6,1.2,350.8
07-11-2021 14:15,07-11-2021 14:30,0.5,None,41.1,1.5,346
07-11-2021 14:30,07-11-2021 14:45,0.5,None,40.6,1.5,345.7
07-11-2021 14:45,07-11-2021 15:00,0.5,None,40.1,1.6,351.9
07-11-2021 15:00,07-11-2021 15:15,0.3,None,41.1,1.3,346.6
07-11-2021 15:15,07-11-2021 15:30,0.3,None,40.7,1.6,349.5
07-11-2021 15:30,07-11-2021 15:45,0.3,None,41.7,1.3,349.1
07-11-2021 15:45,07-11-2021 16:00,0.2,None,42.2,1.5,349.5
07-11-2021 16:00,07-11-2021 16:15,0.2,None,43.4,1.4,350.6
07-11-2021 16:15,07-11-2021 16:30,0.2,None,45.9,1,346.2
07-11-2021 16:30,07-11-2021 16:45,0.2,None,50.3,0.6,330.2
07-11-2021 16:45,07-11-2021 17:00,0.4,None,53.8,0.7,327.6
07-11-2021 17:00,07-11-2021 17:15,0.2,None,56.4,0.7,330.1
07-11-2021 17:15,07-11-2021 17:30,0.3,None,58.4,0.7,325.2
07-11-2021 17:30,07-11-2021 17:45,0.3,None,59.5,0.8,327.1
07-11-2021 17:45,07-11-2021 18:00,0.3,None,60.9,0.6,316.7
07-11-2021 18:00,07-11-2021 18:15,0.4,None,63.2,0.8,331.7
07-11-2021 18:15,07-11-2021 18:30,0.6,None,64.9,0.9,344.2
07-11-2021 18:30,07-11-2021 18:45,0.6,None,66.1,0.9,341.7
07-11-2021 18:45,07-11-2021 19:00,0.8,None,66.9,0.8,340.3
07-11-2021 19:00,07-11-2021 19:15,0.8,None,67.4,0.9,347.7
07-11-2021 19:15,07-11-2021 19:30,0.7,None,67.8,1.2,351
07-11-2021 19:30,07-11-2021 19:45,0.7,None,68.5,1.2,349.8
07-11-2021 19:45,07-11-2021 20:00,0.6,None,69.1,1.3,348.2
07-11-2021 20:00,07-11-2021 20:15,0.7,None,68.3,1,348.1
07-11-2021 20:15,07-11-2021 20:30,0.6,None,68.3,0.4,324
07-11-2021 20:30,07-11-2021 20:45,0.8,None,68.9,0.5,337.4
07-11-2021 20:45,07-11-2021 21:00,0.8,None,69.9,0.9,346.6
07-11-2021 21:00,07-11-2021 21:15,0.7,None,71.6,1.1,346.4
07-11-2021 21:15,07-11-2021 21:30,0.7,None,71.3,0.6,340
07-11-2021 21:30,07-11-2021 21:45,0.7,None,75.4,0.5,183.4
07-11-2021 21:45,07-11-2021 22:00,0.8,None,78.4,0.6,195.2
07-11-2021 22:00,07-11-2021 22:15,0.7,None,79.9,0.6,192.6
07-11-2021 22:15,07-11-2021 22:30,0.7,None,79.9,0.7,196.4
07-11-2021 22:30,07-11-2021 22:45,0.8,None,81.2,0.6,194.4
07-11-2021 22:45,07-11-2021 23:00,0.9,None,82,0.5,194.3
07-11-2021 23:00,07-11-2021 23:15,0.9,None,82.2,0.5,200.8
07-11-2021 23:15,07-11-2021 23:30,0.8,None,82.7,0.6,201.4
07-11-2021 23:30,07-11-2021 23:45,0.9,None,82.8,0.6,200.2
07-11-2021 23:45,08-11-2021 00:00,0.9,None,83.1,0.7,202.2
08-11-2021 00:00,08-11-2021 00:15,0.8,None,82.6,0.6,200.7
08-11-2021 00:15,08-11-2021 00:30,1,None,82.6,0.7,198
08-11-2021 00:30,08-11-2021 00:45,0.9,None,83,0.8,197.7
08-11-2021 00:45,08-11-2021 01:00,0.9,None,83.2,0.7,261.1
08-11-2021 01:00,08-11-2021 01:15,1,None,81.6,0.7,322.4
08-11-2021 01:15,08-11-2021 01:30,1.1,None,80.3,0.7,332
08-11-2021 01:30,08-11-2021 01:45,1,None,80.5,0.5,319.2
08-11-2021 01:45,08-11-2021 02:00,0.9,None,81.3,0.3,253.7
08-11-2021 02:00,08-11-2021 02:15,0.9,None,82.4,0.4,211.1
08-11-2021 02:15,08-11-2021 02:30,0.9,None,82.7,0.5,200
08-11-2021 02:30,08-11-2021 02:45,0.9,None,83.2,0.5,202.4
08-11-2021 02:45,08-11-2021 03:00,0.8,None,83,0.6,203.9
08-11-2021 03:00,08-11-2021 03:15,0.9,None,83,0.6,210.7
08-11-2021 03:15,08-11-2021 03:30,0.9,None,83.1,0.5,189.3
08-11-2021 03:30,08-11-2021 03:45,0.9,None,82.9,0.5,245
08-11-2021 03:45,08-11-2021 04:00,0.9,None,83.2,0.5,227.3
08-11-2021 04:00,08-11-2021 04:15,0.9,None,83.8,0.7,212.5
08-11-2021 04:15,08-11-2021 04:30,0.9,None,83.3,0.7,207.2
08-11-2021 04:30,08-11-2021 04:45,0.9,None,82.8,0.7,213.6
08-11-2021 04:45,08-11-2021 05:00,0.8,None,82.9,0.6,260.3
08-11-2021 05:00,08-11-2021 05:15,0.8,None,83,0.6,301.8
08-11-2021 05:15,08-11-2021 05:30,0.8,None,82.7,0.6,314
08-11-2021 05:30,08-11-2021 05:45,0.8,None,82.1,0.6,301
08-11-2021 05:45,08-11-2021 06:00,0.7,None,82.2,0.7,231
08-11-2021 06:00,08-11-2021 06:15,0.7,None,82.2,0.8,244.2
08-11-2021 06:15,08-11-2021 06:30,0.7,None,82.3,0.6,222.8
08-11-2021 06:30,08-11-2021 06:45,0.7,None,83,0.7,203.2
08-11-2021 06:45,08-11-2021 07:00,0.7,None,83.2,0.6,227.2
08-11-2021 07:00,08-11-2021 07:15,0.8,None,83.1,0.7,263.4
08-11-2021 07:15,08-11-2021 07:30,0.7,None,84.4,0.8,274.9
08-11-2021 07:30,08-11-2021 07:45,0.7,None,82.1,0.6,303.7
08-11-2021 07:45,08-11-2021 08:00,0.7,None,80.7,0.8,306.5
08-11-2021 08:00,08-11-2021 08:15,0.9,None,78.7,0.5,299.3
08-11-2021 08:15,08-11-2021 08:30,0.7,None,77.1,0.6,310.8
08-11-2021 08:30,08-11-2021 08:45,0.7,None,75.3,0.6,304.7
08-11-2021 08:45,08-11-2021 09:00,0.7,None,71,0.8,325
08-11-2021 09:00,08-11-2021 09:15,0.8,None,66.1,0.9,330.4
08-11-2021 09:15,08-11-2021 09:30,0.9,None,63,0.6,326.3
08-11-2021 09:30,08-11-2021 09:45,0.8,None,59.8,0.5,284.7
08-11-2021 09:45,08-11-2021 10:00,0.8,None,56.6,0.6,306.7
08-11-2021 10:00,08-11-2021 10:15,0.9,None,53.7,0.5,293.2
08-11-2021 10:15,08-11-2021 10:30,0.9,None,52.3,0.5,290.4
08-11-2021 10:30,08-11-2021 10:45,1,None,50.7,0.7,324
08-11-2021 10:45,08-11-2021 11:00,0.9,None,49.8,0.7,303.9
08-11-2021 11:00,08-11-2021 11:15,0.8,None,46.8,1,321.8
08-11-2021 11:15,08-11-2021 11:30,0.7,None,45,1.1,333.6
08-11-2021 11:30,08-11-2021 11:45,0.7,None,45.5,1.4,344.8
08-11-2021 11:45,08-11-2021 12:00,0.6,None,45.6,1.7,347.9
08-11-2021 12:00,08-11-2021 12:15,0.6,None,46,1.6,350
08-11-2021 12:15,08-11-2021 12:30,0.6,None,46.5,1.1,349.1
08-11-2021 12:30,08-11-2021 12:45,0.7,None,43.8,1.7,348.4
08-11-2021 12:45,08-11-2021 13:00,0.5,None,42.6,1.7,347.8
08-11-2021 13:00,08-11-2021 13:15,0.5,None,42.4,1.9,346.5
08-11-2021 13:15,08-11-2021 13:30,0.4,None,41.6,1.6,351
08-11-2021 13:30,08-11-2021 13:45,0.4,None,41.8,1.5,344.5
08-11-2021 13:45,08-11-2021 14:00,0.5,None,40.8,1.5,343.9
08-11-2021 14:00,08-11-2021 14:15,0.4,None,41,1.7,337.1
08-11-2021 14:15,08-11-2021 14:30,0.3,None,40.5,1.7,340.6
08-11-2021 14:30,08-11-2021 14:45,0.4,None,39.9,1.6,330.5
08-11-2021 14:45,08-11-2021 15:00,0.3,None,39.9,1.5,329.9
08-11-2021 15:00,08-11-2021 15:15,0.3,None,39.7,1.5,335.2
08-11-2021 15:15,08-11-2021 15:30,0.3,None,40.5,1.6,344.3
08-11-2021 15:30,08-11-2021 15:45,0.2,None,42.5,1.4,340.9
08-11-2021 15:45,08-11-2021 16:00,0.2,None,44.8,1.1,329.3
08-11-2021 16:00,08-11-2021 16:15,0.2,None,46.8,0.9,334.1
08-11-2021 16:15,08-11-2021 16:30,0.3,None,48.7,0.9,327.1
08-11-2021 16:30,08-11-2021 16:45,0.2,None,50.2,0.9,328.9
08-11-2021 16:45,08-11-2021 17:00,0.3,None,52.2,0.7,319.2
08-11-2021 17:00,08-11-2021 17:15,0.2,None,54.2,0.9,312.1
08-11-2021 17:15,08-11-2021 17:30,0.3,None,55.9,1,323.2
08-11-2021 17:30,08-11-2021 17:45,0.3,None,56.9,1,327.2
08-11-2021 17:45,08-11-2021 18:00,0.3,None,60,0.9,281.8
08-11-2021 18:00,08-11-2021 18:15,0.4,None,63.2,0.8,267.9
08-11-2021 18:15,08-11-2021 18:30,0.7,None,64.6,0.7,262.8
08-11-2021 18:30,08-11-2021 18:45,0.7,None,65.6,1,254
08-11-2021 18:45,08-11-2021 19:00,0.9,None,66.1,0.8,263.6
08-11-2021 19:00,08-11-2021 19:15,1.5,None,67.3,0.8,248.7
08-11-2021 19:15,08-11-2021 19:30,0.8,None,67.4,0.9,245.3
08-11-2021 19:30,08-11-2021 19:45,0.9,None,67.2,0.7,256.2
08-11-2021 19:45,08-11-2021 20:00,0.9,None,67.7,0.8,241.4
08-11-2021 20:00,08-11-2021 20:15,0.7,None,68.8,0.8,237.5
08-11-2021 20:15,08-11-2021 20:30,0.9,None,70.1,0.5,278.4
08-11-2021 20:30,08-11-2021 20:45,0.9,None,70.9,0.5,279.5
08-11-2021 20:45,08-11-2021 21:00,1,None,71.9,0.8,280.9
08-11-2021 21:00,08-11-2021 21:15,0.9,None,71.3,0.9,302.5
08-11-2021 21:15,08-11-2021 21:30,1,None,72.2,0.9,302.1
08-11-2021 21:30,08-11-2021 21:45,0.8,None,72.3,0.9,291.6
08-11-2021 21:45,08-11-2021 22:00,0.6,None,70.1,0.8,267.3
08-11-2021 22:00,08-11-2021 22:15,0.7,None,71.2,0.8,265.5
08-11-2021 22:15,08-11-2021 22:30,0.9,None,70.7,0.8,268.6
08-11-2021 22:30,08-11-2021 22:45,0.9,None,71.6,0.8,251.4
08-11-2021 22:45,08-11-2021 23:00,0.7,None,71.6,0.9,257.1
08-11-2021 23:00,08-11-2021 23:15,0.7,None,71.7,0.6,273.5
08-11-2021 23:15,08-11-2021 23:30,0.7,None,71.1,0.6,288.9
08-11-2021 23:30,08-11-2021 23:45,0.6,None,71.2,0.7,260.7
08-11-2021 23:45,09-11-2021 00:00,0.7,None,72.4,0.6,285.8
09-11-2021 00:00,09-11-2021 00:15,0.7,None,72.2,0.5,267.9
09-11-2021 00:15,09-11-2021 00:30,0.6,None,72.2,0.4,282.5
09-11-2021 00:30,09-11-2021 00:45,0.6,None,74.4,0.5,231
09-11-2021 00:45,09-11-2021 01:00,0.7,None,77.8,0.9,242.1
09-11-2021 01:00,09-11-2021 01:15,0.7,None,77.5,0.8,272.6
09-11-2021 01:15,09-11-2021 01:30,0.7,None,78.2,0.8,272.9
09-11-2021 01:30,09-11-2021 01:45,0.7,None,78.4,0.8,247.3
09-11-2021 01:45,09-11-2021 02:00,0.7,None,78.3,0.7,235.7
09-11-2021 02:00,09-11-2021 02:15,0.7,None,78.9,0.6,234.4
09-11-2021 02:15,09-11-2021 02:30,0.7,None,80,0.8,235.3
09-11-2021 02:30,09-11-2021 02:45,0.8,None,80.3,1,238.6
09-11-2021 02:45,09-11-2021 03:00,0.7,None,80.6,1,242.5
09-11-2021 03:00,09-11-2021 03:15,0.7,None,81,0.8,253.6
09-11-2021 03:15,09-11-2021 03:30,0.7,None,81.3,0.9,255.7
09-11-2021 03:30,09-11-2021 03:45,0.7,None,82,0.8,247.3
09-11-2021 03:45,09-11-2021 04:00,0.7,None,81.5,1,247.5
09-11-2021 04:00,09-11-2021 04:15,0.7,None,81.6,1.1,245.4
09-11-2021 04:15,09-11-2021 04:30,0.7,None,80.1,1.2,242.4
09-11-2021 04:30,09-11-2021 04:45,0.6,None,79.5,1.1,245.8
09-11-2021 04:45,09-11-2021 05:00,0.8,None,79.6,1,254.7
09-11-2021 05:00,09-11-2021 05:15,0.7,None,80.5,1.1,276.7
09-11-2021 05:15,09-11-2021 05:30,0.7,None,80.5,0.9,299.9
09-11-2021 05:30,09-11-2021 05:45,0.7,None,78.2,1.1,319.1
09-11-2021 05:45,09-11-2021 06:00,0.6,None,76,1.4,339.5
09-11-2021 06:00,09-11-2021 06:15,0.6,None,73.6,1.4,343.6
09-11-2021 06:15,09-11-2021 06:30,0.5,None,71.8,1.5,343.5
09-11-2021 06:30,09-11-2021 06:45,0.6,None,71.7,1.2,336.2
09-11-2021 06:45,09-11-2021 07:00,0.6,None,74.1,1,333.2
09-11-2021 07:00,09-11-2021 07:15,0.5,None,76.3,0.9,338.4
09-11-2021 07:15,09-11-2021 07:30,0.6,None,77.2,0.4,20.6
09-11-2021 07:30,09-11-2021 07:45,0.6,None,76.8,0.9,357.3
09-11-2021 07:45,09-11-2021 08:00,0.7,None,75.4,0.2,333.7
09-11-2021 08:00,09-11-2021 08:15,0.6,None,73.5,0.2,191.4
09-11-2021 08:15,09-11-2021 08:30,0.6,None,69.4,0.5,253.2
09-11-2021 08:30,09-11-2021 08:45,0.6,None,66.8,0.3,259.8
09-11-2021 08:45,09-11-2021 09:00,0.6,None,65.4,0.7,242.9
09-11-2021 09:00,09-11-2021 09:15,0.7,None,62.4,0.9,335.5
09-11-2021 09:15,09-11-2021 09:30,0.6,None,59.4,0.6,321
09-11-2021 09:30,09-11-2021 09:45,0.7,None,55.8,0.7,343.7
09-11-2021 09:45,09-11-2021 10:00,0.6,None,55.5,0.9,342.6
09-11-2021 10:00,09-11-2021 10:15,0.6,None,53.9,0.9,357
09-11-2021 10:15,09-11-2021 10:30,0.7,None,53.4,0.9,353
09-11-2021 10:30,09-11-2021 10:45,1.2,None,52.9,0.8,347
09-11-2021 10:45,09-11-2021 11:00,1.3,None,50.5,1.5,345.4
09-11-2021 11:00,09-11-2021 11:15,1.5,None,49.5,1.2,353.7
09-11-2021 11:15,09-11-2021 11:30,1.7,None,48.4,1.7,352.3
09-11-2021 11:30,09-11-2021 11:45,1.9,None,47.7,2,349
09-11-2021 11:45,09-11-2021 12:00,1.5,None,47.5,1.2,356.4
09-11-2021 12:00,09-11-2021 12:15,1,None,45.1,1.6,347.1
09-11-2021 12:15,09-11-2021 12:30,0.9,None,44.4,1.8,346.6
09-11-2021 12:30,09-11-2021 12:45,0.8,None,44.1,2.1,353.4
09-11-2021 12:45,09-11-2021 13:00,0.7,None,43.7,1.5,354.3
09-11-2021 13:00,09-11-2021 13:15,0.6,None,43.3,1.7,356.4
09-11-2021 13:15,09-11-2021 13:30,0.7,None,42.2,2.2,7.8
09-11-2021 13:30,09-11-2021 13:45,0.6,None,43.4,1.4,7.4
09-11-2021 13:45,09-11-2021 14:00,0.8,None,43.8,1.4,357.7
09-11-2021 14:00,09-11-2021 14:15,1,None,43.8,1.5,3.9
09-11-2021 14:15,09-11-2021 14:30,1,None,43.6,1.2,4.1
09-11-2021 14:30,09-11-2021 14:45,1.4,None,43.2,1.4,360
09-11-2021 14:45,09-11-2021 15:00,1.1,None,43.3,1.6,355.2
09-11-2021 15:00,09-11-2021 15:15,0.7,None,42.9,1.6,0.1
09-11-2021 15:15,09-11-2021 15:30,0.5,None,43.1,1.4,4.4
09-11-2021 15:30,09-11-2021 15:45,0.5,None,44.2,1.1,357.8
09-11-2021 15:45,09-11-2021 16:00,0.5,None,45.6,1.2,356.8
09-11-2021 16:00,09-11-2021 16:15,0.4,None,46.2,1.2,352.9
09-11-2021 16:15,09-11-2021 16:30,0.5,None,48.4,1,337.4
09-11-2021 16:30,09-11-2021 16:45,0.3,None,52.3,0.6,326.8
09-11-2021 16:45,09-11-2021 17:00,0.3,None,55.8,0.7,308.5
09-11-2021 17:00,09-11-2021 17:15,0.3,None,59.9,0.8,312.3
09-11-2021 17:15,09-11-2021 17:30,0.2,None,60.8,1,307.9
09-11-2021 17:30,09-11-2021 17:45,0.4,None,61.9,0.9,311.1
09-11-2021 17:45,09-11-2021 18:00,0.3,None,62.8,0.9,322.5
09-11-2021 18:00,09-11-2021 18:15,0.4,None,62.7,0.8,299.7
09-11-2021 18:15,09-11-2021 18:30,0.4,None,63.3,0.6,282.9
09-11-2021 18:30,09-11-2021 18:45,0.6,None,63.6,0.6,295.6
09-11-2021 18:45,09-11-2021 19:00,0.6,None,64.5,0.6,270.3
09-11-2021 19:00,09-11-2021 19:15,0.5,None,65.8,0.8,294.1
09-11-2021 19:15,09-11-2021 19:30,0.5,None,65.6,0.7,265.5
09-11-2021 19:30,09-11-2021 19:45,0.4,None,66.4,0.6,278.4
09-11-2021 19:45,09-11-2021 20:00,0.5,None,67.7,0.7,241.7
09-11-2021 20:00,09-11-2021 20:15,0.5,None,69.7,0.7,231.3
09-11-2021 20:15,09-11-2021 20:30,0.6,None,71.6,0.6,233.1
09-11-2021 20:30,09-11-2021 20:45,0.5,None,74.2,0.7,233.7
09-11-2021 20:45,09-11-2021 21:00,0.6,None,76.2,0.9,237.3
09-11-2021 21:00,09-11-2021 21:15,0.7,None,76.8,0.9,242
09-11-2021 21:15,09-11-2021 21:30,0.8,None,77.5,0.3,230.2
09-11-2021 21:30,09-11-2021 21:45,0.8,None,76.3,0.8,236.6
09-11-2021 21:45,09-11-2021 22:00,1,None,77.9,0.9,244.5
09-11-2021 22:00,09-11-2021 22:15,0.9,None,78.3,1,255.5
09-11-2021 22:15,09-11-2021 22:30,0.8,None,78.9,1,269.7
09-11-2021 22:30,09-11-2021 22:45,1,None,79.5,0.9,269.8
09-11-2021 22:45,09-11-2021 23:00,1.1,None,78.7,0.6,249.9
09-11-2021 23:00,09-11-2021 23:15,1.1,None,79.1,0.6,274.1
09-11-2021 23:15,09-11-2021 23:30,1.2,None,80.7,1,273.2
09-11-2021 23:30,09-11-2021 23:45,1.2,None,81.1,0.9,263.6
09-11-2021 23:45,10-11-2021 00:00,1.1,None,81.2,0.7,296.6
10-11-2021 00:00,10-11-2021 00:15,1.3,None,80.4,0.8,324.7
10-11-2021 00:15,10-11-2021 00:30,1.3,None,79,0.8,309.2
10-11-2021 00:30,10-11-2021 00:45,1.1,None,78.8,0.8,287.2
10-11-2021 00:45,10-11-2021 01:00,1,None,80,0.8,288.3
10-11-2021 01:00,10-11-2021 01:15,1,None,81.5,0.9,282.5
10-11-2021 01:15,10-11-2021 01:30,1,None,81.2,0.8,320.9
10-11-2021 01:30,10-11-2021 01:45,1,None,80.2,0.8,320.4
10-11-2021 01:45,10-11-2021 02:00,1,None,79.7,0.9,305.9
10-11-2021 02:00,10-11-2021 02:15,1,None,80.4,0.8,292.3
10-11-2021 02:15,10-11-2021 02:30,1,None,81.5,0.7,287.3
10-11-2021 02:30,10-11-2021 02:45,0.9,None,82.4,0.6,260.4
10-11-2021 02:45,10-11-2021 03:00,1.1,None,83,0.8,260.7
10-11-2021 03:00,10-11-2021 03:15,1.1,None,84.5,0.6,297.3
10-11-2021 03:15,10-11-2021 03:30,1.2,None,84.3,0.7,334.5
10-11-2021 03:30,10-11-2021 03:45,1.3,None,84.1,0.8,306.6
10-11-2021 03:45,10-11-2021 04:00,1.3,None,83.9,0.8,295.6
10-11-2021 04:00,10-11-2021 04:15,1.3,None,84,0.9,311.1
10-11-2021 04:15,10-11-2021 04:30,1.2,None,83.6,0.8,310.1
10-11-2021 04:30,10-11-2021 04:45,1.2,None,83.6,0.7,312.8
10-11-2021 04:45,10-11-2021 05:00,1.1,None,83.9,0.7,278.3
10-11-2021 05:00,10-11-2021 05:15,1,None,84.3,0.7,247.8
10-11-2021 05:15,10-11-2021 05:30,1,None,85.8,0.3,262.4
10-11-2021 05:30,10-11-2021 05:45,1.1,None,87.4,0.5,263.7
10-11-2021 05:45,10-11-2021 06:00,1.1,None,88.5,0.6,232.1
10-11-2021 06:00,10-11-2021 06:15,1.1,None,88.9,0.5,209.9
10-11-2021 06:15,10-11-2021 06:30,1.2,None,88.7,0.5,178.2
10-11-2021 06:30,10-11-2021 06:45,1.2,None,88.8,0.4,176.2
10-11-2021 06:45,10-11-2021 07:00,1.3,None,88.9,0.6,236.9
10-11-2021 07:00,10-11-2021 07:15,1.3,None,89.1,0.3,223.4
10-11-2021 07:15,10-11-2021 07:30,1.3,None,89,0.7,251.7
10-11-2021 07:30,10-11-2021 07:45,1.4,None,88.9,0.8,239.6
10-11-2021 07:45,10-11-2021 08:00,1.4,None,88.7,0.9,251.6
10-11-2021 08:00,10-11-2021 08:15,1.6,None,85.2,0.6,245.4
10-11-2021 08:15,10-11-2021 08:30,1.6,None,82.5,0.5,243.4
10-11-2021 08:30,10-11-2021 08:45,1.7,None,77.5,0.7,252
10-11-2021 08:45,10-11-2021 09:00,1.8,None,73.5,0.7,286.3
10-11-2021 09:00,10-11-2021 09:15,1.7,None,69.7,0.6,277.6
10-11-2021 09:15,10-11-2021 09:30,1.5,None,66.3,0.6,281.3
10-11-2021 09:30,10-11-2021 09:45,1.3,None,62.7,0.4,267.5
10-11-2021 09:45,10-11-2021 10:00,1.2,None,59.5,0.5,296.3
10-11-2021 10:00,10-11-2021 10:15,1.2,None,56.3,0.6,276.4
10-11-2021 10:15,10-11-2021 10:30,1,None,54.2,0.6,278.6
10-11-2021 10:30,10-11-2021 10:45,0.8,None,52.1,0.9,274.6
10-11-2021 10:45,10-11-2021 11:00,0.9,None,50.9,0.7,288.2
10-11-2021 11:00,10-11-2021 11:15,0.8,None,48.9,0.8,272.1
10-11-2021 11:15,10-11-2021 11:30,0.8,None,48.5,0.8,269.5
10-11-2021 11:30,10-11-2021 11:45,0.8,None,47.3,0.8,260.1
10-11-2021 11:45,10-11-2021 12:00,0.8,None,46.7,0.6,266.1
10-11-2021 12:00,10-11-2021 12:15,0.8,None,47.4,0.6,277
10-11-2021 12:15,10-11-2021 12:30,0.7,None,46.5,0.9,263
10-11-2021 12:30,10-11-2021 12:45,0.7,None,44.6,0.7,260.9
10-11-2021 12:45,10-11-2021 13:00,0.6,None,43.9,0.6,272.9
10-11-2021 13:00,10-11-2021 13:15,0.5,None,44,0.5,322.2
10-11-2021 13:15,10-11-2021 13:30,0.5,None,43.3,0.7,350.3
10-11-2021 13:30,10-11-2021 13:45,0.5,None,43.3,0.6,340.7
10-11-2021 13:45,10-11-2021 14:00,0.5,None,43.8,1.2,327
10-11-2021 14:00,10-11-2021 14:15,0.4,None,45,1.3,319.7
10-11-2021 14:15,10-11-2021 14:30,0.4,None,46.9,0.9,300.7
10-11-2021 14:30,10-11-2021 14:45,0.3,None,47.4,0.8,272.7
10-11-2021 14:45,10-11-2021 15:00,0.4,None,47.7,0.7,278.4
10-11-2021 15:00,10-11-2021 15:15,0.4,None,49.2,0.7,263.1
10-11-2021 15:15,10-11-2021 15:30,0.5,None,50,1,259.4
10-11-2021 15:30,10-11-2021 15:45,0.4,None,51.2,1.2,260.8
10-11-2021 15:45,10-11-2021 16:00,0.5,None,52.9,0.9,264.6
10-11-2021 16:00,10-11-2021 16:15,0.4,None,55.1,0.7,272
10-11-2021 16:15,10-11-2021 16:30,0.4,None,57.9,0.6,277.6
10-11-2021 16:30,10-11-2021 16:45,0.4,None,60.6,0.7,303.3
10-11-2021 16:45,10-11-2021 17:00,0.5,None,60.7,0.8,310.6
10-11-2021 17:00,10-11-2021 17:15,0.5,None,62,0.9,325.5
10-11-2021 17:15,10-11-2021 17:30,0.6,None,62.6,1.1,337.5
10-11-2021 17:30,10-11-2021 17:45,0.7,None,63.8,1,337.6
10-11-2021 17:45,10-11-2021 18:00,0.6,None,65.7,1.1,341
10-11-2021 18:00,10-11-2021 18:15,0.6,None,67.1,0.9,338.2
10-11-2021 18:15,10-11-2021 18:30,0.6,None,69.2,0.9,342.7
10-11-2021 18:30,10-11-2021 18:45,0.5,None,72.7,0.5,337.3
10-11-2021 18:45,10-11-2021 19:00,0.5,None,75.7,0.3,290.3
10-11-2021 19:00,10-11-2021 19:15,0.6,None,76.7,0.3,308
10-11-2021 19:15,10-11-2021 19:30,0.7,None,78.1,0.5,342.2
10-11-2021 19:30,10-11-2021 19:45,0.7,None,79.3,0.6,339
10-11-2021 19:45,10-11-2021 20:00,0.7,None,80.8,0.4,335.2
10-11-2021 20:00,10-11-2021 20:15,0.8,None,82,0.4,239.2
10-11-2021 20:15,10-11-2021 20:30,0.8,None,83,0.4,195.7
10-11-2021 20:30,10-11-2021 20:45,0.8,None,83.5,0.4,208
10-11-2021 20:45,10-11-2021 21:00,0.6,None,83.2,0.5,213.5
10-11-2021 21:00,10-11-2021 21:15,1,None,83.3,0.5,216.7
10-11-2021 21:15,10-11-2021 21:30,0.9,None,82.6,0.8,233.3
10-11-2021 21:30,10-11-2021 21:45,0.9,None,83.6,0.3,203.4
10-11-2021 21:45,10-11-2021 22:00,1,None,84.5,0.4,216.4
10-11-2021 22:00,10-11-2021 22:15,1.1,None,84.2,0.5,222.5
10-11-2021 22:15,10-11-2021 22:30,0.8,None,84.2,0.3,205.7
10-11-2021 22:30,10-11-2021 22:45,1,None,84.5,0.4,222.9
10-11-2021 22:45,10-11-2021 23:00,1.2,None,84.3,0.9,243.5
10-11-2021 23:00,10-11-2021 23:15,1.2,None,83.6,0.7,246.9
10-11-2021 23:15,10-11-2021 23:30,1.3,None,83.5,0.7,241.7
10-11-2021 23:30,10-11-2021 23:45,1.5,None,83.9,0.4,244.1
10-11-2021 23:45,11-11-2021 00:00,1.6,None,84,0.8,249.4
11-11-2021 00:00,11-11-2021 00:15,1.6,None,84.3,0.8,254.6
11-11-2021 00:15,11-11-2021 00:30,1.5,None,84.4,0.7,279.7
11-11-2021 00:30,11-11-2021 00:45,1.7,None,84.2,0.9,261.3
11-11-2021 00:45,11-11-2021 01:00,1.6,None,84.6,1,263.7
11-11-2021 01:00,11-11-2021 01:15,1.5,None,85.6,0.8,291.8
11-11-2021 01:15,11-11-2021 01:30,1.5,None,85.3,0.6,312
11-11-2021 01:30,11-11-2021 01:45,1.7,None,85.8,0.5,72.7
11-11-2021 01:45,11-11-2021 02:00,2.1,None,85.6,0.5,83.7
11-11-2021 02:00,11-11-2021 02:15,2.1,None,84.8,0.2,73.1
11-11-2021 02:15,11-11-2021 02:30,2.6,None,85.4,0.4,49.7
11-11-2021 02:30,11-11-2021 02:45,3.4,None,87,0.6,47
11-11-2021 02:45,11-11-2021 03:00,3.5,None,88.8,0.3,340.6
11-11-2021 03:00,11-11-2021 03:15,3.7,None,88.6,0.2,333
11-11-2021 03:15,11-11-2021 03:30,3.6,None,88.8,0.6,245
11-11-2021 03:30,11-11-2021 03:45,3.4,None,88.9,0.9,249.2
11-11-2021 03:45,11-11-2021 04:00,3.5,None,88.9,0.8,243.1
11-11-2021 04:00,11-11-2021 04:15,4.2,None,88.9,0.8,250.8
11-11-2021 04:15,11-11-2021 04:30,5,None,88.9,0.4,248.5
11-11-2021 04:30,11-11-2021 04:45,5.2,None,88.8,0.2,192.3
11-11-2021 04:45,11-11-2021 05:00,5.3,None,88.7,0.3,194.7
11-11-2021 05:00,11-11-2021 05:15,5.1,None,88.7,0.2,207.9
11-11-2021 05:15,11-11-2021 05:30,4.5,None,88.6,0.3,184.2
11-11-2021 05:30,11-11-2021 05:45,4.9,None,88.5,0.3,229.2
11-11-2021 05:45,11-11-2021 06:00,4.9,None,88.4,0.7,239.8
11-11-2021 06:00,11-11-2021 06:15,4.8,None,88.5,0.5,229.4
11-11-2021 06:15,11-11-2021 06:30,4.9,None,88.4,0.3,189.9
11-11-2021 06:30,11-11-2021 06:45,5,None,88.3,0.3,158.3
11-11-2021 06:45,11-11-2021 07:00,5.5,None,88.3,0.2,35.9
11-11-2021 07:00,11-11-2021 07:15,5.3,None,88.5,0.2,209.7
11-11-2021 07:15,11-11-2021 07:30,5.3,None,88.3,0.5,248.3
11-11-2021 07:30,11-11-2021 07:45,4.9,None,88.3,1.2,262.7
11-11-2021 07:45,11-11-2021 08:00,5.3,None,88.6,0.9,265.6
11-11-2021 08:00,11-11-2021 08:15,5.4,None,88.7,0.8,253.8
11-11-2021 08:15,11-11-2021 08:30,6.5,None,86.1,0.7,257.7
11-11-2021 08:30,11-11-2021 08:45,7.2,None,82.2,0.6,260.2
11-11-2021 08:45,11-11-2021 09:00,7.1,None,78.9,0.6,253.9
11-11-2021 09:00,11-11-2021 09:15,6.7,None,75,0.6,267.1
11-11-2021 09:15,11-11-2021 09:30,6,None,70,0.7,259
11-11-2021 09:30,11-11-2021 09:45,5.1,None,66.6,0.9,290.3
11-11-2021 09:45,11-11-2021 10:00,4.1,None,63.2,0.4,289.8
11-11-2021 10:00,11-11-2021 10:15,3.3,None,60.6,0.7,280
11-11-2021 10:15,11-11-2021 10:30,3.1,None,58.4,0.6,278.3
11-11-2021 10:30,11-11-2021 10:45,2.4,None,56.2,0.7,265.7
11-11-2021 10:45,11-11-2021 11:00,1.9,None,54.6,0.7,275.9
11-11-2021 11:00,11-11-2021 11:15,1.6,None,53.2,0.4,293
11-11-2021 11:15,11-11-2021 11:30,1.5,None,52.6,0.4,315
11-11-2021 11:30,11-11-2021 11:45,1.3,None,52.4,0.4,326.7
11-11-2021 11:45,11-11-2021 12:00,1.2,None,50.8,0.6,314.3
11-11-2021 12:00,11-11-2021 12:15,1.2,None,49.5,0.5,290.9
11-11-2021 12:15,11-11-2021 12:30,1.1,None,50.5,0.4,266.4
11-11-2021 12:30,11-11-2021 12:45,0.8,None,49.4,0.4,283.5
11-11-2021 12:45,11-11-2021 13:00,0.9,None,49.7,0.5,257.8
11-11-2021 13:00,11-11-2021 13:15,0.9,None,50.6,0.4,272.9
11-11-2021 13:15,11-11-2021 13:30,0.8,None,49.7,0.3,335.1
11-11-2021 13:30,11-11-2021 13:45,0.7,None,50.4,0.4,322.2
11-11-2021 13:45,11-11-2021 14:00,0.7,None,50,0.5,359.1
11-11-2021 14:00,11-11-2021 14:15,0.7,None,52,0.5,32.2
11-11-2021 14:15,11-11-2021 14:30,0.7,None,54.7,0.5,20.1
11-11-2021 14:30,11-11-2021 14:45,0.8,None,56.4,0.7,38.5
11-11-2021 14:45,11-11-2021 15:00,0.8,None,56.7,0.8,35.2
11-11-2021 15:00,11-11-2021 15:15,1.1,None,58.2,0.6,48.8
11-11-2021 15:15,11-11-2021 15:30,1,None,59.4,0.4,71.6
11-11-2021 15:30,11-11-2021 15:45,0.9,None,62.5,0.9,33.2
11-11-2021 15:45,11-11-2021 16:00,1.1,None,64.5,0.8,20.7
11-11-2021 16:00,11-11-2021 16:15,1.1,None,66.5,0.4,350.7
11-11-2021 16:15,11-11-2021 16:30,1.2,None,69.5,0.3,230.1
11-11-2021 16:30,11-11-2021 16:45,1.2,None,72.2,0.6,243.4
11-11-2021 16:45,11-11-2021 17:00,1.3,None,75,0.3,248.4
11-11-2021 17:00,11-11-2021 17:15,1.1,None,76.5,0.5,341.7
11-11-2021 17:15,11-11-2021 17:30,1.1,None,78.8,0.2,17.6
11-11-2021 17:30,11-11-2021 17:45,1,None,80.3,0.3,267.3
11-11-2021 17:45,11-11-2021 18:00,1.1,None,82.7,0.6,235.7
11-11-2021 18:00,11-11-2021 18:15,1,None,83.5,0.9,244.6
11-11-2021 18:15,11-11-2021 18:30,0.9,None,84,0.6,249.2
11-11-2021 18:30,11-11-2021 18:45,1,None,86.9,0.7,233.7
11-11-2021 18:45,11-11-2021 19:00,0.9,None,88.5,0.4,216.6
11-11-2021 19:00,11-11-2021 19:15,0.9,None,88.8,0.3,208.8
11-11-2021 19:15,11-11-2021 19:30,0.9,None,88.8,0.3,170.9
11-11-2021 19:30,11-11-2021 19:45,1,None,88.8,0.3,182.2
11-11-2021 19:45,11-11-2021 20:00,1.2,None,89.1,0.3,229.8
11-11-2021 20:00,11-11-2021 20:15,1.4,None,89.1,0.7,242.6
11-11-2021 20:15,11-11-2021 20:30,1.7,None,89.1,0.7,238.4
11-11-2021 20:30,11-11-2021 20:45,1.7,None,89.1,0.3,206.9
11-11-2021 20:45,11-11-2021 21:00,1.6,None,89.1,0.2,213
11-11-2021 21:00,11-11-2021 21:15,1.6,None,89.1,0.3,192.2
11-11-2021 21:15,11-11-2021 21:30,1.7,None,89.2,0.2,191.7
11-11-2021 21:30,11-11-2021 21:45,1.6,None,89.1,0.3,192.3
11-11-2021 21:45,11-11-2021 22:00,1.7,None,89,0.2,199.4
11-11-2021 22:00,11-11-2021 22:15,1.6,None,89,0.1,13.4
11-11-2021 22:15,11-11-2021 22:30,1.5,None,88.9,0.5,37.1
11-11-2021 22:30,11-11-2021 22:45,1.4,None,89,0.6,350.6
11-11-2021 22:45,11-11-2021 23:00,1.3,None,89.1,0.1,205
11-11-2021 23:00,11-11-2021 23:15,1.3,None,88.6,0.5,120.9
11-11-2021 23:15,11-11-2021 23:30,1.3,None,88.3,0.7,86.1
11-11-2021 23:30,11-11-2021 23:45,1.3,None,88.4,0.4,65.2
11-11-2021 23:45,12-11-2021 00:00,1.5,None,88.3,1,66.7
12-11-2021 00:00,12-11-2021 00:15,1.3,None,88.6,0.6,67.6
12-11-2021 00:15,12-11-2021 00:30,1.7,None,88.5,0.7,51.3
12-11-2021 00:30,12-11-2021 00:45,1.5,None,88.4,1.5,333.9
12-11-2021 00:45,12-11-2021 01:00,1.5,None,88,0.9,332
12-11-2021 01:00,12-11-2021 01:15,1.4,None,88.4,0.7,330.2
12-11-2021 01:15,12-11-2021 01:30,1.6,None,88.6,0.7,325
12-11-2021 01:30,12-11-2021 01:45,1.6,None,88.4,0.6,324.6
12-11-2021 01:45,12-11-2021 02:00,1.7,None,88.6,0.6,230.1
12-11-2021 02:00,12-11-2021 02:15,1.7,None,88.3,0.4,226.4
12-11-2021 02:15,12-11-2021 02:30,1.5,None,88.1,0.6,238.3
12-11-2021 02:30,12-11-2021 02:45,1.6,None,88,0.7,266.3
12-11-2021 02:45,12-11-2021 03:00,1.5,None,87.8,0.6,277.9
12-11-2021 03:00,12-11-2021 03:15,1.5,None,88,0.6,266.4
12-11-2021 03:15,12-11-2021 03:30,1.4,None,88,0.4,263.3
12-11-2021 03:30,12-11-2021 03:45,1.4,None,88.2,0.3,206.7
12-11-2021 03:45,12-11-2021 04:00,1.3,None,88,0.5,257.7
12-11-2021 04:00,12-11-2021 04:15,1.4,None,88.1,0.3,220.1
12-11-2021 04:15,12-11-2021 04:30,1.4,None,87.9,0.6,250.2
12-11-2021 04:30,12-11-2021 04:45,1.4,None,87.6,0.8,253
12-11-2021 04:45,12-11-2021 05:00,1.4,None,87.6,0.7,272.6
12-11-2021 05:00,12-11-2021 05:15,1.3,None,87.6,0.7,267.6
12-11-2021 05:15,12-11-2021 05:30,1.5,None,87.6,0.5,267.1
12-11-2021 05:30,12-11-2021 05:45,1.4,None,87.4,0.4,237.9
12-11-2021 05:45,12-11-2021 06:00,1.5,None,87.5,0.8,254.7
12-11-2021 06:00,12-11-2021 06:15,1.5,None,87.3,0.9,262.3
12-11-2021 06:15,12-11-2021 06:30,1.7,None,87.4,0.6,220.5
12-11-2021 06:30,12-11-2021 06:45,1.6,None,87.4,0.7,245.7
12-11-2021 06:45,12-11-2021 07:00,1.7,None,87.5,1,267.9
12-11-2021 07:00,12-11-2021 07:15,1.7,None,87.6,1,265.8
12-11-2021 07:15,12-11-2021 07:30,1.9,None,87.3,0.9,256.5
12-11-2021 07:30,12-11-2021 07:45,1.8,None,87.3,0.9,264.6
12-11-2021 07:45,12-11-2021 08:00,1.8,None,87.4,0.8,247.4
12-11-2021 08:00,12-11-2021 08:15,1.9,None,88.1,0.8,239.5
12-11-2021 08:15,12-11-2021 08:30,1.9,None,88.5,0.7,259.8
12-11-2021 08:30,12-11-2021 08:45,2.1,None,89,0.7,276.3
12-11-2021 08:45,12-11-2021 09:00,2.1,None,89.1,0.6,280.1
12-11-2021 09:00,12-11-2021 09:15,2.1,None,88.2,0.7,292.3
12-11-2021 09:15,12-11-2021 09:30,2,None,82.4,0.7,292
12-11-2021 09:30,12-11-2021 09:45,1.9,None,78.8,0.8,271.3
12-11-2021 09:45,12-11-2021 10:00,1.8,None,74.4,0.8,274
12-11-2021 10:00,12-11-2021 10:15,1.7,None,70.4,0.8,276.7
12-11-2021 10:15,12-11-2021 10:30,1.6,None,67,0.8,267.4
12-11-2021 10:30,12-11-2021 10:45,1.5,None,64.3,1.1,265.5
12-11-2021 10:45,12-11-2021 11:00,1.5,None,62.1,1.1,269.8
12-11-2021 11:00,12-11-2021 11:15,1.5,None,59.4,0.6,319.1
12-11-2021 11:15,12-11-2021 11:30,1.3,None,57.6,0.8,315.6
12-11-2021 11:30,12-11-2021 11:45,1.2,None,56.5,0.6,302
12-11-2021 11:45,12-11-2021 12:00,1.1,None,55.8,0.6,325.8
12-11-2021 12:00,12-11-2021 12:15,1,None,55.6,0.5,314.9
12-11-2021 12:15,12-11-2021 12:30,1,None,54.8,0.6,314.3
12-11-2021 12:30,12-11-2021 12:45,1,None,53.3,0.5,322.5
12-11-2021 12:45,12-11-2021 13:00,0.9,None,53.6,0.8,354.8
12-11-2021 13:00,12-11-2021 13:15,0.9,None,52.4,1,352.5
12-11-2021 13:15,12-11-2021 13:30,0.9,None,50.8,0.9,319.6
12-11-2021 13:30,12-11-2021 13:45,0.9,None,49.9,0.5,307.6
12-11-2021 13:45,12-11-2021 14:00,0.7,None,50.5,0.8,320.7
12-11-2021 14:00,12-11-2021 14:15,0.7,None,49.8,0.7,323.2
12-11-2021 14:15,12-11-2021 14:30,0.7,None,50.2,0.6,307.5
12-11-2021 14:30,12-11-2021 14:45,0.6,None,49.8,0.6,350.4
12-11-2021 14:45,12-11-2021 15:00,0.6,None,50.1,0.9,335.4
12-11-2021 15:00,12-11-2021 15:15,0.6,None,51.7,0.7,340.4
12-11-2021 15:15,12-11-2021 15:30,0.5,None,52.5,0.7,325.7
12-11-2021 15:30,12-11-2021 15:45,0.6,None,53.8,0.6,312
12-11-2021 15:45,12-11-2021 16:00,0.5,None,57.2,0.4,281.5
12-11-2021 16:00,12-11-2021 16:15,0.5,None,60.4,0.6,273.1
12-11-2021 16:15,12-11-2021 16:30,0.5,None,63,0.6,300.9
12-11-2021 16:30,12-11-2021 16:45,0.6,None,64.7,0.7,317.2
12-11-2021 16:45,12-11-2021 17:00,0.6,None,66.4,0.8,310.7
12-11-2021 17:00,12-11-2021 17:15,0.6,None,67.3,0.9,320.4
12-11-2021 17:15,12-11-2021 17:30,0.6,None,67.4,0.6,281.3
12-11-2021 17:30,12-11-2021 17:45,0.8,None,70.5,0.5,280
12-11-2021 17:45,12-11-2021 18:00,0.9,None,73.2,0.6,252.8
12-11-2021 18:00,12-11-2021 18:15,0.8,None,77.5,0.6,230.4
12-11-2021 18:15,12-11-2021 18:30,0.7,None,79.9,0.5,257.9
12-11-2021 18:30,12-11-2021 18:45,0.8,None,79.8,0.2,262.8
12-11-2021 18:45,12-11-2021 19:00,0.8,None,78.7,0.2,228.3
12-11-2021 19:00,12-11-2021 19:15,0.7,None,81.1,0.4,224
12-11-2021 19:15,12-11-2021 19:30,0.6,None,82.5,0.6,213.8
12-11-2021 19:30,12-11-2021 19:45,0.8,None,83.3,0.6,184
12-11-2021 19:45,12-11-2021 20:00,0.9,None,83.6,0.5,180
12-11-2021 20:00,12-11-2021 20:15,1,None,84,0.5,211.5
12-11-2021 20:15,12-11-2021 20:30,1.1,None,84.3,0.6,235.4
12-11-2021 20:30,12-11-2021 20:45,1.3,None,85.8,0.5,221.4
12-11-2021 20:45,12-11-2021 21:00,1.1,None,87.9,0.5,239.7
12-11-2021 21:00,12-11-2021 21:15,1.4,None,88.4,0.7,241.4
12-11-2021 21:15,12-11-2021 21:30,1.2,None,88.6,0.8,244.3
12-11-2021 21:30,12-11-2021 21:45,1.3,None,89,1,257
12-11-2021 21:45,12-11-2021 22:00,1.2,None,88.8,0.9,263.8
12-11-2021 22:00,12-11-2021 22:15,1.4,None,88.9,0.7,278.9
12-11-2021 22:15,12-11-2021 22:30,1.4,None,88.3,0.7,298
12-11-2021 22:30,12-11-2021 22:45,1.5,None,88.3,0.5,55.2
12-11-2021 22:45,12-11-2021 23:00,1.3,None,88.2,0.3,166.3
12-11-2021 23:00,12-11-2021 23:15,1.5,None,88.8,0.7,175.9
12-11-2021 23:15,12-11-2021 23:30,1.4,None,88.9,0.3,194.8
12-11-2021 23:30,12-11-2021 23:45,1.5,None,89.1,0.4,208.3
12-11-2021 23:45,13-11-2021 00:00,1.6,None,89.1,0.3,137.4
13-11-2021 00:00,13-11-2021 00:15,1.9,None,89.5,0.2,293.9
13-11-2021 00:15,13-11-2021 00:30,2.4,None,89.2,0.4,269.7
13-11-2021 00:30,13-11-2021 00:45,3.4,None,89.3,0.6,265.2
13-11-2021 00:45,13-11-2021 01:00,4,None,89.4,0.5,254.6
13-11-2021 01:00,13-11-2021 01:15,4.5,None,89.3,0.4,271.9
13-11-2021 01:15,13-11-2021 01:30,6,None,89.5,0.4,224.5
13-11-2021 01:30,13-11-2021 01:45,7,None,89.3,0.5,221
13-11-2021 01:45,13-11-2021 02:00,7.5,None,89,0.5,231.7
13-11-2021 02:00,13-11-2021 02:15,6.9,None,88.9,0.5,264.6
13-11-2021 02:15,13-11-2021 02:30,7.1,None,88.7,0.6,240.5
13-11-2021 02:30,13-11-2021 02:45,7.3,None,88.5,0.6,285.5
13-11-2021 02:45,13-11-2021 03:00,6.7,None,88.7,0.7,273.9
13-11-2021 03:00,13-11-2021 03:15,7,None,88.8,0.6,252.5
13-11-2021 03:15,13-11-2021 03:30,6.4,None,89,0.4,248.8
13-11-2021 03:30,13-11-2021 03:45,6.3,None,88.6,0.8,317
13-11-2021 03:45,13-11-2021 04:00,6.4,None,88.3,0.7,311.3
13-11-2021 04:00,13-11-2021 04:15,6,None,88.5,0.5,290.4
13-11-2021 04:15,13-11-2021 04:30,5.1,None,88.4,0.4,269
13-11-2021 04:30,13-11-2021 04:45,5.2,None,88.4,0.3,231.5
13-11-2021 04:45,13-11-2021 05:00,4.8,None,88.1,0.5,34.3
13-11-2021 05:00,13-11-2021 05:15,4.6,None,88.6,0.3,131
13-11-2021 05:15,13-11-2021 05:30,4.4,None,89,0.4,245.4
13-11-2021 05:30,13-11-2021 05:45,4.1,None,89.1,0.6,261.9
13-11-2021 05:45,13-11-2021 06:00,4.4,None,88.7,1,257.9
13-11-2021 06:00,13-11-2021 06:15,4.3,None,88.2,1,246.2
13-11-2021 06:15,13-11-2021 06:30,4.7,None,88.4,0.8,244.8
13-11-2021 06:30,13-11-2021 06:45,4.4,None,88.6,1,238.3
13-11-2021 06:45,13-11-2021 07:00,4.7,None,88.6,0.8,234.8
13-11-2021 07:00,13-11-2021 07:15,4.5,None,88.6,0.7,230.3
13-11-2021 07:15,13-11-2021 07:30,4.1,None,88.9,0.9,267.3
13-11-2021 07:30,13-11-2021 07:45,4.1,None,89.1,0.8,265.4
13-11-2021 07:45,13-11-2021 08:00,3.9,None,89.3,0.8,267.4
13-11-2021 08:00,13-11-2021 08:15,3.3,None,89.2,0.8,263.8
13-11-2021 08:15,13-11-2021 08:30,3,None,86.6,0.7,270.5
13-11-2021 08:30,13-11-2021 08:45,2.6,None,82.6,0.5,284.2
13-11-2021 08:45,13-11-2021 09:00,2.5,None,78.5,0.7,288.1
13-11-2021 09:00,13-11-2021 09:15,2.2,None,71.7,0.9,287.5
13-11-2021 09:15,13-11-2021 09:30,1.8,None,67,0.7,273.9
13-11-2021 09:30,13-11-2021 09:45,1.4,None,63.2,0.9,282.2
13-11-2021 09:45,13-11-2021 10:00,1.2,None,59.6,0.7,292.5
13-11-2021 10:00,13-11-2021 10:15,1.2,None,58,0.8,318.3
13-11-2021 10:15,13-11-2021 10:30,1.3,None,54.1,0.7,324.1
13-11-2021 10:30,13-11-2021 10:45,1.1,None,52.1,0.6,317.8
13-11-2021 10:45,13-11-2021 11:00,1.1,None,50.3,0.8,317.1
13-11-2021 11:00,13-11-2021 11:15,1.1,None,48,0.7,304.1
13-11-2021 11:15,13-11-2021 11:30,1,None,45.5,0.9,286.6
13-11-2021 11:30,13-11-2021 11:45,0.9,None,43.9,0.7,292.7
13-11-2021 11:45,13-11-2021 12:00,1,None,43.4,0.7,288.6
13-11-2021 12:00,13-11-2021 12:15,0.9,None,42.8,0.7,282.8
13-11-2021 12:15,13-11-2021 12:30,1,None,42.5,0.9,298.5
13-11-2021 12:30,13-11-2021 12:45,0.8,None,42.5,1,312
13-11-2021 12:45,13-11-2021 13:00,0.6,None,41.7,1.1,327.8
13-11-2021 13:00,13-11-2021 13:15,0.7,None,41.6,1,319.4
13-11-2021 13:15,13-11-2021 13:30,0.6,None,42.2,1,298.4
13-11-2021 13:30,13-11-2021 13:45,0.6,None,40.6,0.9,311.1
13-11-2021 13:45,13-11-2021 14:00,0.5,None,38.9,1.4,4.1
13-11-2021 14:00,13-11-2021 14:15,0.5,None,37.1,1.7,10.2
13-11-2021 14:15,13-11-2021 14:30,0.5,None,36.7,1.7,5.7
13-11-2021 14:30,13-11-2021 14:45,0.5,None,37.5,2.1,354.5
13-11-2021 14:45,13-11-2021 15:00,0.3,None,38.1,1.7,356.5
13-11-2021 15:00,13-11-2021 15:15,0.3,None,38,1.8,354.1
13-11-2021 15:15,13-11-2021 15:30,0.2,None,38.7,1.7,351.3
13-11-2021 15:30,13-11-2021 15:45,0.2,None,39.8,1.5,352.5
13-11-2021 15:45,13-11-2021 16:00,0.2,None,42.1,1,346.1
13-11-2021 16:00,13-11-2021 16:15,0.2,None,45.8,0.9,331.2
13-11-2021 16:15,13-11-2021 16:30,0.3,None,48.7,0.8,322
13-11-2021 16:30,13-11-2021 16:45,0.2,None,50.6,0.8,320.3
13-11-2021 16:45,13-11-2021 17:00,0.3,None,53.1,0.8,323.2
13-11-2021 17:00,13-11-2021 17:15,0.4,None,54.2,1,338.8
13-11-2021 17:15,13-11-2021 17:30,0.3,None,56.5,1,327.6
13-11-2021 17:30,13-11-2021 17:45,0.3,None,58.7,0.9,310.4
13-11-2021 17:45,13-11-2021 18:00,0.2,None,60,0.6,343.2
13-11-2021 18:00,13-11-2021 18:15,0.3,None,62.7,0.3,57.8
13-11-2021 18:15,13-11-2021 18:30,0.3,None,64.4,0.5,312.9
13-11-2021 18:30,13-11-2021 18:45,0.5,None,65.8,0.7,337.6
13-11-2021 18:45,13-11-2021 19:00,0.5,None,65.2,0.9,338.9
13-11-2021 19:00,13-11-2021 19:15,0.7,None,66.8,0.9,321.1
13-11-2021 19:15,13-11-2021 19:30,0.5,None,63.2,0.8,345.9
13-11-2021 19:30,13-11-2021 19:45,0.6,None,64.9,0.8,303.1
13-11-2021 19:45,13-11-2021 20:00,0.5,None,65.5,0.4,298.8
13-11-2021 20:00,13-11-2021 20:15,0.6,None,66.1,0.5,329.8
13-11-2021 20:15,13-11-2021 20:30,0.5,None,70.3,0.5,292.9
13-11-2021 20:30,13-11-2021 20:45,0.5,None,70.9,0.4,279.7
13-11-2021 20:45,13-11-2021 21:00,0.7,None,69.7,0.2,333.2
13-11-2021 21:00,13-11-2021 21:15,0.7,None,72.2,0.5,354.2
13-11-2021 21:15,13-11-2021 21:30,0.8,None,74.9,0.2,50.6
13-11-2021 21:30,13-11-2021 21:45,0.8,None,76.4,0.4,247.1
13-11-2021 21:45,13-11-2021 22:00,0.7,None,76.6,0.6,243.8
13-11-2021 22:00,13-11-2021 22:15,0.6,None,77.2,0.4,149
13-11-2021 22:15,13-11-2021 22:30,0.7,None,77.7,0.6,136.7
13-11-2021 22:30,13-11-2021 22:45,0.7,None,78.6,0.5,193.9
13-11-2021 22:45,13-11-2021 23:00,0.7,None,79.4,0.5,143.9
13-11-2021 23:00,13-11-2021 23:15,0.7,None,79,0.4,78.8
13-11-2021 23:15,13-11-2021 23:30,0.8,None,79.8,0.3,184.5
13-11-2021 23:30,13-11-2021 23:45,0.8,None,81.2,0.4,203.8
13-11-2021 23:45,14-11-2021 00:00,0.7,None,82.5,0.8,238.9
14-11-2021 00:00,14-11-2021 00:15,1.1,None,83.3,0.9,242.2
14-11-2021 00:15,14-11-2021 00:30,1,None,83.3,0.8,238.7
14-11-2021 00:30,14-11-2021 00:45,0.9,None,83.3,0.8,251.2
14-11-2021 00:45,14-11-2021 01:00,0.9,None,83.2,0.9,274.1
14-11-2021 01:00,14-11-2021 01:15,0.8,None,82.5,0.6,244.7
14-11-2021 01:15,14-11-2021 01:30,0.8,None,82.8,0.5,237.1
14-11-2021 01:30,14-11-2021 01:45,0.9,None,83.7,0.8,257.9
14-11-2021 01:45,14-11-2021 02:00,0.9,None,84.2,0.8,240.8
14-11-2021 02:00,14-11-2021 02:15,1,None,84.4,0.8,245.7
14-11-2021 02:15,14-11-2021 02:30,0.8,None,83.8,0.9,241.3
14-11-2021 02:30,14-11-2021 02:45,0.9,None,83.2,0.7,242.1
14-11-2021 02:45,14-11-2021 03:00,0.8,None,83.3,0.9,244.5
14-11-2021 03:00,14-11-2021 03:15,0.9,None,83.3,0.9,250.2
14-11-2021 03:15,14-11-2021 03:30,1.1,None,82.7,0.9,247.5
14-11-2021 03:30,14-11-2021 03:45,2.6,None,82.2,0.8,246.8
14-11-2021 03:45,14-11-2021 04:00,3.3,None,82.7,0.9,251
14-11-2021 04:00,14-11-2021 04:15,3.4,None,82.9,0.8,228.6
14-11-2021 04:15,14-11-2021 04:30,3.7,None,81.7,0.8,233
14-11-2021 04:30,14-11-2021 04:45,3.8,None,81.8,0.5,251.5
14-11-2021 04:45,14-11-2021 05:00,4.8,None,82.4,0.7,264.1
14-11-2021 05:00,14-11-2021 05:15,4.8,None,83,0.7,259.3
14-11-2021 05:15,14-11-2021 05:30,4.8,None,83,0.9,249.5
14-11-2021 05:30,14-11-2021 05:45,4.8,None,82.9,0.8,243.7
14-11-2021 05:45,14-11-2021 06:00,4.9,None,83.6,0.9,251.5
14-11-2021 06:00,14-11-2021 06:15,4.7,None,83.9,0.8,258.1
14-11-2021 06:15,14-11-2021 06:30,4.5,None,85,0.9,268.7
14-11-2021 06:30,14-11-2021 06:45,4.2,None,84.2,0.8,268.3
14-11-2021 06:45,14-11-2021 07:00,3.9,None,83.9,0.9,271.7
14-11-2021 07:00,14-11-2021 07:15,3.6,None,84.9,0.9,244.4
14-11-2021 07:15,14-11-2021 07:30,3.6,None,84.2,0.9,235.6
14-11-2021 07:30,14-11-2021 07:45,3.6,None,81.6,0.8,239.7
14-11-2021 07:45,14-11-2021 08:00,3.9,None,79.4,0.7,235.1
14-11-2021 08:00,14-11-2021 08:15,4.2,None,75.4,0.8,260.5
14-11-2021 08:15,14-11-2021 08:30,4.1,None,71,None,149.1
14-11-2021 08:30,14-11-2021 08:45,3.7,None,68.5,0.7,256.8
14-11-2021 08:45,14-11-2021 09:00,2.9,None,64,1,255.9
14-11-2021 09:00,14-11-2021 09:15,2.7,None,59.9,0.9,257.9
14-11-2021 09:15,14-11-2021 09:30,1.8,None,56.6,0.4,280
14-11-2021 09:30,14-11-2021 09:45,1.4,None,54,0.9,270.5
14-11-2021 09:45,14-11-2021 10:00,1.2,None,52.8,0.6,281.1
14-11-2021 10:00,14-11-2021 10:15,1.1,None,51.1,0.5,275.8
14-11-2021 10:15,14-11-2021 10:30,1.1,None,49.6,0.5,290.3
14-11-2021 10:30,14-11-2021 10:45,0.9,None,47.1,0.5,286.5
14-11-2021 10:45,14-11-2021 11:00,0.8,None,46.4,0.6,266.7
14-11-2021 11:00,14-11-2021 11:15,0.7,None,45.2,0.5,260
14-11-2021 11:15,14-11-2021 11:30,0.8,None,43.7,0.4,296.3
14-11-2021 11:30,14-11-2021 11:45,0.6,None,43.4,0.3,295.9
14-11-2021 11:45,14-11-2021 12:00,0.6,None,42.5,0.4,279.1
14-11-2021 12:00,14-11-2021 12:15,0.6,None,41.9,0.4,333.7
14-11-2021 12:15,14-11-2021 12:30,0.5,None,41.5,0.5,355.4
14-11-2021 12:30,14-11-2021 12:45,0.5,None,41.1,0.6,314.2
14-11-2021 12:45,14-11-2021 13:00,0.4,None,40.6,0.6,330
14-11-2021 13:00,14-11-2021 13:15,0.4,None,40.1,0.5,306.9
14-11-2021 13:15,14-11-2021 13:30,0.4,None,38.9,0.8,337.8
14-11-2021 13:30,14-11-2021 13:45,0.4,None,39.4,0.6,295.8
14-11-2021 13:45,14-11-2021 14:00,0.3,None,38.3,1,10.3
14-11-2021 14:00,14-11-2021 14:15,0.4,None,37.5,1.2,9.9
14-11-2021 14:15,14-11-2021 14:30,0.3,None,36.6,0.9,355.4
14-11-2021 14:30,14-11-2021 14:45,0.2,None,38.6,0.7,3.1
14-11-2021 14:45,14-11-2021 15:00,0.2,None,38.9,1.3,7.1
14-11-2021 15:00,14-11-2021 15:15,0.2,None,39,1.2,30
14-11-2021 15:15,14-11-2021 15:30,0.3,None,39.5,1.1,30.8
14-11-2021 15:30,14-11-2021 15:45,0.3,None,40.8,0.9,29.4
14-11-2021 15:45,14-11-2021 16:00,0.3,None,41.5,0.9,28.6
14-11-2021 16:00,14-11-2021 16:15,0.3,None,43.7,0.8,29.6
14-11-2021 16:15,14-11-2021 16:30,0.3,None,46.3,0.1,51.2
14-11-2021 16:30,14-11-2021 16:45,0.3,None,50.4,0.1,246.8
14-11-2021 16:45,14-11-2021 17:00,0.3,None,55.6,0.5,231.8
14-11-2021 17:00,14-11-2021 17:15,0.4,None,58.9,0.7,246.4
14-11-2021 17:15,14-11-2021 17:30,0.4,None,59.8,0.5,191.6
14-11-2021 17:30,14-11-2021 17:45,0.3,None,63.4,0.5,191.7
14-11-2021 17:45,14-11-2021 17:59,0.4,None,63.6,0.2,209.3